time, ball_x, ball_y, lever_angle
1.376891136169433594e-02, 6.000000000000000000e+02, 3.030000000000000000e+02, -2.434734306532089665e+00
1.117486953735351562e-01, 6.000000000000000000e+02, 3.020000000000000000e+02, -3.141592653589793307e-03
1.510038375854492188e-01, 6.000000000000000000e+02, 3.060000000000000000e+02, -3.141592653589793307e-03
1.797368526458740234e-01, 5.990000000000000000e+02, 3.070000000000000000e+02, 1.727875959474385950e-02
2.093129158020019531e-01, 5.990000000000000000e+02, 3.070000000000000000e+02, 9.581857593448868393e-02
2.398409843444824219e-01, 5.990000000000000000e+02, 3.070000000000000000e+02, 9.424777960769378793e-02
2.717959880828857422e-01, 5.980000000000000000e+02, 3.090000000000000000e+02, 8.953539062730911380e-02
3.039066791534423828e-01, 5.950000000000000000e+02, 3.090000000000000000e+02, 8.639379797371930791e-02
3.356359004974365234e-01, 5.900000000000000000e+02, 3.100000000000000000e+02, 8.639379797371930791e-02
3.677666187286376953e-01, 5.820000000000000000e+02, 3.100000000000000000e+02, 8.639379797371930791e-02
4.002847671508789062e-01, 5.730000000000000000e+02, 3.100000000000000000e+02, 8.639379797371930791e-02
4.474999904632568359e-01, 5.670000000000000000e+02, 3.120000000000000000e+02, 8.639379797371930791e-02
4.800088405609130859e-01, 5.480000000000000000e+02, 3.130000000000000000e+02, 8.639379797371930791e-02
5.118148326873779297e-01, 5.320000000000000000e+02, 3.140000000000000000e+02, 8.639379797371930791e-02
5.438568592071533203e-01, 5.150000000000000000e+02, 3.150000000000000000e+02, 8.639379797371930791e-02
5.761406421661376953e-01, 4.940000000000000000e+02, 3.160000000000000000e+02, 8.796459430051420392e-02
6.081337928771972656e-01, 4.720000000000000000e+02, 3.170000000000000000e+02, 1.115265392024376440e-01
6.395866870880126953e-01, 4.470000000000000000e+02, 3.180000000000000000e+02, 1.225221134900019299e-01
6.714468002319335938e-01, 4.190000000000000000e+02, 3.240000000000000000e+02, 1.240929098167968259e-01
7.040367126464843750e-01, 3.900000000000000000e+02, 3.300000000000000000e+02, 1.240929098167968259e-01
7.352697849273681641e-01, 3.600000000000000000e+02, 3.340000000000000000e+02, 1.240929098167968259e-01
7.679538726806640625e-01, 3.300000000000000000e+02, 3.360000000000000000e+02, 1.240929098167968259e-01
8.046929836273193359e-01, 2.960000000000000000e+02, 3.380000000000000000e+02, 1.240929098167968259e-01
8.324279785156250000e-01, 2.570000000000000000e+02, 3.410000000000000000e+02, 1.256637061435917357e-01
8.643028736114501953e-01, 2.590000000000000000e+02, 3.400000000000000000e+02, 1.665044106402590318e-01
8.958508968353271484e-01, 2.550000000000000000e+02, 3.400000000000000000e+02, 1.869247628885926937e-01
9.275767803192138672e-01, 2.560000000000000000e+02, 3.550000000000000000e+02, 1.916371518689773679e-01
9.599418640136718750e-01, 2.540000000000000000e+02, 3.630000000000000000e+02, 1.916371518689773679e-01
9.920959472656250000e-01, 2.530000000000000000e+02, 3.650000000000000000e+02, 1.916371518689773679e-01
1.023876667022705078e+00, 2.530000000000000000e+02, 3.660000000000000000e+02, 1.916371518689773679e-01
1.056103944778442383e+00, 2.530000000000000000e+02, 3.660000000000000000e+02, 1.916371518689773679e-01
1.087834835052490234e+00, 2.540000000000000000e+02, 3.650000000000000000e+02, 1.916371518689773679e-01
1.119953870773315430e+00, 2.540000000000000000e+02, 3.650000000000000000e+02, 1.916371518689773679e-01
1.152056694030761719e+00, 2.540000000000000000e+02, 3.650000000000000000e+02, 1.916371518689773679e-01
1.183746814727783203e+00, 2.530000000000000000e+02, 3.650000000000000000e+02, 1.916371518689773679e-01
1.216835737228393555e+00, 2.530000000000000000e+02, 3.650000000000000000e+02, 2.010619298297467716e-01
1.247836828231811523e+00, 2.520000000000000000e+02, 3.650000000000000000e+02, 2.921681167838507398e-01
1.279778718948364258e+00, 2.530000000000000000e+02, 3.660000000000000000e+02, 3.361504139341078834e-01
1.311482906341552734e+00, 2.540000000000000000e+02, 3.900000000000000000e+02, 3.440043955680823218e-01
1.343686819076538086e+00, 2.560000000000000000e+02, 4.180000000000000000e+02, 3.440043955680823218e-01
1.375839948654174805e+00, 2.550000000000000000e+02, 4.200000000000000000e+02, 3.440043955680823218e-01
1.407606840133666992e+00, 2.550000000000000000e+02, 4.210000000000000000e+02, 3.440043955680823218e-01
1.439826965332031250e+00, 2.560000000000000000e+02, 4.210000000000000000e+02, 3.440043955680823218e-01
1.471551895141601562e+00, 2.550000000000000000e+02, 4.210000000000000000e+02, 3.440043955680823218e-01
1.504001617431640625e+00, 2.560000000000000000e+02, 4.210000000000000000e+02, 3.440043955680823218e-01
1.535637855529785156e+00, 2.560000000000000000e+02, 4.200000000000000000e+02, 3.440043955680823218e-01
1.567626953125000000e+00, 2.560000000000000000e+02, 4.210000000000000000e+02, 3.440043955680823218e-01
1.599581956863403320e+00, 2.550000000000000000e+02, 4.200000000000000000e+02, 3.440043955680823218e-01
1.631702661514282227e+00, 2.550000000000000000e+02, 4.210000000000000000e+02, 3.440043955680823218e-01
1.663503885269165039e+00, 2.550000000000000000e+02, 4.200000000000000000e+02, 3.440043955680823218e-01
1.695801734924316406e+00, 2.560000000000000000e+02, 4.200000000000000000e+02, 3.440043955680823218e-01
1.727756023406982422e+00, 2.560000000000000000e+02, 4.210000000000000000e+02, 3.440043955680823218e-01
1.759559869766235352e+00, 2.560000000000000000e+02, 4.200000000000000000e+02, 3.440043955680823218e-01
1.792109727859497070e+00, 2.550000000000000000e+02, 4.200000000000000000e+02, 3.440043955680823218e-01
1.824131727218627930e+00, 2.560000000000000000e+02, 4.210000000000000000e+02, 3.471459882216721415e-01
1.856892824172973633e+00, 2.560000000000000000e+02, 4.210000000000000000e+02, 4.178318229274425311e-01
1.887636899948120117e+00, 2.560000000000000000e+02, 4.230000000000000000e+02, 4.539601384437250697e-01
1.919821739196777344e+00, 2.590000000000000000e+02, 4.510000000000000000e+02, 4.602433237509046537e-01
1.951854705810546875e+00, 2.620000000000000000e+02, 4.640000000000000000e+02, 4.602433237509046537e-01
1.983882904052734375e+00, 2.610000000000000000e+02, 4.630000000000000000e+02, 4.602433237509046537e-01
2.016005754470825195e+00, 2.620000000000000000e+02, 4.630000000000000000e+02, 4.649557127312893834e-01
2.047755002975463867e+00, 2.610000000000000000e+02, 4.630000000000000000e+02, 5.183627878423159308e-01
2.079687833786010742e+00, 2.610000000000000000e+02, 4.640000000000000000e+02, 5.482079180514188854e-01
2.111611843109130859e+00, 2.660000000000000000e+02, 4.840000000000000000e+02, 5.529203070318035040e-01
2.143700838088989258e+00, 2.690000000000000000e+02, 4.950000000000000000e+02, 5.529203070318035040e-01
2.175807952880859375e+00, 2.690000000000000000e+02, 4.960000000000000000e+02, 5.529203070318035040e-01
2.207727670669555664e+00, 2.690000000000000000e+02, 4.970000000000000000e+02, 5.529203070318035040e-01
2.239743947982788086e+00, 2.690000000000000000e+02, 4.970000000000000000e+02, 5.529203070318035040e-01
2.271822690963745117e+00, 2.690000000000000000e+02, 4.970000000000000000e+02, 5.529203070318035040e-01
2.303684711456298828e+00, 2.690000000000000000e+02, 4.960000000000000000e+02, 5.529203070318035040e-01
2.336034774780273438e+00, 2.690000000000000000e+02, 4.960000000000000000e+02, 5.529203070318035040e-01
2.367767810821533203e+00, 2.700000000000000000e+02, 4.970000000000000000e+02, 5.529203070318035040e-01
2.399574041366577148e+00, 2.690000000000000000e+02, 4.970000000000000000e+02, 5.529203070318035040e-01
2.431532621383666992e+00, 2.680000000000000000e+02, 4.970000000000000000e+02, 5.529203070318035040e-01
2.463610887527465820e+00, 2.700000000000000000e+02, 4.970000000000000000e+02, 5.529203070318035040e-01
2.495685815811157227e+00, 2.680000000000000000e+02, 4.970000000000000000e+02, 5.529203070318035040e-01
2.527669906616210938e+00, 2.690000000000000000e+02, 4.970000000000000000e+02, 5.529203070318035040e-01
2.559665918350219727e+00, 2.690000000000000000e+02, 4.970000000000000000e+02, 5.529203070318035040e-01
2.591716766357421875e+00, 2.690000000000000000e+02, 4.970000000000000000e+02, 5.529203070318035040e-01
2.624001026153564453e+00, 2.690000000000000000e+02, 4.960000000000000000e+02, 5.529203070318035040e-01
2.655586719512939453e+00, 2.680000000000000000e+02, 4.970000000000000000e+02, 5.529203070318035040e-01
2.688152790069580078e+00, 2.690000000000000000e+02, 4.960000000000000000e+02, 5.529203070318035040e-01
2.719987869262695312e+00, 2.680000000000000000e+02, 4.970000000000000000e+02, 5.544911033585984139e-01
2.751819849014282227e+00, 2.680000000000000000e+02, 4.970000000000000000e+02, 5.529203070318035040e-01
2.783909797668457031e+00, 2.690000000000000000e+02, 4.970000000000000000e+02, 5.529203070318035040e-01
2.816083908081054688e+00, 2.690000000000000000e+02, 4.970000000000000000e+02, 5.513495107050087052e-01
2.847663879394531250e+00, 2.690000000000000000e+02, 4.970000000000000000e+02, 5.199335841691108406e-01
2.879649639129638672e+00, 2.690000000000000000e+02, 4.960000000000000000e+02, 5.026548245743669430e-01
2.911831617355346680e+00, 2.690000000000000000e+02, 4.900000000000000000e+02, 5.010840282475720331e-01
2.943847894668579102e+00, 2.670000000000000000e+02, 4.850000000000000000e+02, 5.010840282475720331e-01
2.976017713546752930e+00, 2.660000000000000000e+02, 4.840000000000000000e+02, 5.010840282475720331e-01
3.007713794708251953e+00, 2.670000000000000000e+02, 4.840000000000000000e+02, 5.010840282475720331e-01
3.039924860000610352e+00, 2.660000000000000000e+02, 4.840000000000000000e+02, 5.010840282475720331e-01
3.071818828582763672e+00, 2.660000000000000000e+02, 4.840000000000000000e+02, 5.010840282475720331e-01
3.103596687316894531e+00, 2.660000000000000000e+02, 4.840000000000000000e+02, 5.010840282475720331e-01
3.135650634765625000e+00, 2.660000000000000000e+02, 4.840000000000000000e+02, 5.010840282475720331e-01
3.168050765991210938e+00, 2.660000000000000000e+02, 4.830000000000000000e+02, 5.010840282475720331e-01
3.199597835540771484e+00, 2.660000000000000000e+02, 4.840000000000000000e+02, 5.010840282475720331e-01
3.231700897216796875e+00, 2.670000000000000000e+02, 4.830000000000000000e+02, 5.010840282475720331e-01
3.263531923294067383e+00, 2.670000000000000000e+02, 4.840000000000000000e+02, 5.010840282475720331e-01
3.295584917068481445e+00, 2.670000000000000000e+02, 4.840000000000000000e+02, 5.010840282475720331e-01
3.327705860137939453e+00, 2.660000000000000000e+02, 4.840000000000000000e+02, 5.010840282475720331e-01
3.359661817550659180e+00, 2.670000000000000000e+02, 4.830000000000000000e+02, 5.010840282475720331e-01
3.391508817672729492e+00, 2.650000000000000000e+02, 4.840000000000000000e+02, 5.010840282475720331e-01
3.423615932464599609e+00, 2.660000000000000000e+02, 4.830000000000000000e+02, 5.010840282475720331e-01
3.455597639083862305e+00, 2.660000000000000000e+02, 4.840000000000000000e+02, 5.010840282475720331e-01
3.487776994705200195e+00, 2.650000000000000000e+02, 4.840000000000000000e+02, 5.010840282475720331e-01
3.520108699798583984e+00, 2.670000000000000000e+02, 4.830000000000000000e+02, 5.010840282475720331e-01
3.551515817642211914e+00, 2.660000000000000000e+02, 4.840000000000000000e+02, 5.010840282475720331e-01
3.583712816238403320e+00, 2.660000000000000000e+02, 4.840000000000000000e+02, 5.010840282475720331e-01
3.616011857986450195e+00, 2.670000000000000000e+02, 4.840000000000000000e+02, 5.152211951887261110e-01
3.647367954254150391e+00, 2.660000000000000000e+02, 4.840000000000000000e+02, 7.052875507309085412e-01
3.679725646972656250e+00, 2.660000000000000000e+02, 4.840000000000000000e+02, 8.576547944300135784e-01
3.711463928222656250e+00, 2.720000000000000000e+02, 5.060000000000000000e+02, 8.937831099462960616e-01
3.743765830993652344e+00, 2.920000000000000000e+02, 5.570000000000000000e+02, 9.000662952534757011e-01
3.775738716125488281e+00, 3.250000000000000000e+02, 6.120000000000000000e+02, 8.984954989266807912e-01
3.807422876358032227e+00, 3.270000000000000000e+02, 6.140000000000000000e+02, 8.984954989266807912e-01
3.839731931686401367e+00, 3.280000000000000000e+02, 6.170000000000000000e+02, 9.000662952534757011e-01
3.871725797653198242e+00, 3.280000000000000000e+02, 6.160000000000000000e+02, 8.984954989266807912e-01
3.903708934783935547e+00, 3.280000000000000000e+02, 6.170000000000000000e+02, 8.984954989266807912e-01
3.935702800750732422e+00, 3.280000000000000000e+02, 6.160000000000000000e+02, 8.984954989266807912e-01
3.967492818832397461e+00, 3.280000000000000000e+02, 6.160000000000000000e+02, 8.984954989266807912e-01
3.999614953994750977e+00, 3.270000000000000000e+02, 6.170000000000000000e+02, 9.000662952534757011e-01
4.031471729278564453e+00, 3.290000000000000000e+02, 6.170000000000000000e+02, 8.984954989266807912e-01
4.063577651977539062e+00, 3.280000000000000000e+02, 6.170000000000000000e+02, 8.984954989266807912e-01
4.095539808273315430e+00, 3.280000000000000000e+02, 6.170000000000000000e+02, 8.984954989266807912e-01
4.127898693084716797e+00, 3.280000000000000000e+02, 6.170000000000000000e+02, 8.984954989266807912e-01
4.159459829330444336e+00, 3.280000000000000000e+02, 6.170000000000000000e+02, 8.984954989266807912e-01
4.191756725311279297e+00, 3.280000000000000000e+02, 6.160000000000000000e+02, 8.984954989266807912e-01
4.223600864410400391e+00, 3.280000000000000000e+02, 6.160000000000000000e+02, 8.984954989266807912e-01
4.255714654922485352e+00, 3.280000000000000000e+02, 6.170000000000000000e+02, 8.984954989266807912e-01
4.287797927856445312e+00, 3.290000000000000000e+02, 6.180000000000000000e+02, 8.984954989266807912e-01
4.319667816162109375e+00, 3.280000000000000000e+02, 6.170000000000000000e+02, 8.984954989266807912e-01
4.351523637771606445e+00, 3.280000000000000000e+02, 6.170000000000000000e+02, 8.984954989266807912e-01
4.383448839187622070e+00, 3.280000000000000000e+02, 6.160000000000000000e+02, 8.984954989266807912e-01
4.416932821273803711e+00, 3.280000000000000000e+02, 6.160000000000000000e+02, 8.859291283123216232e-01
4.447841644287109375e+00, 3.280000000000000000e+02, 6.170000000000000000e+02, 7.037167544041136313e-01
4.479410886764526367e+00, 3.260000000000000000e+02, 6.150000000000000000e+02, 4.743804906920587316e-01
4.511901855468750000e+00, 2.830000000000000000e+02, 5.400000000000000000e+02, 2.419026343264140677e-01
4.542894840240478516e+00, 2.620000000000000000e+02, 4.690000000000000000e+02, 9.424777960769378793e-02
4.575506925582885742e+00, 2.530000000000000000e+02, 3.860000000000000000e+02, 5.654866776461626998e-02
4.607417821884155273e+00, 2.590000000000000000e+02, 3.250000000000000000e+02, 5.654866776461626998e-02
4.639378786087036133e+00, 2.680000000000000000e+02, 3.020000000000000000e+02, 5.654866776461626998e-02
4.671450853347778320e+00, 2.740000000000000000e+02, 3.130000000000000000e+02, 5.654866776461626998e-02
4.703657865524291992e+00, 2.770000000000000000e+02, 3.220000000000000000e+02, 5.654866776461626998e-02
4.735576629638671875e+00, 2.760000000000000000e+02, 3.230000000000000000e+02, 5.654866776461626998e-02
4.767871856689453125e+00, 2.760000000000000000e+02, 3.240000000000000000e+02, 5.654866776461626998e-02
4.799373626708984375e+00, 2.740000000000000000e+02, 3.240000000000000000e+02, 5.654866776461626998e-02
4.831475973129272461e+00, 2.730000000000000000e+02, 3.240000000000000000e+02, 5.497787143782138786e-02
4.863377809524536133e+00, 2.680000000000000000e+02, 3.230000000000000000e+02, 5.654866776461626998e-02
4.895733833312988281e+00, 2.620000000000000000e+02, 3.230000000000000000e+02, 5.654866776461626998e-02
4.927573919296264648e+00, 2.600000000000000000e+02, 3.240000000000000000e+02, 5.654866776461626998e-02
4.959312915802001953e+00, 2.600000000000000000e+02, 3.230000000000000000e+02, 5.654866776461626998e-02
4.991795778274536133e+00, 2.610000000000000000e+02, 3.230000000000000000e+02, 5.654866776461626998e-02
5.023500680923461914e+00, 2.620000000000000000e+02, 3.220000000000000000e+02, 5.654866776461626998e-02
5.055914878845214844e+00, 2.620000000000000000e+02, 3.230000000000000000e+02, 5.654866776461626998e-02
5.087934970855712891e+00, 2.610000000000000000e+02, 3.220000000000000000e+02, 5.497787143782138786e-02
5.119496822357177734e+00, 2.610000000000000000e+02, 3.230000000000000000e+02, 5.654866776461626998e-02
5.151659011840820312e+00, 2.610000000000000000e+02, 3.230000000000000000e+02, 5.654866776461626998e-02
5.183667898178100586e+00, 2.620000000000000000e+02, 3.220000000000000000e+02, 5.654866776461626998e-02
5.215734958648681641e+00, 2.620000000000000000e+02, 3.230000000000000000e+02, 6.283185307179586787e-02
5.247553586959838867e+00, 2.620000000000000000e+02, 3.230000000000000000e+02, 2.136283004441059397e-01
5.279489040374755859e+00, 2.620000000000000000e+02, 3.220000000000000000e+02, 2.937389131106456497e-01
5.311609745025634766e+00, 2.610000000000000000e+02, 3.400000000000000000e+02, 3.110176727053895473e-01
5.343561887741088867e+00, 2.580000000000000000e+02, 3.920000000000000000e+02, 3.125884690321844572e-01
5.375836849212646484e+00, 2.580000000000000000e+02, 4.080000000000000000e+02, 3.125884690321844572e-01
5.407390832901000977e+00, 2.550000000000000000e+02, 4.110000000000000000e+02, 3.125884690321844572e-01
5.439646959304809570e+00, 2.550000000000000000e+02, 4.110000000000000000e+02, 3.125884690321844572e-01
5.471349954605102539e+00, 2.540000000000000000e+02, 4.110000000000000000e+02, 3.125884690321844572e-01
5.503578901290893555e+00, 2.540000000000000000e+02, 4.110000000000000000e+02, 3.125884690321844572e-01
5.535326957702636719e+00, 2.540000000000000000e+02, 4.100000000000000000e+02, 3.125884690321844572e-01
5.567332744598388672e+00, 2.550000000000000000e+02, 4.110000000000000000e+02, 3.125884690321844572e-01
5.599343776702880859e+00, 2.550000000000000000e+02, 4.120000000000000000e+02, 3.125884690321844572e-01
5.631385803222656250e+00, 2.550000000000000000e+02, 4.120000000000000000e+02, 3.125884690321844572e-01
5.663575649261474609e+00, 2.540000000000000000e+02, 4.110000000000000000e+02, 3.125884690321844572e-01
5.695456981658935547e+00, 2.550000000000000000e+02, 4.110000000000000000e+02, 3.125884690321844572e-01
5.727641820907592773e+00, 2.550000000000000000e+02, 4.120000000000000000e+02, 3.125884690321844572e-01
5.759552001953125000e+00, 2.540000000000000000e+02, 4.120000000000000000e+02, 3.125884690321844572e-01
5.791512727737426758e+00, 2.540000000000000000e+02, 4.120000000000000000e+02, 3.125884690321844572e-01
5.823450803756713867e+00, 2.540000000000000000e+02, 4.110000000000000000e+02, 3.125884690321844572e-01
5.855636835098266602e+00, 2.540000000000000000e+02, 4.120000000000000000e+02, 3.125884690321844572e-01
5.887660026550292969e+00, 2.540000000000000000e+02, 4.110000000000000000e+02, 3.125884690321844572e-01
5.919500827789306641e+00, 2.540000000000000000e+02, 4.110000000000000000e+02, 3.125884690321844572e-01
5.951405763626098633e+00, 2.530000000000000000e+02, 4.110000000000000000e+02, 3.125884690321844572e-01
5.983479738235473633e+00, 2.540000000000000000e+02, 4.120000000000000000e+02, 3.125884690321844572e-01
6.015949726104736328e+00, 2.540000000000000000e+02, 4.110000000000000000e+02, 3.015928947446201436e-01
6.047399759292602539e+00, 2.540000000000000000e+02, 4.110000000000000000e+02, 1.225221134900019299e-01
6.079505920410156250e+00, 2.540000000000000000e+02, 4.110000000000000000e+02, -1.021017612416682818e-01
6.111613750457763672e+00, 2.570000000000000000e+02, 3.430000000000000000e+02, -3.251548396465435697e-01
6.143577814102172852e+00, 2.740000000000000000e+02, 2.670000000000000000e+02, -5.183627878423159308e-01
6.175099849700927734e+00, 3.100000000000000000e+02, 1.960000000000000000e+02, -5.874778262212912994e-01
6.207465887069702148e+00, 3.540000000000000000e+02, 1.400000000000000000e+02, -5.953318078552658488e-01
6.239660739898681641e+00, 4.020000000000000000e+02, 1.100000000000000000e+02, -5.953318078552658488e-01
6.271607637405395508e+00, 4.520000000000000000e+02, 1.130000000000000000e+02, -5.953318078552658488e-01
6.303121805191040039e+00, 5.030000000000000000e+02, 1.490000000000000000e+02, -5.969026041820606476e-01
6.335237741470336914e+00, 5.520000000000000000e+02, 2.250000000000000000e+02, -5.969026041820606476e-01
6.367097854614257812e+00, 6.210000000000000000e+02, 2.810000000000000000e+02, -5.969026041820606476e-01
6.399570941925048828e+00, 7.000000000000000000e+02, 3.390000000000000000e+02, -5.969026041820606476e-01
6.431386709213256836e+00, 7.450000000000000000e+02, 3.670000000000000000e+02, -5.969026041820606476e-01
6.463284969329833984e+00, 8.480000000000000000e+02, 4.330000000000000000e+02, -5.969026041820606476e-01
6.495302915573120117e+00, 9.620000000000000000e+02, 5.030000000000000000e+02, -5.969026041820606476e-01
6.527362823486328125e+00, 9.330000000000000000e+02, 4.870000000000000000e+02, -5.969026041820606476e-01
6.559116601943969727e+00, 9.160000000000000000e+02, 4.760000000000000000e+02, -5.969026041820606476e-01
6.591526746749877930e+00, 9.200000000000000000e+02, 4.770000000000000000e+02, -5.969026041820606476e-01
6.623401880264282227e+00, 9.360000000000000000e+02, 4.890000000000000000e+02, -5.969026041820606476e-01
6.655352830886840820e+00, 9.660000000000000000e+02, 5.070000000000000000e+02, -5.969026041820606476e-01
6.687284946441650391e+00, 9.720000000000000000e+02, 5.140000000000000000e+02, -5.969026041820606476e-01
6.719547748565673828e+00, 9.790000000000000000e+02, 5.170000000000000000e+02, -5.969026041820606476e-01
6.751711845397949219e+00, 9.800000000000000000e+02, 5.180000000000000000e+02, -5.969026041820606476e-01
6.783631801605224609e+00, 9.790000000000000000e+02, 5.180000000000000000e+02, -5.969026041820606476e-01
6.816255807876586914e+00, 9.770000000000000000e+02, 5.150000000000000000e+02, -5.984734005088555575e-01
6.848695039749145508e+00, 9.790000000000000000e+02, 5.170000000000000000e+02, -6.188937527571892749e-01
6.879279851913452148e+00, 9.730000000000000000e+02, 5.110000000000000000e+02, -6.000441968356504674e-01
6.912012815475463867e+00, 9.750000000000000000e+02, 5.250000000000000000e+02, -5.937610115284709389e-01
6.943090915679931641e+00, 9.690000000000000000e+02, 5.180000000000000000e+02, -5.906194188748811191e-01
6.975450754165649414e+00, 9.750000000000000000e+02, 5.250000000000000000e+02, -5.906194188748811191e-01
7.007529973983764648e+00, 9.740000000000000000e+02, 5.230000000000000000e+02, -5.906194188748811191e-01
7.039391994476318359e+00, 9.740000000000000000e+02, 5.240000000000000000e+02, -5.906194188748811191e-01
7.071390867233276367e+00, 9.750000000000000000e+02, 5.240000000000000000e+02, -5.906194188748811191e-01
7.103771924972534180e+00, 9.760000000000000000e+02, 5.260000000000000000e+02, -5.906194188748811191e-01
7.135793924331665039e+00, 9.770000000000000000e+02, 5.270000000000000000e+02, -5.906194188748811191e-01
7.167315959930419922e+00, 9.760000000000000000e+02, 5.260000000000000000e+02, -5.906194188748811191e-01
7.199710845947265625e+00, 9.740000000000000000e+02, 5.250000000000000000e+02, -5.906194188748811191e-01
7.231467962265014648e+00, 9.760000000000000000e+02, 5.260000000000000000e+02, -5.906194188748811191e-01
7.263852596282958984e+00, 9.770000000000000000e+02, 5.260000000000000000e+02, -5.906194188748811191e-01
7.295514822006225586e+00, 9.770000000000000000e+02, 5.250000000000000000e+02, -5.906194188748811191e-01
7.327601909637451172e+00, 9.770000000000000000e+02, 5.270000000000000000e+02, -5.906194188748811191e-01
7.359447717666625977e+00, 9.760000000000000000e+02, 5.260000000000000000e+02, -5.906194188748811191e-01
7.391388893127441406e+00, 9.710000000000000000e+02, 5.180000000000000000e+02, -5.906194188748811191e-01
7.423477888107299805e+00, 9.760000000000000000e+02, 5.250000000000000000e+02, -5.906194188748811191e-01
7.455646991729736328e+00, 9.770000000000000000e+02, 5.260000000000000000e+02, -5.906194188748811191e-01
7.487740755081176758e+00, 9.760000000000000000e+02, 5.240000000000000000e+02, -5.906194188748811191e-01
7.519501686096191406e+00, 9.700000000000000000e+02, 5.180000000000000000e+02, -5.906194188748811191e-01
7.551705837249755859e+00, 9.750000000000000000e+02, 5.240000000000000000e+02, -5.906194188748811191e-01
7.583678960800170898e+00, 9.740000000000000000e+02, 5.220000000000000000e+02, -5.906194188748811191e-01
7.616219758987426758e+00, 9.760000000000000000e+02, 5.250000000000000000e+02, -5.859070298944963895e-01
7.647462844848632812e+00, 9.750000000000000000e+02, 5.250000000000000000e+02, -4.445353604829556660e-01
7.679650783538818359e+00, 9.750000000000000000e+02, 5.240000000000000000e+02, -3.597123588360313096e-01
7.711287021636962891e+00, 9.950000000000000000e+02, 4.580000000000000000e+02, -3.440043955680823218e-01
7.743434906005859375e+00, 1.002000000000000000e+03, 3.940000000000000000e+02, -3.440043955680823218e-01
7.775375843048095703e+00, 9.960000000000000000e+02, 3.650000000000000000e+02, -3.440043955680823218e-01
7.806852817535400391e+00, 9.980000000000000000e+02, 3.740000000000000000e+02, -3.440043955680823218e-01
7.839454889297485352e+00, 9.980000000000000000e+02, 4.230000000000000000e+02, -3.440043955680823218e-01
7.871358871459960938e+00, 9.960000000000000000e+02, 4.320000000000000000e+02, -3.440043955680823218e-01
7.903720855712890625e+00, 9.970000000000000000e+02, 4.320000000000000000e+02, -3.440043955680823218e-01
7.935535669326782227e+00, 9.980000000000000000e+02, 4.320000000000000000e+02, -3.440043955680823218e-01
7.967308044433593750e+00, 9.990000000000000000e+02, 4.330000000000000000e+02, -3.440043955680823218e-01
7.999228954315185547e+00, 9.990000000000000000e+02, 4.330000000000000000e+02, -3.440043955680823218e-01
8.031407833099365234e+00, 9.990000000000000000e+02, 4.330000000000000000e+02, -3.440043955680823218e-01
8.063497781753540039e+00, 9.980000000000000000e+02, 4.330000000000000000e+02, -3.440043955680823218e-01
8.095604896545410156e+00, 9.990000000000000000e+02, 4.320000000000000000e+02, -3.440043955680823218e-01
8.127307891845703125e+00, 9.970000000000000000e+02, 4.320000000000000000e+02, -3.440043955680823218e-01
8.159357786178588867e+00, 9.980000000000000000e+02, 4.330000000000000000e+02, -3.440043955680823218e-01
8.191185712814331055e+00, 9.990000000000000000e+02, 4.330000000000000000e+02, -3.440043955680823218e-01
8.223594903945922852e+00, 9.960000000000000000e+02, 4.320000000000000000e+02, -3.440043955680823218e-01
8.255372762680053711e+00, 1.000000000000000000e+03, 4.330000000000000000e+02, -3.440043955680823218e-01
8.287420749664306641e+00, 9.990000000000000000e+02, 4.320000000000000000e+02, -3.440043955680823218e-01
8.319093942642211914e+00, 9.990000000000000000e+02, 4.330000000000000000e+02, -3.440043955680823218e-01
8.351431846618652344e+00, 9.990000000000000000e+02, 4.330000000000000000e+02, -3.440043955680823218e-01
8.383504867553710938e+00, 1.000000000000000000e+03, 4.330000000000000000e+02, -3.440043955680823218e-01
8.416298866271972656e+00, 1.000000000000000000e+03, 4.320000000000000000e+02, -3.440043955680823218e-01
8.448342800140380859e+00, 9.970000000000000000e+02, 4.310000000000000000e+02, -3.361504139341078834e-01
8.479869842529296875e+00, 1.000000000000000000e+03, 4.330000000000000000e+02, -2.748893571891068976e-01
8.511528968811035156e+00, 9.980000000000000000e+02, 4.310000000000000000e+02, -1.790707812546182276e-01
8.543249845504760742e+00, 1.000000000000000000e+03, 4.070000000000000000e+02, -1.429424657383355779e-01
8.575894594192504883e+00, 9.980000000000000000e+02, 3.600000000000000000e+02, -1.366592804311559939e-01
8.607687950134277344e+00, 9.930000000000000000e+02, 3.380000000000000000e+02, -1.350884841043610840e-01
8.639477968215942383e+00, 9.910000000000000000e+02, 3.490000000000000000e+02, -1.350884841043610840e-01
8.671249866485595703e+00, 9.920000000000000000e+02, 3.550000000000000000e+02, -1.350884841043610840e-01
8.703384637832641602e+00, 9.940000000000000000e+02, 3.550000000000000000e+02, -1.366592804311559939e-01
8.735315799713134766e+00, 9.940000000000000000e+02, 3.560000000000000000e+02, -1.350884841043610840e-01
8.767612934112548828e+00, 9.950000000000000000e+02, 3.550000000000000000e+02, -1.350884841043610840e-01
8.799248695373535156e+00, 9.950000000000000000e+02, 3.560000000000000000e+02, -1.350884841043610840e-01
8.831471681594848633e+00, 9.950000000000000000e+02, 3.550000000000000000e+02, -1.350884841043610840e-01
8.863553762435913086e+00, 9.950000000000000000e+02, 3.540000000000000000e+02, -1.350884841043610840e-01
8.895422935485839844e+00, 9.940000000000000000e+02, 3.550000000000000000e+02, -1.350884841043610840e-01
8.927440881729125977e+00, 9.950000000000000000e+02, 3.550000000000000000e+02, -1.350884841043610840e-01
8.959241867065429688e+00, 9.960000000000000000e+02, 3.540000000000000000e+02, -1.350884841043610840e-01
8.991282939910888672e+00, 9.950000000000000000e+02, 3.550000000000000000e+02, -1.366592804311559939e-01
9.023457765579223633e+00, 9.960000000000000000e+02, 3.550000000000000000e+02, -1.350884841043610840e-01
9.055447816848754883e+00, 9.960000000000000000e+02, 3.550000000000000000e+02, -1.366592804311559939e-01
9.087545871734619141e+00, 9.960000000000000000e+02, 3.540000000000000000e+02, -1.350884841043610840e-01
9.119580745697021484e+00, 9.960000000000000000e+02, 3.550000000000000000e+02, -1.350884841043610840e-01
9.151327848434448242e+00, 9.960000000000000000e+02, 3.560000000000000000e+02, -1.350884841043610840e-01
9.183664798736572266e+00, 9.970000000000000000e+02, 3.550000000000000000e+02, -1.350884841043610840e-01
9.216484785079956055e+00, 9.960000000000000000e+02, 3.550000000000000000e+02, -1.366592804311559939e-01
9.247419834136962891e+00, 9.970000000000000000e+02, 3.550000000000000000e+02, -1.413716694115406958e-01
9.279465913772583008e+00, 9.970000000000000000e+02, 3.550000000000000000e+02, -1.413716694115406958e-01
9.311338901519775391e+00, 9.970000000000000000e+02, 3.560000000000000000e+02, -1.413716694115406958e-01
9.343508958816528320e+00, 9.960000000000000000e+02, 3.540000000000000000e+02, -1.429424657383355779e-01
9.375022649765014648e+00, 9.960000000000000000e+02, 3.560000000000000000e+02, -1.413716694115406958e-01
9.407243013381958008e+00, 9.960000000000000000e+02, 3.560000000000000000e+02, -1.413716694115406958e-01
9.439242839813232422e+00, 9.970000000000000000e+02, 3.550000000000000000e+02, -1.413716694115406958e-01
9.471436738967895508e+00, 9.960000000000000000e+02, 3.550000000000000000e+02, -1.413716694115406958e-01
9.503417730331420898e+00, 9.960000000000000000e+02, 3.560000000000000000e+02, -1.413716694115406958e-01
9.535289764404296875e+00, 9.960000000000000000e+02, 3.560000000000000000e+02, -1.413716694115406958e-01
9.567527770996093750e+00, 9.950000000000000000e+02, 3.560000000000000000e+02, -1.413716694115406958e-01
9.599418878555297852e+00, 9.960000000000000000e+02, 3.550000000000000000e+02, -1.413716694115406958e-01
9.631275892257690430e+00, 9.960000000000000000e+02, 3.550000000000000000e+02, -1.413716694115406958e-01
9.663734912872314453e+00, 9.970000000000000000e+02, 3.560000000000000000e+02, -1.413716694115406958e-01
9.695314884185791016e+00, 9.960000000000000000e+02, 3.560000000000000000e+02, -1.413716694115406958e-01
9.727735757827758789e+00, 9.960000000000000000e+02, 3.560000000000000000e+02, -1.413716694115406958e-01
9.759379863739013672e+00, 9.950000000000000000e+02, 3.550000000000000000e+02, -1.413716694115406958e-01
9.791454792022705078e+00, 9.960000000000000000e+02, 3.550000000000000000e+02, -1.413716694115406958e-01
9.823285818099975586e+00, 9.960000000000000000e+02, 3.560000000000000000e+02, -1.413716694115406958e-01
9.855351686477661133e+00, 9.960000000000000000e+02, 3.550000000000000000e+02, -1.429424657383355779e-01
9.886990785598754883e+00, 9.960000000000000000e+02, 3.550000000000000000e+02, -1.413716694115406958e-01
9.919405698776245117e+00, 9.960000000000000000e+02, 3.550000000000000000e+02, -1.413716694115406958e-01
9.951290845870971680e+00, 9.950000000000000000e+02, 3.550000000000000000e+02, -1.413716694115406958e-01
9.983242988586425781e+00, 9.960000000000000000e+02, 3.550000000000000000e+02, -1.413716694115406958e-01
1.001549577713012695e+01, 9.960000000000000000e+02, 3.550000000000000000e+02, -1.272345024703866179e-01
1.004758667945861816e+01, 9.970000000000000000e+02, 3.550000000000000000e+02, 2.513274122871834645e-02
1.007935476303100586e+01, 9.970000000000000000e+02, 3.550000000000000000e+02, 9.581857593448868393e-02
1.011125564575195312e+01, 9.870000000000000000e+02, 2.920000000000000000e+02, 1.083849465488478658e-01
1.014301180839538574e+01, 9.630000000000000000e+02, 2.260000000000000000e+02, 1.083849465488478658e-01
1.017531871795654297e+01, 9.380000000000000000e+02, 1.990000000000000000e+02, 1.083849465488478658e-01
1.020731782913208008e+01, 9.140000000000000000e+02, 2.030000000000000000e+02, 1.083849465488478658e-01
1.023914861679077148e+01, 8.870000000000000000e+02, 2.400000000000000000e+02, 1.083849465488478658e-01
1.027183365821838379e+01, 8.590000000000000000e+02, 2.710000000000000000e+02, 1.083849465488478658e-01
1.030464172363281250e+01, 8.280000000000000000e+02, 2.790000000000000000e+02, 1.225221134900019299e-01
1.033529090881347656e+01, 7.960000000000000000e+02, 2.850000000000000000e+02, 2.827433388230813915e-01
1.036721086502075195e+01, 7.600000000000000000e+02, 2.860000000000000000e+02, 3.754203221039802418e-01
1.039960694313049316e+01, 7.200000000000000000e+02, 2.740000000000000000e+02, 3.926990816987241395e-01
1.043126773834228516e+01, 7.030000000000000000e+02, 2.770000000000000000e+02, 3.942698780255190494e-01
1.046363496780395508e+01, 6.740000000000000000e+02, 2.880000000000000000e+02, 3.926990816987241395e-01
1.049519777297973633e+01, 6.330000000000000000e+02, 3.010000000000000000e+02, 3.942698780255190494e-01
1.052715802192687988e+01, 5.820000000000000000e+02, 3.220000000000000000e+02, 3.926990816987241395e-01
1.055915379524230957e+01, 5.240000000000000000e+02, 3.450000000000000000e+02, 3.942698780255190494e-01
1.059116172790527344e+01, 4.560000000000000000e+02, 3.640000000000000000e+02, 3.942698780255190494e-01
1.062305378913879395e+01, 3.750000000000000000e+02, 3.870000000000000000e+02, 3.942698780255190494e-01
1.065543675422668457e+01, 2.830000000000000000e+02, 4.290000000000000000e+02, 3.942698780255190494e-01
1.068721103668212891e+01, 2.670000000000000000e+02, 4.360000000000000000e+02, 3.942698780255190494e-01
1.071939182281494141e+01, 2.710000000000000000e+02, 4.390000000000000000e+02, 3.942698780255190494e-01
1.075132369995117188e+01, 2.610000000000000000e+02, 4.420000000000000000e+02, 3.942698780255190494e-01
1.078345179557800293e+01, 2.600000000000000000e+02, 4.420000000000000000e+02, 3.942698780255190494e-01
1.081572580337524414e+01, 2.600000000000000000e+02, 4.420000000000000000e+02, 3.864158963915445555e-01
1.084732484817504883e+01, 2.600000000000000000e+02, 4.430000000000000000e+02, 2.151990967709008495e-01
1.087927603721618652e+01, 2.600000000000000000e+02, 4.420000000000000000e+02, 8.168140899333461991e-02
1.091116166114807129e+01, 2.570000000000000000e+02, 3.750000000000000000e+02, 5.183627878423158891e-02
1.094306683540344238e+01, 2.690000000000000000e+02, 2.950000000000000000e+02, 4.869468613064178997e-02
1.097490382194519043e+01, 2.860000000000000000e+02, 2.480000000000000000e+02, 4.869468613064178997e-02
1.100754976272583008e+01, 3.020000000000000000e+02, 2.360000000000000000e+02, 4.869468613064178997e-02
1.103895092010498047e+01, 3.170000000000000000e+02, 2.590000000000000000e+02, 4.869468613064178997e-02
1.107111501693725586e+01, 3.310000000000000000e+02, 3.180000000000000000e+02, 4.869468613064178997e-02
1.110316586494445801e+01, 3.390000000000000000e+02, 3.130000000000000000e+02, 4.869468613064178997e-02
1.113540887832641602e+01, 3.470000000000000000e+02, 3.180000000000000000e+02, 4.869468613064178997e-02
1.116739773750305176e+01, 3.530000000000000000e+02, 3.220000000000000000e+02, 4.869468613064178997e-02
1.119928598403930664e+01, 3.590000000000000000e+02, 3.190000000000000000e+02, 4.869468613064178997e-02
1.123119163513183594e+01, 3.610000000000000000e+02, 3.180000000000000000e+02, 4.869468613064178997e-02
1.126343297958374023e+01, 3.640000000000000000e+02, 3.180000000000000000e+02, 4.869468613064178997e-02
1.129503893852233887e+01, 3.660000000000000000e+02, 3.180000000000000000e+02, 4.869468613064178997e-02
1.132740664482116699e+01, 3.670000000000000000e+02, 3.180000000000000000e+02, 4.869468613064178997e-02
1.135920476913452148e+01, 3.660000000000000000e+02, 3.180000000000000000e+02, 4.869468613064178997e-02
1.139129281044006348e+01, 3.640000000000000000e+02, 3.180000000000000000e+02, 4.869468613064178997e-02
1.142343378067016602e+01, 3.610000000000000000e+02, 3.170000000000000000e+02, 4.869468613064178997e-02
1.145514583587646484e+01, 3.570000000000000000e+02, 3.180000000000000000e+02, 4.869468613064178997e-02
1.148731875419616699e+01, 3.520000000000000000e+02, 3.180000000000000000e+02, 4.869468613064178997e-02
1.151910781860351562e+01, 3.450000000000000000e+02, 3.220000000000000000e+02, 4.869468613064178997e-02
1.155145072937011719e+01, 3.380000000000000000e+02, 3.220000000000000000e+02, 4.869468613064178997e-02
1.158345389366149902e+01, 3.300000000000000000e+02, 3.220000000000000000e+02, 4.869468613064178997e-02
1.161549592018127441e+01, 3.200000000000000000e+02, 3.220000000000000000e+02, 4.398229715025710196e-02
1.164716172218322754e+01, 3.140000000000000000e+02, 3.230000000000000000e+02, -1.256637061435917357e-01
1.167932963371276855e+01, 3.040000000000000000e+02, 3.230000000000000000e+02, -3.047344873982099633e-01
1.171117901802062988e+01, 2.910000000000000000e+02, 2.680000000000000000e+02, -3.675663404700058035e-01
1.174312973022460938e+01, 3.210000000000000000e+02, 1.910000000000000000e+02, -3.738495257771853875e-01
1.177528762817382812e+01, 3.690000000000000000e+02, 1.360000000000000000e+02, -3.722787294503904776e-01
1.180707883834838867e+01, 4.140000000000000000e+02, 1.170000000000000000e+02, -3.722787294503904776e-01
1.183902168273925781e+01, 4.590000000000000000e+02, 1.260000000000000000e+02, -3.722787294503904776e-01
1.187098383903503418e+01, 5.080000000000000000e+02, 1.690000000000000000e+02, -3.738495257771853875e-01
1.190286064147949219e+01, 5.540000000000000000e+02, 2.510000000000000000e+02, -3.738495257771853875e-01
1.193511867523193359e+01, 6.130000000000000000e+02, 2.770000000000000000e+02, -3.738495257771853875e-01
1.196708297729492188e+01, 6.770000000000000000e+02, 3.040000000000000000e+02, -3.738495257771853875e-01
1.199918079376220703e+01, 7.450000000000000000e+02, 3.430000000000000000e+02, -3.738495257771853875e-01
1.203107380867004395e+01, 7.830000000000000000e+02, 3.550000000000000000e+02, -3.738495257771853875e-01
1.206334376335144043e+01, 8.600000000000000000e+02, 3.910000000000000000e+02, -3.754203221039802418e-01
1.209527087211608887e+01, 9.370000000000000000e+02, 4.180000000000000000e+02, -3.754203221039802418e-01
1.212733578681945801e+01, 9.750000000000000000e+02, 4.300000000000000000e+02, -3.754203221039802418e-01
1.215923190116882324e+01, 9.640000000000000000e+02, 4.250000000000000000e+02, -3.754203221039802418e-01
1.219097375869750977e+01, 9.700000000000000000e+02, 4.270000000000000000e+02, -3.754203221039802418e-01
1.222294974327087402e+01, 9.860000000000000000e+02, 4.310000000000000000e+02, -3.754203221039802418e-01
1.225494289398193359e+01, 9.880000000000000000e+02, 4.330000000000000000e+02, -3.754203221039802418e-01
1.228702592849731445e+01, 9.910000000000000000e+02, 4.330000000000000000e+02, -3.754203221039802418e-01
1.231903886795043945e+01, 9.910000000000000000e+02, 4.330000000000000000e+02, -3.754203221039802418e-01
1.235112380981445312e+01, 9.900000000000000000e+02, 4.340000000000000000e+02, -3.754203221039802418e-01
1.238337373733520508e+01, 9.900000000000000000e+02, 4.340000000000000000e+02, -3.738495257771853875e-01
1.241535878181457520e+01, 9.900000000000000000e+02, 4.330000000000000000e+02, -3.754203221039802418e-01
1.244704270362854004e+01, 9.910000000000000000e+02, 4.330000000000000000e+02, -3.754203221039802418e-01
1.247908186912536621e+01, 9.900000000000000000e+02, 4.330000000000000000e+02, -3.754203221039802418e-01
1.251122283935546875e+01, 9.900000000000000000e+02, 4.330000000000000000e+02, -3.754203221039802418e-01
1.254303479194641113e+01, 9.900000000000000000e+02, 4.330000000000000000e+02, -3.754203221039802418e-01
1.257516574859619141e+01, 9.910000000000000000e+02, 4.330000000000000000e+02, -3.754203221039802418e-01
1.260686683654785156e+01, 9.910000000000000000e+02, 4.330000000000000000e+02, -3.754203221039802418e-01
1.263925075531005859e+01, 9.920000000000000000e+02, 4.340000000000000000e+02, -3.754203221039802418e-01
1.267113089561462402e+01, 9.900000000000000000e+02, 4.330000000000000000e+02, -3.754203221039802418e-01
1.270335483551025391e+01, 9.900000000000000000e+02, 4.320000000000000000e+02, -3.754203221039802418e-01
1.273526501655578613e+01, 9.900000000000000000e+02, 4.330000000000000000e+02, -3.754203221039802418e-01
1.276718282699584961e+01, 9.910000000000000000e+02, 4.330000000000000000e+02, -3.754203221039802418e-01
1.279899382591247559e+01, 9.910000000000000000e+02, 4.330000000000000000e+02, -3.754203221039802418e-01
1.283099484443664551e+01, 9.900000000000000000e+02, 4.330000000000000000e+02, -3.754203221039802418e-01
1.286327195167541504e+01, 9.900000000000000000e+02, 4.340000000000000000e+02, -3.754203221039802418e-01
1.289508199691772461e+01, 9.910000000000000000e+02, 4.320000000000000000e+02, -3.754203221039802418e-01
1.292724990844726562e+01, 9.900000000000000000e+02, 4.340000000000000000e+02, -3.754203221039802418e-01
1.295931792259216309e+01, 9.900000000000000000e+02, 4.330000000000000000e+02, -3.754203221039802418e-01
1.299092292785644531e+01, 9.900000000000000000e+02, 4.330000000000000000e+02, -3.754203221039802418e-01
1.302282190322875977e+01, 9.910000000000000000e+02, 4.330000000000000000e+02, -3.754203221039802418e-01
1.305483269691467285e+01, 9.920000000000000000e+02, 4.330000000000000000e+02, -3.754203221039802418e-01
1.308711767196655273e+01, 9.910000000000000000e+02, 4.330000000000000000e+02, -3.754203221039802418e-01
1.311910176277160645e+01, 9.890000000000000000e+02, 4.330000000000000000e+02, -3.754203221039802418e-01
1.315101695060729980e+01, 9.900000000000000000e+02, 4.330000000000000000e+02, -3.754203221039802418e-01
1.318305873870849609e+01, 9.910000000000000000e+02, 4.340000000000000000e+02, -3.754203221039802418e-01
1.321611976623535156e+01, 9.890000000000000000e+02, 4.340000000000000000e+02, -3.864158963915445555e-01
1.324705266952514648e+01, 9.900000000000000000e+02, 4.340000000000000000e+02, -5.607742886657780534e-01
1.327903485298156738e+01, 9.900000000000000000e+02, 4.340000000000000000e+02, -6.990043654237290127e-01
1.331116080284118652e+01, 9.860000000000000000e+02, 4.570000000000000000e+02, -7.319910882864217871e-01
1.334304690361022949e+01, 9.720000000000000000e+02, 5.130000000000000000e+02, -7.382742735936013156e-01
1.337497878074645996e+01, 9.550000000000000000e+02, 5.530000000000000000e+02, -7.382742735936013156e-01
1.340701484680175781e+01, 9.530000000000000000e+02, 5.620000000000000000e+02, -7.382742735936013156e-01
1.343906688690185547e+01, 9.530000000000000000e+02, 5.630000000000000000e+02, -7.382742735936013156e-01
1.347095870971679688e+01, 9.520000000000000000e+02, 5.620000000000000000e+02, -7.382742735936013156e-01
1.350311398506164551e+01, 9.520000000000000000e+02, 5.620000000000000000e+02, -7.382742735936013156e-01
1.353482866287231445e+01, 9.520000000000000000e+02, 5.630000000000000000e+02, -7.382742735936013156e-01
1.356698799133300781e+01, 9.530000000000000000e+02, 5.630000000000000000e+02, -7.382742735936013156e-01
1.359932684898376465e+01, 9.520000000000000000e+02, 5.630000000000000000e+02, -7.382742735936013156e-01
1.363121366500854492e+01, 9.520000000000000000e+02, 5.630000000000000000e+02, -7.382742735936013156e-01
1.366293978691101074e+01, 9.520000000000000000e+02, 5.630000000000000000e+02, -7.382742735936013156e-01
1.369505190849304199e+01, 9.520000000000000000e+02, 5.630000000000000000e+02, -7.382742735936013156e-01
1.372705674171447754e+01, 9.520000000000000000e+02, 5.620000000000000000e+02, -7.382742735936013156e-01
1.375881600379943848e+01, 9.520000000000000000e+02, 5.620000000000000000e+02, -7.382742735936013156e-01
1.379108476638793945e+01, 9.520000000000000000e+02, 5.620000000000000000e+02, -7.382742735936013156e-01
1.382327175140380859e+01, 9.510000000000000000e+02, 5.630000000000000000e+02, -7.382742735936013156e-01
1.385483884811401367e+01, 9.520000000000000000e+02, 5.620000000000000000e+02, -7.382742735936013156e-01
1.388697385787963867e+01, 9.530000000000000000e+02, 5.620000000000000000e+02, -7.382742735936013156e-01
1.391860389709472656e+01, 9.520000000000000000e+02, 5.630000000000000000e+02, -7.382742735936013156e-01
1.395110297203063965e+01, 9.520000000000000000e+02, 5.620000000000000000e+02, -7.382742735936013156e-01
1.398337984085083008e+01, 9.530000000000000000e+02, 5.620000000000000000e+02, -7.382742735936013156e-01
1.401526498794555664e+01, 9.520000000000000000e+02, 5.630000000000000000e+02, -7.319910882864217871e-01
1.404718780517578125e+01, 9.520000000000000000e+02, 5.620000000000000000e+02, -5.544911033585984139e-01
1.407881689071655273e+01, 9.520000000000000000e+02, 5.620000000000000000e+02, -3.534291735288517255e-01
1.411101984977722168e+01, 9.790000000000000000e+02, 4.910000000000000000e+02, -2.748893571891068976e-01
1.414301991462707520e+01, 9.920000000000000000e+02, 4.170000000000000000e+02, -2.638937829015426395e-01
1.417513871192932129e+01, 9.890000000000000000e+02, 3.760000000000000000e+02, -2.638937829015426395e-01
1.420718789100646973e+01, 9.870000000000000000e+02, 3.710000000000000000e+02, -2.638937829015426395e-01
1.423896884918212891e+01, 9.870000000000000000e+02, 4.010000000000000000e+02, -2.638937829015426395e-01
1.427108573913574219e+01, 9.900000000000000000e+02, 4.020000000000000000e+02, -2.638937829015426395e-01
1.430281186103820801e+01, 9.910000000000000000e+02, 4.030000000000000000e+02, -2.638937829015426395e-01
1.433495092391967773e+01, 9.910000000000000000e+02, 4.030000000000000000e+02, -2.638937829015426395e-01
1.436728191375732422e+01, 9.920000000000000000e+02, 4.030000000000000000e+02, -2.638937829015426395e-01
1.439880084991455078e+01, 9.920000000000000000e+02, 4.030000000000000000e+02, -2.638937829015426395e-01
1.443091893196105957e+01, 9.930000000000000000e+02, 4.030000000000000000e+02, -2.638937829015426395e-01
1.446303486824035645e+01, 9.920000000000000000e+02, 4.030000000000000000e+02, -2.638937829015426395e-01
1.449481081962585449e+01, 9.920000000000000000e+02, 4.030000000000000000e+02, -2.638937829015426395e-01
1.452664971351623535e+01, 9.930000000000000000e+02, 4.030000000000000000e+02, -2.638937829015426395e-01
1.455895185470581055e+01, 9.940000000000000000e+02, 4.030000000000000000e+02, -2.638937829015426395e-01
1.459091973304748535e+01, 9.930000000000000000e+02, 4.030000000000000000e+02, -2.638937829015426395e-01
1.462294888496398926e+01, 9.930000000000000000e+02, 4.030000000000000000e+02, -2.638937829015426395e-01
1.465495967864990234e+01, 9.930000000000000000e+02, 4.030000000000000000e+02, -2.638937829015426395e-01
1.468704676628112793e+01, 9.910000000000000000e+02, 4.030000000000000000e+02, -2.638937829015426395e-01
1.471896171569824219e+01, 9.920000000000000000e+02, 4.040000000000000000e+02, -2.638937829015426395e-01
1.475106978416442871e+01, 9.920000000000000000e+02, 4.030000000000000000e+02, -2.638937829015426395e-01
1.478301692008972168e+01, 9.930000000000000000e+02, 4.040000000000000000e+02, -2.638937829015426395e-01
1.481493401527404785e+01, 9.940000000000000000e+02, 4.030000000000000000e+02, -2.638937829015426395e-01
1.484713697433471680e+01, 9.930000000000000000e+02, 4.020000000000000000e+02, -2.638937829015426395e-01
1.487883496284484863e+01, 9.920000000000000000e+02, 4.030000000000000000e+02, -2.638937829015426395e-01
1.491106462478637695e+01, 9.920000000000000000e+02, 4.040000000000000000e+02, -2.638937829015426395e-01
1.494290375709533691e+01, 9.920000000000000000e+02, 4.030000000000000000e+02, -2.638937829015426395e-01
1.497543501853942871e+01, 9.920000000000000000e+02, 4.020000000000000000e+02, -2.638937829015426395e-01
1.500693583488464355e+01, 9.930000000000000000e+02, 4.030000000000000000e+02, -2.638937829015426395e-01
1.503831386566162109e+01, 9.920000000000000000e+02, 4.030000000000000000e+02, -2.638937829015426395e-01
1.507120370864868164e+01, 9.920000000000000000e+02, 4.030000000000000000e+02, -2.638937829015426395e-01
1.510297870635986328e+01, 9.920000000000000000e+02, 4.030000000000000000e+02, -2.638937829015426395e-01
1.513491463661193848e+01, 9.930000000000000000e+02, 4.040000000000000000e+02, -2.638937829015426395e-01
1.517666101455688477e+01, 9.920000000000000000e+02, 4.040000000000000000e+02, -2.638937829015426395e-01
1.521595168113708496e+01, 9.920000000000000000e+02, 4.020000000000000000e+02, -2.654645792283375494e-01
1.524718594551086426e+01, 9.930000000000000000e+02, 4.040000000000000000e+02, -3.125884690321844572e-01
1.527914285659790039e+01, 9.920000000000000000e+02, 4.030000000000000000e+02, -3.424335992412874674e-01
1.531058979034423828e+01, 9.930000000000000000e+02, 4.070000000000000000e+02, -3.487167845484670514e-01
1.534243583679199219e+01, 9.910000000000000000e+02, 4.220000000000000000e+02, -3.487167845484670514e-01
1.537499976158142090e+01, 9.910000000000000000e+02, 4.240000000000000000e+02, -3.487167845484670514e-01
1.540705990791320801e+01, 9.910000000000000000e+02, 4.240000000000000000e+02, -3.487167845484670514e-01
1.543903589248657227e+01, 9.900000000000000000e+02, 4.240000000000000000e+02, -3.487167845484670514e-01
1.547109484672546387e+01, 9.910000000000000000e+02, 4.250000000000000000e+02, -3.487167845484670514e-01
1.550298690795898438e+01, 9.920000000000000000e+02, 4.250000000000000000e+02, -3.487167845484670514e-01
1.553504180908203125e+01, 9.910000000000000000e+02, 4.240000000000000000e+02, -3.487167845484670514e-01
1.556698179244995117e+01, 9.910000000000000000e+02, 4.240000000000000000e+02, -3.487167845484670514e-01
1.559913492202758789e+01, 9.910000000000000000e+02, 4.250000000000000000e+02, -3.487167845484670514e-01
1.563112592697143555e+01, 9.900000000000000000e+02, 4.250000000000000000e+02, -3.487167845484670514e-01
1.566290473937988281e+01, 9.920000000000000000e+02, 4.250000000000000000e+02, -3.487167845484670514e-01
1.569502377510070801e+01, 9.910000000000000000e+02, 4.240000000000000000e+02, -3.487167845484670514e-01
1.572682189941406250e+01, 9.910000000000000000e+02, 4.250000000000000000e+02, -3.487167845484670514e-01
1.575876188278198242e+01, 9.910000000000000000e+02, 4.240000000000000000e+02, -3.487167845484670514e-01
1.579091787338256836e+01, 9.910000000000000000e+02, 4.250000000000000000e+02, -3.487167845484670514e-01
1.582307481765747070e+01, 9.900000000000000000e+02, 4.250000000000000000e+02, -3.487167845484670514e-01
1.585486984252929688e+01, 9.900000000000000000e+02, 4.240000000000000000e+02, -3.487167845484670514e-01
1.588672089576721191e+01, 9.910000000000000000e+02, 4.250000000000000000e+02, -3.487167845484670514e-01
1.591865682601928711e+01, 9.910000000000000000e+02, 4.240000000000000000e+02, -3.487167845484670514e-01
1.595068597793579102e+01, 9.910000000000000000e+02, 4.240000000000000000e+02, -3.487167845484670514e-01
1.598276567459106445e+01, 9.900000000000000000e+02, 4.240000000000000000e+02, -3.487167845484670514e-01
1.601504683494567871e+01, 9.900000000000000000e+02, 4.250000000000000000e+02, -3.408628029144925575e-01
1.604716968536376953e+01, 9.900000000000000000e+02, 4.240000000000000000e+02, -1.837831702350029017e-01
1.607919883728027344e+01, 9.900000000000000000e+02, 4.240000000000000000e+02, -9.896016858807848982e-02
1.611051678657531738e+01, 9.900000000000000000e+02, 3.600000000000000000e+02, -8.325220532012951591e-02
1.614305377006530762e+01, 9.710000000000000000e+02, 2.820000000000000000e+02, -8.325220532012951591e-02
1.617547488212585449e+01, 9.520000000000000000e+02, 2.310000000000000000e+02, -8.325220532012951591e-02
1.620664501190185547e+01, 9.310000000000000000e+02, 2.150000000000000000e+02, -8.325220532012951591e-02
1.623907780647277832e+01, 9.110000000000000000e+02, 2.350000000000000000e+02, -8.325220532012951591e-02
1.627098178863525391e+01, 8.880000000000000000e+02, 2.920000000000000000e+02, -8.168140899333461991e-02
1.630306887626647949e+01, 8.730000000000000000e+02, 3.190000000000000000e+02, -8.168140899333461991e-02
1.633480668067932129e+01, 8.640000000000000000e+02, 3.200000000000000000e+02, -8.168140899333461991e-02
1.636672997474670410e+01, 8.570000000000000000e+02, 3.280000000000000000e+02, -8.168140899333461991e-02
1.639836788177490234e+01, 8.500000000000000000e+02, 3.280000000000000000e+02, -8.168140899333461991e-02
1.643058681488037109e+01, 8.480000000000000000e+02, 3.270000000000000000e+02, -8.168140899333461991e-02
1.646293663978576660e+01, 8.440000000000000000e+02, 3.270000000000000000e+02, -8.168140899333461991e-02
1.649475288391113281e+01, 8.420000000000000000e+02, 3.280000000000000000e+02, -8.168140899333461991e-02
1.652614974975585938e+01, 8.420000000000000000e+02, 3.270000000000000000e+02, -8.168140899333461991e-02
1.655871796607971191e+01, 8.440000000000000000e+02, 3.280000000000000000e+02, -8.168140899333461991e-02
1.659077501296997070e+01, 8.480000000000000000e+02, 3.270000000000000000e+02, -8.168140899333461991e-02
1.662281394004821777e+01, 8.540000000000000000e+02, 3.280000000000000000e+02, -8.168140899333461991e-02
1.665466380119323730e+01, 8.600000000000000000e+02, 3.280000000000000000e+02, -8.168140899333461991e-02
1.668689680099487305e+01, 8.700000000000000000e+02, 3.280000000000000000e+02, -8.168140899333461991e-02
1.671916580200195312e+01, 8.810000000000000000e+02, 3.290000000000000000e+02, -8.168140899333461991e-02
1.675067377090454102e+01, 8.920000000000000000e+02, 3.310000000000000000e+02, -8.168140899333461991e-02
1.678269791603088379e+01, 9.070000000000000000e+02, 3.320000000000000000e+02, -8.168140899333461991e-02
1.681548380851745605e+01, 9.230000000000000000e+02, 3.330000000000000000e+02, -7.382742735936013989e-02
1.684688568115234375e+01, 9.340000000000000000e+02, 3.330000000000000000e+02, 9.896016858807848982e-02
1.687863183021545410e+01, 9.530000000000000000e+02, 3.340000000000000000e+02, 3.220132469929537500e-01
1.691084289550781250e+01, 9.710000000000000000e+02, 2.770000000000000000e+02, 5.482079180514188854e-01
1.694260573387145996e+01, 9.370000000000000000e+02, 1.980000000000000000e+02, 6.754424205218054755e-01
1.697501182556152344e+01, 8.860000000000000000e+02, 1.440000000000000000e+02, 7.005751617505239226e-01
1.700663280487060547e+01, 8.330000000000000000e+02, 1.150000000000000000e+02, 7.021459580773187215e-01
1.703908085823059082e+01, 7.760000000000000000e+02, 1.190000000000000000e+02, 7.021459580773187215e-01
1.707065963745117188e+01, 7.200000000000000000e+02, 1.570000000000000000e+02, 7.021459580773187215e-01
1.710260677337646484e+01, 6.640000000000000000e+02, 2.300000000000000000e+02, 7.021459580773187215e-01
1.713474988937377930e+01, 5.920000000000000000e+02, 3.030000000000000000e+02, 7.021459580773187215e-01
1.716630887985229492e+01, 4.920000000000000000e+02, 3.750000000000000000e+02, 7.037167544041136313e-01
1.719905185699462891e+01, 3.780000000000000000e+02, 4.770000000000000000e+02, 7.037167544041136313e-01
1.723060464859008789e+01, 3.100000000000000000e+02, 5.320000000000000000e+02, 7.068583470577034511e-01
1.726293087005615234e+01, 2.980000000000000000e+02, 5.430000000000000000e+02, 7.068583470577034511e-01
1.729476571083068848e+01, 3.050000000000000000e+02, 5.380000000000000000e+02, 7.052875507309085412e-01
1.732676887512207031e+01, 2.990000000000000000e+02, 5.420000000000000000e+02, 7.068583470577034511e-01
1.735885596275329590e+01, 2.870000000000000000e+02, 5.520000000000000000e+02, 7.052875507309085412e-01
1.739107584953308105e+01, 2.860000000000000000e+02, 5.520000000000000000e+02, 7.052875507309085412e-01
1.742285275459289551e+01, 2.870000000000000000e+02, 5.520000000000000000e+02, 7.068583470577034511e-01
1.745471572875976562e+01, 2.880000000000000000e+02, 5.530000000000000000e+02, 7.068583470577034511e-01
1.748674082756042480e+01, 2.880000000000000000e+02, 5.520000000000000000e+02, 7.068583470577034511e-01
1.751873373985290527e+01, 2.880000000000000000e+02, 5.510000000000000000e+02, 7.068583470577034511e-01
1.755075788497924805e+01, 2.880000000000000000e+02, 5.510000000000000000e+02, 7.068583470577034511e-01
1.758331680297851562e+01, 2.890000000000000000e+02, 5.520000000000000000e+02, 7.052875507309085412e-01
1.761486077308654785e+01, 2.880000000000000000e+02, 5.510000000000000000e+02, 7.052875507309085412e-01
1.764670586585998535e+01, 2.880000000000000000e+02, 5.520000000000000000e+02, 6.817256058289851151e-01
1.767877888679504395e+01, 2.880000000000000000e+02, 5.510000000000000000e+02, 6.691592352146259470e-01
1.771061992645263672e+01, 2.860000000000000000e+02, 5.480000000000000000e+02, 6.675884388878310371e-01
1.774268794059753418e+01, 2.830000000000000000e+02, 5.440000000000000000e+02, 6.675884388878310371e-01
1.777468895912170410e+01, 2.830000000000000000e+02, 5.430000000000000000e+02, 6.675884388878310371e-01
1.780693292617797852e+01, 2.830000000000000000e+02, 5.440000000000000000e+02, 6.675884388878310371e-01
1.783825373649597168e+01, 2.830000000000000000e+02, 5.430000000000000000e+02, 6.675884388878310371e-01
1.787092471122741699e+01, 2.830000000000000000e+02, 5.430000000000000000e+02, 6.675884388878310371e-01
1.790284371376037598e+01, 2.830000000000000000e+02, 5.430000000000000000e+02, 6.675884388878310371e-01
1.793452882766723633e+01, 2.840000000000000000e+02, 5.420000000000000000e+02, 6.675884388878310371e-01
1.796656179428100586e+01, 2.840000000000000000e+02, 5.430000000000000000e+02, 6.675884388878310371e-01
1.799854993820190430e+01, 2.840000000000000000e+02, 5.420000000000000000e+02, 6.675884388878310371e-01
1.803083801269531250e+01, 2.840000000000000000e+02, 5.420000000000000000e+02, 6.675884388878310371e-01
1.806269383430480957e+01, 2.840000000000000000e+02, 5.420000000000000000e+02, 6.675884388878310371e-01
1.809475779533386230e+01, 2.850000000000000000e+02, 5.420000000000000000e+02, 6.675884388878310371e-01
1.812663602828979492e+01, 2.840000000000000000e+02, 5.420000000000000000e+02, 6.675884388878310371e-01
1.815834498405456543e+01, 2.840000000000000000e+02, 5.410000000000000000e+02, 6.675884388878310371e-01
1.819075584411621094e+01, 2.840000000000000000e+02, 5.420000000000000000e+02, 6.675884388878310371e-01
1.822234392166137695e+01, 2.840000000000000000e+02, 5.420000000000000000e+02, 6.675884388878310371e-01
1.825464701652526855e+01, 2.850000000000000000e+02, 5.410000000000000000e+02, 6.675884388878310371e-01
1.828668284416198730e+01, 2.840000000000000000e+02, 5.420000000000000000e+02, 6.675884388878310371e-01
1.831889772415161133e+01, 2.840000000000000000e+02, 5.420000000000000000e+02, 6.675884388878310371e-01
1.835091090202331543e+01, 2.850000000000000000e+02, 5.420000000000000000e+02, 6.675884388878310371e-01
1.838297080993652344e+01, 2.840000000000000000e+02, 5.420000000000000000e+02, 6.675884388878310371e-01
1.841583061218261719e+01, 2.850000000000000000e+02, 5.420000000000000000e+02, 6.581636609270615779e-01
1.844676280021667480e+01, 2.850000000000000000e+02, 5.420000000000000000e+02, 5.953318078552658488e-01
1.847890996932983398e+01, 2.840000000000000000e+02, 5.400000000000000000e+02, 5.639158813193678732e-01
1.851084375381469727e+01, 2.740000000000000000e+02, 5.100000000000000000e+02, 5.592034923389831436e-01
1.854253888130187988e+01, 2.720000000000000000e+02, 5.060000000000000000e+02, 5.592034923389831436e-01
1.857508397102355957e+01, 2.710000000000000000e+02, 5.060000000000000000e+02, 5.607742886657780534e-01
1.860675883293151855e+01, 2.720000000000000000e+02, 5.060000000000000000e+02, 5.592034923389831436e-01
1.863882589340209961e+01, 2.720000000000000000e+02, 5.060000000000000000e+02, 5.592034923389831436e-01
1.867074990272521973e+01, 2.710000000000000000e+02, 5.070000000000000000e+02, 5.592034923389831436e-01
1.870271992683410645e+01, 2.720000000000000000e+02, 5.070000000000000000e+02, 5.592034923389831436e-01
1.873506093025207520e+01, 2.720000000000000000e+02, 5.060000000000000000e+02, 5.607742886657780534e-01
1.876673674583435059e+01, 2.720000000000000000e+02, 5.060000000000000000e+02, 5.592034923389831436e-01
1.879879188537597656e+01, 2.720000000000000000e+02, 5.070000000000000000e+02, 5.607742886657780534e-01
1.883081293106079102e+01, 2.720000000000000000e+02, 5.070000000000000000e+02, 5.607742886657780534e-01
1.886262679100036621e+01, 2.720000000000000000e+02, 5.060000000000000000e+02, 5.592034923389831436e-01
1.889477872848510742e+01, 2.720000000000000000e+02, 5.060000000000000000e+02, 5.607742886657780534e-01
1.892665600776672363e+01, 2.720000000000000000e+02, 5.060000000000000000e+02, 5.607742886657780534e-01
1.895883488655090332e+01, 2.720000000000000000e+02, 5.060000000000000000e+02, 5.607742886657780534e-01
1.899080586433410645e+01, 2.720000000000000000e+02, 5.060000000000000000e+02, 5.592034923389831436e-01
1.902281594276428223e+01, 2.710000000000000000e+02, 5.060000000000000000e+02, 5.592034923389831436e-01
1.905474996566772461e+01, 2.720000000000000000e+02, 5.060000000000000000e+02, 5.607742886657780534e-01
1.908700966835021973e+01, 2.710000000000000000e+02, 5.070000000000000000e+02, 5.592034923389831436e-01
1.911869168281555176e+01, 2.720000000000000000e+02, 5.070000000000000000e+02, 5.592034923389831436e-01
1.915077280998229980e+01, 2.720000000000000000e+02, 5.070000000000000000e+02, 5.607742886657780534e-01
1.918287587165832520e+01, 2.710000000000000000e+02, 5.070000000000000000e+02, 5.592034923389831436e-01
1.921480083465576172e+01, 2.710000000000000000e+02, 5.060000000000000000e+02, 5.544911033585984139e-01
1.924658370018005371e+01, 2.710000000000000000e+02, 5.070000000000000000e+02, 3.785619147575700616e-01
1.927842688560485840e+01, 2.710000000000000000e+02, 5.050000000000000000e+02, 1.539380400258998638e-01
1.931083798408508301e+01, 2.560000000000000000e+02, 4.310000000000000000e+02, -6.283185307179586614e-03
1.934297966957092285e+01, 2.550000000000000000e+02, 3.590000000000000000e+02, -4.555309347705200490e-02
1.937478566169738770e+01, 2.700000000000000000e+02, 2.900000000000000000e+02, -4.869468613064178997e-02
1.940666389465332031e+01, 2.850000000000000000e+02, 2.510000000000000000e+02, -4.869468613064178997e-02
1.943874669075012207e+01, 2.980000000000000000e+02, 2.470000000000000000e+02, -4.869468613064178997e-02
1.947044181823730469e+01, 3.120000000000000000e+02, 2.770000000000000000e+02, -4.869468613064178997e-02
1.950276994705200195e+01, 3.240000000000000000e+02, 2.870000000000000000e+02, -4.869468613064178997e-02
1.953474879264831543e+01, 3.370000000000000000e+02, 2.920000000000000000e+02, -4.869468613064178997e-02
1.956645560264587402e+01, 3.510000000000000000e+02, 2.920000000000000000e+02, -4.869468613064178997e-02
1.959863400459289551e+01, 3.650000000000000000e+02, 2.930000000000000000e+02, -4.869468613064178997e-02
1.963062381744384766e+01, 3.730000000000000000e+02, 2.950000000000000000e+02, -4.869468613064178997e-02
1.966307473182678223e+01, 3.870000000000000000e+02, 2.950000000000000000e+02, -4.869468613064178997e-02
1.969469785690307617e+01, 4.020000000000000000e+02, 2.980000000000000000e+02, -4.869468613064178997e-02
1.972644281387329102e+01, 4.180000000000000000e+02, 2.990000000000000000e+02, -4.869468613064178997e-02
1.975844478607177734e+01, 4.340000000000000000e+02, 3.000000000000000000e+02, -4.869468613064178997e-02
1.979099678993225098e+01, 4.510000000000000000e+02, 3.020000000000000000e+02, -4.869468613064178997e-02
1.982273101806640625e+01, 4.710000000000000000e+02, 3.000000000000000000e+02, -4.869468613064178997e-02
1.985438895225524902e+01, 4.910000000000000000e+02, 3.000000000000000000e+02, -4.869468613064178997e-02
1.988666796684265137e+01, 5.100000000000000000e+02, 3.020000000000000000e+02, -4.869468613064178997e-02
1.991872978210449219e+01, 5.290000000000000000e+02, 3.030000000000000000e+02, -4.869468613064178997e-02
1.995078277587890625e+01, 5.500000000000000000e+02, 3.050000000000000000e+02, -4.869468613064178997e-02
1.998282384872436523e+01, 5.710000000000000000e+02, 3.070000000000000000e+02, -4.869468613064178997e-02
2.001459193229675293e+01, 5.910000000000000000e+02, 3.090000000000000000e+02, -6.283185307179586787e-02
2.004655385017395020e+01, 6.010000000000000000e+02, 3.100000000000000000e+02, -2.466150233067987696e-01
2.007858777046203613e+01, 6.220000000000000000e+02, 3.130000000000000000e+02, -4.696681017116740575e-01
2.011091184616088867e+01, 6.460000000000000000e+02, 3.170000000000000000e+02, -6.958627727701391930e-01
2.014264273643493652e+01, 6.730000000000000000e+02, 3.290000000000000000e+02, -9.157742585214246889e-01
2.017451381683349609e+01, 7.040000000000000000e+02, 3.510000000000000000e+02, -1.072853891200914456e+00
2.020684480667114258e+01, 7.370000000000000000e+02, 4.040000000000000000e+02, -1.115265392024376467e+00
2.023868083953857422e+01, 7.760000000000000000e+02, 4.950000000000000000e+02, -1.118406984677966287e+00
2.027060770988464355e+01, 8.350000000000000000e+02, 6.120000000000000000e+02, -1.118406984677966287e+00
2.030315589904785156e+01, 8.570000000000000000e+02, 6.510000000000000000e+02, -1.118406984677966287e+00
2.033471274375915527e+01, 8.490000000000000000e+02, 6.410000000000000000e+02, -1.118406984677966287e+00
2.036653995513916016e+01, 8.590000000000000000e+02, 6.560000000000000000e+02, -1.118406984677966287e+00
2.039878988265991211e+01, 8.570000000000000000e+02, 6.530000000000000000e+02, -1.118406984677966287e+00
2.043037271499633789e+01, 8.590000000000000000e+02, 6.550000000000000000e+02, -1.118406984677966287e+00
2.046270895004272461e+01, 8.600000000000000000e+02, 6.570000000000000000e+02, -1.118406984677966287e+00
2.049459576606750488e+01, 8.600000000000000000e+02, 6.570000000000000000e+02, -1.118406984677966287e+00
2.052639365196228027e+01, 8.600000000000000000e+02, 6.580000000000000000e+02, -1.118406984677966287e+00
2.055850863456726074e+01, 8.600000000000000000e+02, 6.570000000000000000e+02, -1.116836188351171488e+00
2.059058475494384766e+01, 8.600000000000000000e+02, 6.580000000000000000e+02, -1.116836188351171488e+00
2.062310075759887695e+01, 8.600000000000000000e+02, 6.570000000000000000e+02, -1.118406984677966287e+00
2.065486073493957520e+01, 8.600000000000000000e+02, 6.570000000000000000e+02, -1.118406984677966287e+00
2.068661975860595703e+01, 8.600000000000000000e+02, 6.580000000000000000e+02, -1.118406984677966287e+00
2.071850967407226562e+01, 8.600000000000000000e+02, 6.570000000000000000e+02, -1.118406984677966287e+00
2.075066971778869629e+01, 8.600000000000000000e+02, 6.580000000000000000e+02, -1.118406984677966287e+00
2.078253269195556641e+01, 8.600000000000000000e+02, 6.580000000000000000e+02, -1.118406984677966287e+00
2.081535267829895020e+01, 8.600000000000000000e+02, 6.570000000000000000e+02, -1.116836188351171488e+00
2.084661293029785156e+01, 8.600000000000000000e+02, 6.570000000000000000e+02, -1.055575131606170558e+00
2.087874984741210938e+01, 8.600000000000000000e+02, 6.570000000000000000e+02, -1.017876019763092943e+00
2.091067862510681152e+01, 8.720000000000000000e+02, 6.490000000000000000e+02, -1.011592834455913303e+00
2.094241786003112793e+01, 8.830000000000000000e+02, 6.390000000000000000e+02, -1.011592834455913303e+00
2.097480177879333496e+01, 8.790000000000000000e+02, 6.430000000000000000e+02, -1.011592834455913303e+00
2.100670075416564941e+01, 8.780000000000000000e+02, 6.420000000000000000e+02, -1.011592834455913303e+00
2.103852677345275879e+01, 8.790000000000000000e+02, 6.430000000000000000e+02, -1.011592834455913303e+00
2.107059979438781738e+01, 8.790000000000000000e+02, 6.420000000000000000e+02, -1.011592834455913303e+00
2.110275197029113770e+01, 8.780000000000000000e+02, 6.420000000000000000e+02, -1.011592834455913303e+00
2.113458299636840820e+01, 8.790000000000000000e+02, 6.430000000000000000e+02, -1.011592834455913303e+00
2.116672086715698242e+01, 8.790000000000000000e+02, 6.430000000000000000e+02, -1.011592834455913303e+00
2.119864583015441895e+01, 8.790000000000000000e+02, 6.420000000000000000e+02, -1.011592834455913303e+00
2.123027682304382324e+01, 8.790000000000000000e+02, 6.430000000000000000e+02, -1.011592834455913303e+00
2.126247286796569824e+01, 8.780000000000000000e+02, 6.430000000000000000e+02, -1.011592834455913303e+00
2.129483079910278320e+01, 8.790000000000000000e+02, 6.430000000000000000e+02, -1.011592834455913303e+00
2.132651901245117188e+01, 8.790000000000000000e+02, 6.420000000000000000e+02, -1.011592834455913303e+00
2.135887074470520020e+01, 8.790000000000000000e+02, 6.430000000000000000e+02, -1.011592834455913303e+00
2.139081382751464844e+01, 8.790000000000000000e+02, 6.420000000000000000e+02, -1.011592834455913303e+00
2.142272162437438965e+01, 8.790000000000000000e+02, 6.430000000000000000e+02, -1.011592834455913303e+00
2.145488572120666504e+01, 8.790000000000000000e+02, 6.430000000000000000e+02, -1.011592834455913303e+00
2.148674988746643066e+01, 8.790000000000000000e+02, 6.430000000000000000e+02, -1.011592834455913303e+00
2.151871895790100098e+01, 8.790000000000000000e+02, 6.430000000000000000e+02, -1.011592834455913303e+00
2.155062866210937500e+01, 8.790000000000000000e+02, 6.430000000000000000e+02, -1.011592834455913303e+00
2.158294558525085449e+01, 8.780000000000000000e+02, 6.430000000000000000e+02, -1.011592834455913303e+00
2.161483073234558105e+01, 8.780000000000000000e+02, 6.430000000000000000e+02, -1.014734427109503123e+00
2.164704895019531250e+01, 8.790000000000000000e+02, 6.420000000000000000e+02, -1.124690169985145927e+00
2.167853593826293945e+01, 8.790000000000000000e+02, 6.430000000000000000e+02, -1.184380430403352058e+00
2.171068477630615234e+01, 8.690000000000000000e+02, 6.510000000000000000e+02, -1.195376004690916316e+00
2.174289989471435547e+01, 8.480000000000000000e+02, 6.630000000000000000e+02, -1.196946801017711115e+00
2.177445292472839355e+01, 8.360000000000000000e+02, 6.680000000000000000e+02, -1.195376004690916316e+00
2.180668187141418457e+01, 8.320000000000000000e+02, 6.690000000000000000e+02, -1.195376004690916316e+00
2.183846569061279297e+01, 8.320000000000000000e+02, 6.690000000000000000e+02, -1.196946801017711115e+00
2.187047672271728516e+01, 8.320000000000000000e+02, 6.700000000000000000e+02, -1.196946801017711115e+00
2.190237903594970703e+01, 8.320000000000000000e+02, 6.700000000000000000e+02, -1.195376004690916316e+00
2.193441200256347656e+01, 8.310000000000000000e+02, 6.700000000000000000e+02, -1.195376004690916316e+00
2.196638989448547363e+01, 8.310000000000000000e+02, 6.700000000000000000e+02, -1.195376004690916316e+00
2.199846982955932617e+01, 8.310000000000000000e+02, 6.700000000000000000e+02, -1.195376004690916316e+00
2.203058290481567383e+01, 8.310000000000000000e+02, 6.700000000000000000e+02, -1.196946801017711115e+00
2.206269788742065430e+01, 8.320000000000000000e+02, 6.700000000000000000e+02, -1.196946801017711115e+00
2.209431385993957520e+01, 8.320000000000000000e+02, 6.700000000000000000e+02, -1.195376004690916316e+00
2.212699174880981445e+01, 8.320000000000000000e+02, 6.700000000000000000e+02, -1.195376004690916316e+00
2.215816092491149902e+01, 8.310000000000000000e+02, 6.700000000000000000e+02, -1.196946801017711115e+00
2.219050288200378418e+01, 8.320000000000000000e+02, 6.700000000000000000e+02, -1.195376004690916316e+00
2.222257566452026367e+01, 8.320000000000000000e+02, 6.700000000000000000e+02, -1.196946801017711115e+00
2.225445580482482910e+01, 8.320000000000000000e+02, 6.690000000000000000e+02, -1.195376004690916316e+00
2.228655266761779785e+01, 8.310000000000000000e+02, 6.700000000000000000e+02, -1.195376004690916316e+00
2.231852388381958008e+01, 8.310000000000000000e+02, 6.700000000000000000e+02, -1.196946801017711115e+00
2.235070991516113281e+01, 8.310000000000000000e+02, 6.700000000000000000e+02, -1.196946801017711115e+00
2.238273882865905762e+01, 8.320000000000000000e+02, 6.700000000000000000e+02, -1.195376004690916316e+00
2.241527390480041504e+01, 8.320000000000000000e+02, 6.700000000000000000e+02, -1.195376004690916316e+00
2.244654989242553711e+01, 8.320000000000000000e+02, 6.700000000000000000e+02, -1.030442390377452222e+00
2.247834181785583496e+01, 8.330000000000000000e+02, 6.700000000000000000e+02, -8.026769229921921767e-01
2.250965785980224609e+01, 8.950000000000000000e+02, 6.280000000000000000e+02, -5.843362335677014796e-01
2.254232978820800781e+01, 9.410000000000000000e+02, 5.630000000000000000e+02, -4.649557127312893834e-01
2.257464480400085449e+01, 9.700000000000000000e+02, 4.930000000000000000e+02, -4.461061568097505758e-01
2.260706782341003418e+01, 9.800000000000000000e+02, 4.430000000000000000e+02, -4.461061568097505758e-01
2.263889884948730469e+01, 9.820000000000000000e+02, 4.250000000000000000e+02, -4.461061568097505758e-01
2.267061662673950195e+01, 9.780000000000000000e+02, 4.450000000000000000e+02, -4.445353604829556660e-01
2.270264077186584473e+01, 9.750000000000000000e+02, 4.630000000000000000e+02, -4.461061568097505758e-01
2.273454999923706055e+01, 9.760000000000000000e+02, 4.640000000000000000e+02, -4.461061568097505758e-01
2.276671385765075684e+01, 9.760000000000000000e+02, 4.650000000000000000e+02, -4.445353604829556660e-01
2.279864764213562012e+01, 9.770000000000000000e+02, 4.660000000000000000e+02, -4.445353604829556660e-01
2.283039093017578125e+01, 9.750000000000000000e+02, 4.650000000000000000e+02, -4.445353604829556660e-01
2.286248874664306641e+01, 9.770000000000000000e+02, 4.640000000000000000e+02, -4.461061568097505758e-01
2.289464879035949707e+01, 9.750000000000000000e+02, 4.660000000000000000e+02, -4.445353604829556660e-01
2.292642474174499512e+01, 9.750000000000000000e+02, 4.650000000000000000e+02, -4.461061568097505758e-01
2.295876193046569824e+01, 9.750000000000000000e+02, 4.650000000000000000e+02, -4.461061568097505758e-01
2.299053692817687988e+01, 9.760000000000000000e+02, 4.650000000000000000e+02, -4.445353604829556660e-01
2.302247381210327148e+01, 9.760000000000000000e+02, 4.640000000000000000e+02, -4.445353604829556660e-01
2.305452680587768555e+01, 9.760000000000000000e+02, 4.640000000000000000e+02, -4.461061568097505758e-01
2.308668279647827148e+01, 9.750000000000000000e+02, 4.650000000000000000e+02, -4.445353604829556660e-01
2.311855888366699219e+01, 9.760000000000000000e+02, 4.660000000000000000e+02, -4.445353604829556660e-01
2.315064072608947754e+01, 9.760000000000000000e+02, 4.650000000000000000e+02, -4.445353604829556660e-01
2.318287897109985352e+01, 9.760000000000000000e+02, 4.650000000000000000e+02, -4.445353604829556660e-01
2.321550798416137695e+01, 9.760000000000000000e+02, 4.650000000000000000e+02, -4.429645641561608116e-01
2.324646496772766113e+01, 9.760000000000000000e+02, 4.650000000000000000e+02, -4.131194339470578014e-01
2.327857685089111328e+01, 9.750000000000000000e+02, 4.650000000000000000e+02, -3.942698780255190494e-01
2.331020379066467285e+01, 9.780000000000000000e+02, 4.520000000000000000e+02, -3.926990816987241395e-01
2.334236979484558105e+01, 9.780000000000000000e+02, 4.480000000000000000e+02, -3.911282853719292296e-01
2.337475872039794922e+01, 9.770000000000000000e+02, 4.470000000000000000e+02, -3.911282853719292296e-01
2.340670585632324219e+01, 9.790000000000000000e+02, 4.490000000000000000e+02, -3.911282853719292296e-01
2.343867874145507812e+01, 9.790000000000000000e+02, 4.490000000000000000e+02, -3.911282853719292296e-01
2.347083282470703125e+01, 9.790000000000000000e+02, 4.480000000000000000e+02, -3.911282853719292296e-01
2.350244092941284180e+01, 9.780000000000000000e+02, 4.490000000000000000e+02, -3.911282853719292296e-01
2.353486585617065430e+01, 9.780000000000000000e+02, 4.490000000000000000e+02, -3.926990816987241395e-01
2.356646990776062012e+01, 9.780000000000000000e+02, 4.480000000000000000e+02, -3.911282853719292296e-01
2.359845566749572754e+01, 9.790000000000000000e+02, 4.490000000000000000e+02, -3.911282853719292296e-01
2.363026690483093262e+01, 9.780000000000000000e+02, 4.470000000000000000e+02, -3.911282853719292296e-01
2.366263175010681152e+01, 9.780000000000000000e+02, 4.470000000000000000e+02, -3.926990816987241395e-01
2.369451975822448730e+01, 9.770000000000000000e+02, 4.480000000000000000e+02, -3.911282853719292296e-01
2.372669577598571777e+01, 9.790000000000000000e+02, 4.480000000000000000e+02, -3.911282853719292296e-01
2.375883483886718750e+01, 9.790000000000000000e+02, 4.480000000000000000e+02, -3.911282853719292296e-01
2.379096388816833496e+01, 9.780000000000000000e+02, 4.480000000000000000e+02, -3.911282853719292296e-01
2.382273364067077637e+01, 9.790000000000000000e+02, 4.480000000000000000e+02, -3.911282853719292296e-01
2.385468077659606934e+01, 9.780000000000000000e+02, 4.490000000000000000e+02, -3.926990816987241395e-01
2.388646483421325684e+01, 9.780000000000000000e+02, 4.470000000000000000e+02, -3.911282853719292296e-01
2.391858363151550293e+01, 9.780000000000000000e+02, 4.470000000000000000e+02, -3.911282853719292296e-01
2.395033073425292969e+01, 9.790000000000000000e+02, 4.480000000000000000e+02, -3.911282853719292296e-01
2.398288369178771973e+01, 9.790000000000000000e+02, 4.470000000000000000e+02, -3.926990816987241395e-01
2.401474571228027344e+01, 9.780000000000000000e+02, 4.480000000000000000e+02, -3.848451000647496456e-01
2.404678082466125488e+01, 9.790000000000000000e+02, 4.490000000000000000e+02, -2.057743188101314458e-01
2.407853794097900391e+01, 9.800000000000000000e+02, 4.460000000000000000e+02, 1.727875959474385950e-02
2.411028075218200684e+01, 9.840000000000000000e+02, 3.750000000000000000e+02, 1.900663555421824857e-01
2.414305782318115234e+01, 9.730000000000000000e+02, 3.050000000000000000e+02, 2.434734306532089776e-01
2.417453885078430176e+01, 9.490000000000000000e+02, 2.350000000000000000e+02, 2.466150233067987696e-01
2.420632863044738770e+01, 9.240000000000000000e+02, 2.000000000000000000e+02, 2.466150233067987696e-01
2.423859477043151855e+01, 9.000000000000000000e+02, 1.950000000000000000e+02, 2.466150233067987696e-01
2.427083086967468262e+01, 8.760000000000000000e+02, 2.200000000000000000e+02, 2.466150233067987696e-01
2.430242776870727539e+01, 8.460000000000000000e+02, 2.490000000000000000e+02, 2.466150233067987696e-01
2.433434581756591797e+01, 8.140000000000000000e+02, 2.620000000000000000e+02, 2.466150233067987696e-01
2.436659479141235352e+01, 7.770000000000000000e+02, 2.760000000000000000e+02, 2.466150233067987696e-01
2.439841794967651367e+01, 7.350000000000000000e+02, 2.860000000000000000e+02, 2.466150233067987696e-01
2.443052697181701660e+01, 7.130000000000000000e+02, 2.900000000000000000e+02, 2.466150233067987696e-01
2.446242785453796387e+01, 6.660000000000000000e+02, 3.020000000000000000e+02, 2.466150233067987696e-01
2.449434971809387207e+01, 6.140000000000000000e+02, 3.120000000000000000e+02, 2.466150233067987696e-01
2.452674269676208496e+01, 5.560000000000000000e+02, 3.210000000000000000e+02, 2.466150233067987696e-01
2.455831766128540039e+01, 4.880000000000000000e+02, 3.390000000000000000e+02, 2.466150233067987696e-01
2.459065866470336914e+01, 4.190000000000000000e+02, 3.510000000000000000e+02, 2.466150233067987696e-01
2.462249875068664551e+01, 3.430000000000000000e+02, 3.670000000000000000e+02, 2.466150233067987696e-01
2.465444469451904297e+01, 2.570000000000000000e+02, 3.840000000000000000e+02, 2.466150233067987696e-01
2.468637490272521973e+01, 2.540000000000000000e+02, 3.860000000000000000e+02, 2.466150233067987696e-01
2.471857190132141113e+01, 2.500000000000000000e+02, 3.870000000000000000e+02, 2.466150233067987696e-01
2.475024795532226562e+01, 2.520000000000000000e+02, 3.870000000000000000e+02, 2.466150233067987696e-01
2.478238487243652344e+01, 2.540000000000000000e+02, 3.870000000000000000e+02, 2.466150233067987696e-01
2.481382393836975098e+01, 2.540000000000000000e+02, 3.860000000000000000e+02, -2.434734306532089665e+00
2.483073878288269043e+01, 2.540000000000000000e+02, 3.860000000000000000e+02, 1.602212253330794478e-01
2.486262392997741699e+01, 2.540000000000000000e+02, 3.860000000000000000e+02, -5.183627878423158891e-02
2.489456486701965332e+01, 2.560000000000000000e+02, 3.690000000000000000e+02, -2.607521902479528197e-01
2.492610979080200195e+01, 2.730000000000000000e+02, 2.790000000000000000e+02, -3.628539514896211293e-01
2.495848393440246582e+01, 2.990000000000000000e+02, 2.170000000000000000e+02, -3.801327110843649715e-01
2.499031591415405273e+01, 3.410000000000000000e+02, 1.670000000000000000e+02, -3.801327110843649715e-01
2.502209186553955078e+01, 3.800000000000000000e+02, 1.520000000000000000e+02, -3.801327110843649715e-01
2.505436968803405762e+01, 4.180000000000000000e+02, 1.710000000000000000e+02, -3.801327110843649715e-01
2.508619379997253418e+01, 4.600000000000000000e+02, 2.230000000000000000e+02, -3.801327110843649715e-01
2.511849498748779297e+01, 5.070000000000000000e+02, 2.490000000000000000e+02, -3.801327110843649715e-01
2.515065884590148926e+01, 5.590000000000000000e+02, 2.770000000000000000e+02, -3.801327110843649715e-01
2.518259882926940918e+01, 6.120000000000000000e+02, 3.020000000000000000e+02, -3.801327110843649715e-01
2.521489787101745605e+01, 6.710000000000000000e+02, 3.250000000000000000e+02, -3.754203221039802418e-01
2.524630188941955566e+01, 7.030000000000000000e+02, 3.340000000000000000e+02, -2.057743188101314458e-01
2.527823066711425781e+01, 7.710000000000000000e+02, 3.570000000000000000e+02, 1.570796326794896697e-02
2.531039094924926758e+01, 8.550000000000000000e+02, 3.530000000000000000e+02, 1.492256510455151619e-01
2.534251475334167480e+01, 9.470000000000000000e+02, 3.040000000000000000e+02, 1.790707812546182276e-01
2.537482476234436035e+01, 9.390000000000000000e+02, 2.480000000000000000e+02, 1.790707812546182276e-01
2.540658569335937500e+01, 8.820000000000000000e+02, 2.250000000000000000e+02, 1.790707812546182276e-01
2.543853473663330078e+01, 8.260000000000000000e+02, 2.390000000000000000e+02, 1.790707812546182276e-01
2.547063279151916504e+01, 7.690000000000000000e+02, 2.850000000000000000e+02, 1.790707812546182276e-01
2.550244474411010742e+01, 7.230000000000000000e+02, 2.930000000000000000e+02, 1.790707812546182276e-01
2.553438687324523926e+01, 6.780000000000000000e+02, 3.040000000000000000e+02, 1.790707812546182276e-01
2.556628870964050293e+01, 6.380000000000000000e+02, 3.100000000000000000e+02, 1.790707812546182276e-01
2.559836173057556152e+01, 6.040000000000000000e+02, 3.150000000000000000e+02, 1.790707812546182276e-01
2.563033175468444824e+01, 5.910000000000000000e+02, 3.160000000000000000e+02, 1.790707812546182276e-01
2.566238880157470703e+01, 5.640000000000000000e+02, 3.180000000000000000e+02, 1.790707812546182276e-01
2.569427299499511719e+01, 5.340000000000000000e+02, 3.210000000000000000e+02, 1.790707812546182276e-01
2.572666859626770020e+01, 4.980000000000000000e+02, 3.290000000000000000e+02, 1.790707812546182276e-01
2.575825977325439453e+01, 4.610000000000000000e+02, 3.320000000000000000e+02, 1.790707812546182276e-01
2.579042792320251465e+01, 4.210000000000000000e+02, 3.380000000000000000e+02, 1.790707812546182276e-01
2.582216072082519531e+01, 3.760000000000000000e+02, 3.440000000000000000e+02, 1.790707812546182276e-01
2.585441875457763672e+01, 3.270000000000000000e+02, 3.510000000000000000e+02, 1.790707812546182276e-01
2.588635373115539551e+01, 2.730000000000000000e+02, 3.580000000000000000e+02, 1.790707812546182276e-01
2.591836977005004883e+01, 2.540000000000000000e+02, 3.620000000000000000e+02, 1.790707812546182276e-01
2.595015978813171387e+01, 2.550000000000000000e+02, 3.610000000000000000e+02, 1.790707812546182276e-01
2.598276567459106445e+01, 2.510000000000000000e+02, 3.630000000000000000e+02, 1.790707812546182276e-01
2.601421785354614258e+01, 2.520000000000000000e+02, 3.620000000000000000e+02, 1.806415775814131097e-01
2.604647088050842285e+01, 2.520000000000000000e+02, 3.620000000000000000e+02, 1.916371518689773679e-01
2.607848763465881348e+01, 2.520000000000000000e+02, 3.620000000000000000e+02, 1.979203371761569796e-01
2.611021780967712402e+01, 2.530000000000000000e+02, 3.660000000000000000e+02, 1.994911335029518618e-01
2.614240002632141113e+01, 2.530000000000000000e+02, 3.680000000000000000e+02, 1.994911335029518618e-01
2.617459893226623535e+01, 2.530000000000000000e+02, 3.680000000000000000e+02, 1.994911335029518618e-01
2.620641779899597168e+01, 2.530000000000000000e+02, 3.690000000000000000e+02, 1.994911335029518618e-01
2.623862576484680176e+01, 2.540000000000000000e+02, 3.690000000000000000e+02, 1.994911335029518618e-01
2.627036380767822266e+01, 2.540000000000000000e+02, 3.680000000000000000e+02, 1.994911335029518618e-01
2.630254793167114258e+01, 2.530000000000000000e+02, 3.680000000000000000e+02, 1.994911335029518618e-01
2.633434486389160156e+01, 2.540000000000000000e+02, 3.680000000000000000e+02, 1.994911335029518618e-01
2.636647176742553711e+01, 2.540000000000000000e+02, 3.690000000000000000e+02, 1.994911335029518618e-01
2.639835166931152344e+01, 2.540000000000000000e+02, 3.680000000000000000e+02, 1.994911335029518618e-01
2.643051481246948242e+01, 2.540000000000000000e+02, 3.680000000000000000e+02, 1.994911335029518618e-01
2.646238994598388672e+01, 2.540000000000000000e+02, 3.680000000000000000e+02, 1.994911335029518618e-01
2.649427366256713867e+01, 2.540000000000000000e+02, 3.680000000000000000e+02, 1.994911335029518618e-01
2.652617764472961426e+01, 2.540000000000000000e+02, 3.680000000000000000e+02, 1.994911335029518618e-01
2.655855774879455566e+01, 2.550000000000000000e+02, 3.690000000000000000e+02, 1.994911335029518618e-01
2.659044384956359863e+01, 2.540000000000000000e+02, 3.680000000000000000e+02, 1.994911335029518618e-01
2.662233877182006836e+01, 2.530000000000000000e+02, 3.680000000000000000e+02, 1.994911335029518618e-01
2.665442371368408203e+01, 2.540000000000000000e+02, 3.680000000000000000e+02, 1.994911335029518618e-01
2.668640875816345215e+01, 2.530000000000000000e+02, 3.680000000000000000e+02, 1.994911335029518618e-01
2.671846866607666016e+01, 2.530000000000000000e+02, 3.680000000000000000e+02, 1.994911335029518618e-01
2.675024580955505371e+01, 2.540000000000000000e+02, 3.680000000000000000e+02, 1.994911335029518618e-01
2.678207087516784668e+01, 2.530000000000000000e+02, 3.680000000000000000e+02, 1.994911335029518618e-01
2.681462502479553223e+01, 2.540000000000000000e+02, 3.680000000000000000e+02, 1.994911335029518618e-01
2.684614276885986328e+01, 2.540000000000000000e+02, 3.680000000000000000e+02, 3.534291735288517255e-01
2.687826776504516602e+01, 2.540000000000000000e+02, 3.680000000000000000e+02, 5.796238445873168610e-01
2.690944886207580566e+01, 2.550000000000000000e+02, 3.870000000000000000e+02, 7.853981633974482790e-01
2.694207382202148438e+01, 2.580000000000000000e+02, 4.440000000000000000e+02, 8.639379797371932179e-01
2.697420883178710938e+01, 2.800000000000000000e+02, 5.310000000000000000e+02, 8.780751466783472958e-01
2.700644779205322266e+01, 3.170000000000000000e+02, 6.010000000000000000e+02, 8.765043503515523859e-01
2.703849482536315918e+01, 3.180000000000000000e+02, 6.040000000000000000e+02, 8.765043503515523859e-01
2.707040882110595703e+01, 3.210000000000000000e+02, 6.080000000000000000e+02, 8.765043503515523859e-01
2.710247874259948730e+01, 3.200000000000000000e+02, 6.090000000000000000e+02, 8.765043503515523859e-01
2.713414382934570312e+01, 3.210000000000000000e+02, 6.080000000000000000e+02, 8.765043503515523859e-01
2.716681075096130371e+01, 3.210000000000000000e+02, 6.080000000000000000e+02, 8.765043503515523859e-01
2.719836068153381348e+01, 3.210000000000000000e+02, 6.080000000000000000e+02, 8.765043503515523859e-01
2.723026084899902344e+01, 3.210000000000000000e+02, 6.080000000000000000e+02, 8.765043503515523859e-01
2.726229786872863770e+01, 3.210000000000000000e+02, 6.070000000000000000e+02, 8.765043503515523859e-01
2.729465079307556152e+01, 3.220000000000000000e+02, 6.070000000000000000e+02, 8.765043503515523859e-01
2.732644891738891602e+01, 3.210000000000000000e+02, 6.060000000000000000e+02, 8.765043503515523859e-01
2.735832881927490234e+01, 3.210000000000000000e+02, 6.060000000000000000e+02, 8.765043503515523859e-01
2.739037799835205078e+01, 3.220000000000000000e+02, 6.070000000000000000e+02, 8.765043503515523859e-01
2.742243885993957520e+01, 3.220000000000000000e+02, 6.070000000000000000e+02, 8.765043503515523859e-01
2.745431661605834961e+01, 3.220000000000000000e+02, 6.070000000000000000e+02, 8.765043503515523859e-01
2.748636698722839355e+01, 3.220000000000000000e+02, 6.070000000000000000e+02, 8.765043503515523859e-01
2.751848173141479492e+01, 3.220000000000000000e+02, 6.070000000000000000e+02, 8.765043503515523859e-01
2.755070161819458008e+01, 3.210000000000000000e+02, 6.060000000000000000e+02, 8.765043503515523859e-01
2.758272886276245117e+01, 3.220000000000000000e+02, 6.070000000000000000e+02, 8.765043503515523859e-01
2.761442375183105469e+01, 3.220000000000000000e+02, 6.060000000000000000e+02, 8.765043503515523859e-01
2.764662384986877441e+01, 3.210000000000000000e+02, 6.070000000000000000e+02, 8.843583319855267133e-01
2.767850971221923828e+01, 3.210000000000000000e+02, 6.070000000000000000e+02, 8.874999246391164220e-01
2.771018171310424805e+01, 3.220000000000000000e+02, 6.090000000000000000e+02, 8.890707209659113319e-01
2.774240779876708984e+01, 3.210000000000000000e+02, 6.100000000000000000e+02, 8.906415172927062418e-01
2.777420902252197266e+01, 3.220000000000000000e+02, 6.110000000000000000e+02, 8.906415172927062418e-01
2.780667495727539062e+01, 3.230000000000000000e+02, 6.110000000000000000e+02, 8.906415172927062418e-01
2.783832597732543945e+01, 3.230000000000000000e+02, 6.110000000000000000e+02, 8.922123136195011517e-01
2.787030577659606934e+01, 3.230000000000000000e+02, 6.110000000000000000e+02, 8.922123136195011517e-01
2.790244674682617188e+01, 3.220000000000000000e+02, 6.100000000000000000e+02, 8.922123136195011517e-01
2.793417882919311523e+01, 3.230000000000000000e+02, 6.110000000000000000e+02, 8.906415172927062418e-01
2.796638894081115723e+01, 3.230000000000000000e+02, 6.100000000000000000e+02, 8.906415172927062418e-01
2.799814772605895996e+01, 3.230000000000000000e+02, 6.100000000000000000e+02, 8.906415172927062418e-01
2.803053593635559082e+01, 3.230000000000000000e+02, 6.110000000000000000e+02, 8.906415172927062418e-01
2.806202292442321777e+01, 3.220000000000000000e+02, 6.110000000000000000e+02, 8.906415172927062418e-01
2.809416079521179199e+01, 3.230000000000000000e+02, 6.110000000000000000e+02, 8.906415172927062418e-01
2.812643480300903320e+01, 3.230000000000000000e+02, 6.110000000000000000e+02, 8.922123136195011517e-01
2.815822696685791016e+01, 3.220000000000000000e+02, 6.110000000000000000e+02, 8.906415172927062418e-01
2.819040989875793457e+01, 3.230000000000000000e+02, 6.100000000000000000e+02, 8.906415172927062418e-01
2.822227668762207031e+01, 3.230000000000000000e+02, 6.100000000000000000e+02, 8.922123136195011517e-01
2.825407695770263672e+01, 3.230000000000000000e+02, 6.110000000000000000e+02, 8.906415172927062418e-01
2.828620696067810059e+01, 3.230000000000000000e+02, 6.100000000000000000e+02, 8.922123136195011517e-01
2.831868958473205566e+01, 3.230000000000000000e+02, 6.110000000000000000e+02, 8.906415172927062418e-01
2.835028767585754395e+01, 3.220000000000000000e+02, 6.100000000000000000e+02, 8.922123136195011517e-01
2.838227081298828125e+01, 3.220000000000000000e+02, 6.100000000000000000e+02, 8.906415172927062418e-01
2.841503262519836426e+01, 3.220000000000000000e+02, 6.100000000000000000e+02, 8.984954989266807912e-01
2.844629788398742676e+01, 3.230000000000000000e+02, 6.110000000000000000e+02, 1.035154779357836841e+00
2.847837686538696289e+01, 3.230000000000000000e+02, 6.120000000000000000e+02, 1.110553003043991849e+00
2.850964879989624023e+01, 3.350000000000000000e+02, 6.270000000000000000e+02, 1.126260966311940726e+00
2.854216599464416504e+01, 3.600000000000000000e+02, 6.530000000000000000e+02, 1.127831762638735746e+00
2.857425570487976074e+01, 3.830000000000000000e+02, 6.640000000000000000e+02, 1.127831762638735746e+00
2.860615968704223633e+01, 3.870000000000000000e+02, 6.660000000000000000e+02, 1.127831762638735746e+00
2.863830399513244629e+01, 3.870000000000000000e+02, 6.670000000000000000e+02, 1.127831762638735746e+00
2.867004370689392090e+01, 3.870000000000000000e+02, 6.660000000000000000e+02, 1.127831762638735746e+00
2.870212888717651367e+01, 3.880000000000000000e+02, 6.660000000000000000e+02, 1.127831762638735746e+00
2.873456478118896484e+01, 3.880000000000000000e+02, 6.670000000000000000e+02, 1.127831762638735746e+00
2.876622986793518066e+01, 3.870000000000000000e+02, 6.660000000000000000e+02, 1.127831762638735746e+00
2.879818797111511230e+01, 3.870000000000000000e+02, 6.660000000000000000e+02, 1.127831762638735746e+00
2.883009576797485352e+01, 3.870000000000000000e+02, 6.660000000000000000e+02, 1.127831762638735746e+00
2.886211681365966797e+01, 3.870000000000000000e+02, 6.660000000000000000e+02, 1.127831762638735746e+00
2.889424991607666016e+01, 3.870000000000000000e+02, 6.660000000000000000e+02, 1.127831762638735746e+00
2.892625570297241211e+01, 3.870000000000000000e+02, 6.660000000000000000e+02, 1.127831762638735746e+00
2.895806884765625000e+01, 3.870000000000000000e+02, 6.660000000000000000e+02, 1.127831762638735746e+00
2.899034285545349121e+01, 3.870000000000000000e+02, 6.660000000000000000e+02, 1.127831762638735746e+00
2.902221584320068359e+01, 3.870000000000000000e+02, 6.660000000000000000e+02, 1.127831762638735746e+00
2.905406165122985840e+01, 3.880000000000000000e+02, 6.660000000000000000e+02, 1.127831762638735746e+00
2.908651375770568848e+01, 3.870000000000000000e+02, 6.660000000000000000e+02, 1.127831762638735746e+00
2.911794471740722656e+01, 3.870000000000000000e+02, 6.660000000000000000e+02, 1.127831762638735746e+00
2.915005373954772949e+01, 3.870000000000000000e+02, 6.660000000000000000e+02, 1.127831762638735746e+00
2.918246197700500488e+01, 3.870000000000000000e+02, 6.660000000000000000e+02, 1.127831762638735746e+00
2.921460080146789551e+01, 3.870000000000000000e+02, 6.660000000000000000e+02, 1.126260966311940726e+00
2.924602794647216797e+01, 3.870000000000000000e+02, 6.660000000000000000e+02, 9.786061115932205290e-01
2.927804064750671387e+01, 3.860000000000000000e+02, 6.660000000000000000e+02, 8.843583319855267133e-01
2.931015276908874512e+01, 3.260000000000000000e+02, 6.160000000000000000e+02, 8.655087760639881278e-01
2.934218597412109375e+01, 2.900000000000000000e+02, 5.580000000000000000e+02, 8.623671834103983080e-01
2.937462878227233887e+01, 2.770000000000000000e+02, 5.270000000000000000e+02, 8.607963870836033982e-01
2.940597462654113770e+01, 2.770000000000000000e+02, 5.270000000000000000e+02, 8.607963870836033982e-01
2.943838286399841309e+01, 2.890000000000000000e+02, 5.540000000000000000e+02, 8.607963870836033982e-01
2.947029972076416016e+01, 3.170000000000000000e+02, 6.020000000000000000e+02, 8.607963870836033982e-01
2.950254797935485840e+01, 3.180000000000000000e+02, 6.050000000000000000e+02, 8.607963870836033982e-01
2.953453683853149414e+01, 3.180000000000000000e+02, 6.040000000000000000e+02, 8.607963870836033982e-01
2.956613183021545410e+01, 3.180000000000000000e+02, 6.050000000000000000e+02, 8.607963870836033982e-01
2.959820890426635742e+01, 3.180000000000000000e+02, 6.050000000000000000e+02, 8.607963870836033982e-01
2.963020062446594238e+01, 3.180000000000000000e+02, 6.040000000000000000e+02, 8.607963870836033982e-01
2.966224670410156250e+01, 3.190000000000000000e+02, 6.040000000000000000e+02, 8.607963870836033982e-01
2.969429969787597656e+01, 3.190000000000000000e+02, 6.040000000000000000e+02, 8.607963870836033982e-01
2.972610569000244141e+01, 3.190000000000000000e+02, 6.030000000000000000e+02, 8.607963870836033982e-01
2.975849485397338867e+01, 3.190000000000000000e+02, 6.040000000000000000e+02, 8.607963870836033982e-01
2.979021477699279785e+01, 3.190000000000000000e+02, 6.040000000000000000e+02, 8.607963870836033982e-01
2.982254695892333984e+01, 3.190000000000000000e+02, 6.040000000000000000e+02, 8.607963870836033982e-01
2.985423183441162109e+01, 3.190000000000000000e+02, 6.040000000000000000e+02, 8.607963870836033982e-01
2.988605284690856934e+01, 3.190000000000000000e+02, 6.040000000000000000e+02, 8.607963870836033982e-01
2.991831970214843750e+01, 3.180000000000000000e+02, 6.040000000000000000e+02, 8.607963870836033982e-01
2.995017170906066895e+01, 3.190000000000000000e+02, 6.040000000000000000e+02, 8.607963870836033982e-01
2.998235869407653809e+01, 3.190000000000000000e+02, 6.040000000000000000e+02, 8.607963870836033982e-01
3.001473188400268555e+01, 3.180000000000000000e+02, 6.030000000000000000e+02, 8.607963870836033982e-01
3.004613494873046875e+01, 3.180000000000000000e+02, 6.040000000000000000e+02, 8.340928495280901522e-01
3.007811975479125977e+01, 3.180000000000000000e+02, 6.040000000000000000e+02, 8.183848862601411644e-01
3.011026287078857422e+01, 3.120000000000000000e+02, 5.950000000000000000e+02, 8.152432936065513447e-01
3.014232397079467773e+01, 3.100000000000000000e+02, 5.920000000000000000e+02, 8.152432936065513447e-01
3.017457199096679688e+01, 3.110000000000000000e+02, 5.920000000000000000e+02, 8.152432936065513447e-01
3.020670986175537109e+01, 3.110000000000000000e+02, 5.920000000000000000e+02, 8.152432936065513447e-01
3.023814487457275391e+01, 3.100000000000000000e+02, 5.920000000000000000e+02, 8.152432936065513447e-01
3.027034687995910645e+01, 3.100000000000000000e+02, 5.920000000000000000e+02, 8.152432936065513447e-01
3.030228781700134277e+01, 3.100000000000000000e+02, 5.920000000000000000e+02, 8.152432936065513447e-01
3.033429193496704102e+01, 3.110000000000000000e+02, 5.920000000000000000e+02, 8.152432936065513447e-01
3.036609673500061035e+01, 3.100000000000000000e+02, 5.930000000000000000e+02, 8.152432936065513447e-01
3.039801883697509766e+01, 3.100000000000000000e+02, 5.920000000000000000e+02, 8.152432936065513447e-01
3.042985868453979492e+01, 3.100000000000000000e+02, 5.920000000000000000e+02, 8.152432936065513447e-01
3.046229386329650879e+01, 3.100000000000000000e+02, 5.920000000000000000e+02, 8.152432936065513447e-01
3.049411678314208984e+01, 3.100000000000000000e+02, 5.920000000000000000e+02, 8.152432936065513447e-01
3.052618694305419922e+01, 3.100000000000000000e+02, 5.920000000000000000e+02, 8.152432936065513447e-01
3.055840158462524414e+01, 3.100000000000000000e+02, 5.920000000000000000e+02, 8.152432936065513447e-01
3.058994984626770020e+01, 3.100000000000000000e+02, 5.930000000000000000e+02, 8.152432936065513447e-01
3.062227082252502441e+01, 3.100000000000000000e+02, 5.920000000000000000e+02, 8.152432936065513447e-01
3.065403485298156738e+01, 3.110000000000000000e+02, 5.920000000000000000e+02, 8.152432936065513447e-01
3.068624877929687500e+01, 3.110000000000000000e+02, 5.920000000000000000e+02, 8.152432936065513447e-01
3.071817088127136230e+01, 3.110000000000000000e+02, 5.920000000000000000e+02, 8.152432936065513447e-01
3.075019788742065430e+01, 3.100000000000000000e+02, 5.920000000000000000e+02, 8.152432936065513447e-01
3.078226685523986816e+01, 3.100000000000000000e+02, 5.920000000000000000e+02, 8.152432936065513447e-01
3.081460094451904297e+01, 3.110000000000000000e+02, 5.920000000000000000e+02, 8.042477193189870865e-01
3.084624981880187988e+01, 3.100000000000000000e+02, 5.920000000000000000e+02, 6.220353454107790947e-01
3.087803077697753906e+01, 3.090000000000000000e+02, 5.880000000000000000e+02, 4.571017310973148895e-01
3.091009569168090820e+01, 2.730000000000000000e+02, 5.120000000000000000e+02, 4.131194339470578014e-01
3.094206690788269043e+01, 2.570000000000000000e+02, 4.510000000000000000e+02, 4.099778412934680372e-01
3.097404074668884277e+01, 2.550000000000000000e+02, 4.250000000000000000e+02, 4.099778412934680372e-01
3.100616192817687988e+01, 2.560000000000000000e+02, 4.340000000000000000e+02, 4.099778412934680372e-01
3.103810977935791016e+01, 2.580000000000000000e+02, 4.520000000000000000e+02, 4.099778412934680372e-01
3.107016658782958984e+01, 2.590000000000000000e+02, 4.530000000000000000e+02, 4.099778412934680372e-01
3.110239267349243164e+01, 2.580000000000000000e+02, 4.530000000000000000e+02, 4.099778412934680372e-01
3.113390779495239258e+01, 2.580000000000000000e+02, 4.530000000000000000e+02, 4.099778412934680372e-01
3.116614770889282227e+01, 2.580000000000000000e+02, 4.520000000000000000e+02, 4.099778412934680372e-01
3.119806575775146484e+01, 2.580000000000000000e+02, 4.520000000000000000e+02, 4.099778412934680372e-01
3.123007178306579590e+01, 2.580000000000000000e+02, 4.520000000000000000e+02, 4.099778412934680372e-01
3.126205372810363770e+01, 2.580000000000000000e+02, 4.520000000000000000e+02, 4.099778412934680372e-01
3.129408383369445801e+01, 2.580000000000000000e+02, 4.530000000000000000e+02, 4.099778412934680372e-01
3.132561779022216797e+01, 2.580000000000000000e+02, 4.520000000000000000e+02, 4.099778412934680372e-01
3.135807371139526367e+01, 2.590000000000000000e+02, 4.530000000000000000e+02, 4.099778412934680372e-01
3.138991379737854004e+01, 2.580000000000000000e+02, 4.530000000000000000e+02, 4.099778412934680372e-01
3.142192173004150391e+01, 2.590000000000000000e+02, 4.520000000000000000e+02, 4.099778412934680372e-01
3.145384192466735840e+01, 2.590000000000000000e+02, 4.530000000000000000e+02, 4.099778412934680372e-01
3.148615193367004395e+01, 2.580000000000000000e+02, 4.530000000000000000e+02, 4.099778412934680372e-01
3.151781582832336426e+01, 2.570000000000000000e+02, 4.520000000000000000e+02, 4.099778412934680372e-01
3.154992890357971191e+01, 2.580000000000000000e+02, 4.520000000000000000e+02, 4.099778412934680372e-01
3.158221578598022461e+01, 2.580000000000000000e+02, 4.520000000000000000e+02, 4.099778412934680372e-01
3.161432194709777832e+01, 2.590000000000000000e+02, 4.520000000000000000e+02, 4.115486376202628915e-01
3.164604282379150391e+01, 2.590000000000000000e+02, 4.530000000000000000e+02, 4.885176576332128096e-01
3.167833590507507324e+01, 2.590000000000000000e+02, 4.520000000000000000e+02, 5.356415474370597174e-01
3.171010088920593262e+01, 2.610000000000000000e+02, 4.650000000000000000e+02, 5.434955290710341558e-01
3.174217867851257324e+01, 2.670000000000000000e+02, 4.900000000000000000e+02, 5.434955290710341558e-01
3.177413487434387207e+01, 2.680000000000000000e+02, 4.950000000000000000e+02, 5.434955290710341558e-01
3.180614566802978516e+01, 2.680000000000000000e+02, 4.960000000000000000e+02, 5.434955290710341558e-01
3.183794689178466797e+01, 2.680000000000000000e+02, 4.960000000000000000e+02, 5.434955290710341558e-01
3.187017583847045898e+01, 2.690000000000000000e+02, 4.950000000000000000e+02, 5.434955290710341558e-01
3.190205574035644531e+01, 2.680000000000000000e+02, 4.960000000000000000e+02, 5.434955290710341558e-01
3.193391489982604980e+01, 2.680000000000000000e+02, 4.950000000000000000e+02, 5.434955290710341558e-01
3.196632289886474609e+01, 2.690000000000000000e+02, 4.950000000000000000e+02, 5.434955290710341558e-01
3.199811363220214844e+01, 2.680000000000000000e+02, 4.950000000000000000e+02, 5.434955290710341558e-01
3.203000688552856445e+01, 2.690000000000000000e+02, 4.960000000000000000e+02, 5.434955290710341558e-01
3.206186389923095703e+01, 2.680000000000000000e+02, 4.950000000000000000e+02, 5.434955290710341558e-01
3.209424686431884766e+01, 2.680000000000000000e+02, 4.960000000000000000e+02, 5.434955290710341558e-01
3.212606787681579590e+01, 2.680000000000000000e+02, 4.960000000000000000e+02, 5.434955290710341558e-01
3.215817379951477051e+01, 2.680000000000000000e+02, 4.950000000000000000e+02, 5.434955290710341558e-01
3.218995475769042969e+01, 2.680000000000000000e+02, 4.950000000000000000e+02, 5.434955290710341558e-01
3.222216391563415527e+01, 2.680000000000000000e+02, 4.960000000000000000e+02, 5.434955290710341558e-01
3.225400376319885254e+01, 2.680000000000000000e+02, 4.960000000000000000e+02, 5.434955290710341558e-01
3.228608894348144531e+01, 2.690000000000000000e+02, 4.950000000000000000e+02, 5.434955290710341558e-01
3.231802964210510254e+01, 2.690000000000000000e+02, 4.960000000000000000e+02, 5.434955290710341558e-01
3.235010671615600586e+01, 2.680000000000000000e+02, 4.960000000000000000e+02, 5.434955290710341558e-01
3.238242268562316895e+01, 2.680000000000000000e+02, 4.950000000000000000e+02, 5.434955290710341558e-01
3.241429972648620605e+01, 2.680000000000000000e+02, 4.960000000000000000e+02, 5.356415474370597174e-01
3.244603371620178223e+01, 2.680000000000000000e+02, 4.950000000000000000e+02, 3.565707661824415453e-01
3.247830677032470703e+01, 2.680000000000000000e+02, 4.950000000000000000e+02, 1.350884841043610840e-01
3.250993466377258301e+01, 2.550000000000000000e+02, 4.190000000000000000e+02, 2.356194490192344698e-02
3.254184484481811523e+01, 2.570000000000000000e+02, 3.450000000000000000e+02, 1.570796326794896653e-03
3.257376885414123535e+01, 2.650000000000000000e+02, 3.070000000000000000e+02, 1.570796326794896653e-03
3.260582089424133301e+01, 2.710000000000000000e+02, 3.040000000000000000e+02, 1.570796326794896653e-03
3.263803791999816895e+01, 2.770000000000000000e+02, 3.060000000000000000e+02, 1.570796326794896653e-03
3.266999983787536621e+01, 2.840000000000000000e+02, 3.060000000000000000e+02, 1.570796326794896653e-03
3.270185875892639160e+01, 2.880000000000000000e+02, 3.060000000000000000e+02, 1.570796326794896653e-03
3.273391366004943848e+01, 2.930000000000000000e+02, 3.060000000000000000e+02, 1.570796326794896653e-03
3.276586484909057617e+01, 2.960000000000000000e+02, 3.060000000000000000e+02, 1.570796326794896653e-03
3.279805779457092285e+01, 3.000000000000000000e+02, 3.060000000000000000e+02, 1.570796326794896653e-03
3.282987976074218750e+01, 3.000000000000000000e+02, 3.060000000000000000e+02, 1.570796326794896653e-03
3.286189079284667969e+01, 3.020000000000000000e+02, 3.060000000000000000e+02, 1.570796326794896653e-03
3.289386177062988281e+01, 3.040000000000000000e+02, 3.060000000000000000e+02, 1.570796326794896653e-03
3.292575788497924805e+01, 3.040000000000000000e+02, 3.060000000000000000e+02, 1.570796326794896653e-03
3.295789575576782227e+01, 3.040000000000000000e+02, 3.060000000000000000e+02, 1.570796326794896653e-03
3.299005889892578125e+01, 3.020000000000000000e+02, 3.060000000000000000e+02, 1.570796326794896653e-03
3.302158069610595703e+01, 3.000000000000000000e+02, 3.060000000000000000e+02, 1.570796326794896653e-03
3.305411195755004883e+01, 2.970000000000000000e+02, 3.060000000000000000e+02, 1.570796326794896653e-03
3.308589267730712891e+01, 2.950000000000000000e+02, 3.060000000000000000e+02, 1.570796326794896653e-03
3.311795687675476074e+01, 2.910000000000000000e+02, 3.070000000000000000e+02, 1.570796326794896653e-03
3.314991879463195801e+01, 2.870000000000000000e+02, 3.060000000000000000e+02, 1.570796326794896653e-03
3.318230581283569336e+01, 2.830000000000000000e+02, 3.060000000000000000e+02, 1.570796326794896653e-03
3.321469593048095703e+01, 2.780000000000000000e+02, 3.070000000000000000e+02, 3.141592653589793307e-03
3.324591469764709473e+01, 2.750000000000000000e+02, 3.060000000000000000e+02, 9.896016858807848982e-02
3.327776169776916504e+01, 2.710000000000000000e+02, 3.060000000000000000e+02, 1.617920216598743299e-01
3.330993580818176270e+01, 2.650000000000000000e+02, 3.170000000000000000e+02, 1.759291886010284078e-01
3.334196877479553223e+01, 2.560000000000000000e+02, 3.560000000000000000e+02, 1.774999849278233177e-01
3.337393260002136230e+01, 2.590000000000000000e+02, 3.590000000000000000e+02, 1.774999849278233177e-01
3.340630078315734863e+01, 2.550000000000000000e+02, 3.620000000000000000e+02, 1.774999849278233177e-01
3.343808889389038086e+01, 2.550000000000000000e+02, 3.620000000000000000e+02, 1.774999849278233177e-01
3.347025585174560547e+01, 2.540000000000000000e+02, 3.620000000000000000e+02, 1.774999849278233177e-01
3.350205588340759277e+01, 2.540000000000000000e+02, 3.620000000000000000e+02, 1.774999849278233177e-01
3.353417396545410156e+01, 2.540000000000000000e+02, 3.620000000000000000e+02, 1.774999849278233177e-01
3.356573891639709473e+01, 2.550000000000000000e+02, 3.620000000000000000e+02, 1.774999849278233177e-01
3.359779787063598633e+01, 2.540000000000000000e+02, 3.620000000000000000e+02, 1.774999849278233177e-01
3.362982559204101562e+01, 2.540000000000000000e+02, 3.620000000000000000e+02, 1.774999849278233177e-01
3.366218376159667969e+01, 2.540000000000000000e+02, 3.620000000000000000e+02, 1.774999849278233177e-01
3.369400596618652344e+01, 2.550000000000000000e+02, 3.620000000000000000e+02, 1.774999849278233177e-01
3.372587180137634277e+01, 2.550000000000000000e+02, 3.620000000000000000e+02, 1.774999849278233177e-01
3.375780296325683594e+01, 2.540000000000000000e+02, 3.620000000000000000e+02, 1.774999849278233177e-01
3.378985285758972168e+01, 2.550000000000000000e+02, 3.620000000000000000e+02, 1.774999849278233177e-01
3.382202482223510742e+01, 2.550000000000000000e+02, 3.620000000000000000e+02, 1.774999849278233177e-01
3.385394978523254395e+01, 2.550000000000000000e+02, 3.620000000000000000e+02, 1.774999849278233177e-01
3.388596081733703613e+01, 2.540000000000000000e+02, 3.620000000000000000e+02, 1.774999849278233177e-01
3.391795873641967773e+01, 2.540000000000000000e+02, 3.620000000000000000e+02, 1.774999849278233177e-01
3.394997286796569824e+01, 2.540000000000000000e+02, 3.620000000000000000e+02, 1.774999849278233177e-01
3.398189377784729004e+01, 2.540000000000000000e+02, 3.620000000000000000e+02, 1.774999849278233177e-01
3.401445984840393066e+01, 2.550000000000000000e+02, 3.620000000000000000e+02, 1.774999849278233177e-01
3.404561090469360352e+01, 2.550000000000000000e+02, 3.610000000000000000e+02, 3.235840433197486599e-01
3.407790374755859375e+01, 2.550000000000000000e+02, 3.620000000000000000e+02, 4.445353604829556660e-01
3.410962772369384766e+01, 2.540000000000000000e+02, 3.820000000000000000e+02, 4.728096943652638218e-01
3.414187169075012207e+01, 2.570000000000000000e+02, 4.360000000000000000e+02, 4.775220833456485514e-01
3.417397093772888184e+01, 2.610000000000000000e+02, 4.680000000000000000e+02, 4.775220833456485514e-01
3.420590472221374512e+01, 2.620000000000000000e+02, 4.720000000000000000e+02, 4.775220833456485514e-01
3.423811578750610352e+01, 2.620000000000000000e+02, 4.720000000000000000e+02, 4.775220833456485514e-01
3.426992988586425781e+01, 2.610000000000000000e+02, 4.720000000000000000e+02, 4.775220833456485514e-01
3.430204391479492188e+01, 2.620000000000000000e+02, 4.720000000000000000e+02, 4.775220833456485514e-01
3.433386182785034180e+01, 2.610000000000000000e+02, 4.720000000000000000e+02, 4.775220833456485514e-01
3.436586475372314453e+01, 2.620000000000000000e+02, 4.720000000000000000e+02, 4.775220833456485514e-01
3.439790678024291992e+01, 2.620000000000000000e+02, 4.720000000000000000e+02, 4.775220833456485514e-01
3.442971873283386230e+01, 2.610000000000000000e+02, 4.720000000000000000e+02, 4.775220833456485514e-01
3.446215081214904785e+01, 2.620000000000000000e+02, 4.720000000000000000e+02, 4.775220833456485514e-01
3.449298191070556641e+01, 2.610000000000000000e+02, 4.720000000000000000e+02, 4.775220833456485514e-01
3.452582883834838867e+01, 2.620000000000000000e+02, 4.730000000000000000e+02, 4.775220833456485514e-01
3.455788064002990723e+01, 2.620000000000000000e+02, 4.720000000000000000e+02, 4.775220833456485514e-01
3.458990383148193359e+01, 2.620000000000000000e+02, 4.720000000000000000e+02, 4.775220833456485514e-01
3.462160277366638184e+01, 2.620000000000000000e+02, 4.720000000000000000e+02, 4.775220833456485514e-01
3.465387272834777832e+01, 2.610000000000000000e+02, 4.730000000000000000e+02, 4.775220833456485514e-01
3.468595290184020996e+01, 2.610000000000000000e+02, 4.720000000000000000e+02, 4.775220833456485514e-01
3.471789789199829102e+01, 2.610000000000000000e+02, 4.720000000000000000e+02, 4.775220833456485514e-01
3.474992084503173828e+01, 2.610000000000000000e+02, 4.720000000000000000e+02, 4.775220833456485514e-01
3.478193473815917969e+01, 2.630000000000000000e+02, 4.720000000000000000e+02, 4.775220833456485514e-01
3.481431770324707031e+01, 2.630000000000000000e+02, 4.720000000000000000e+02, 4.775220833456485514e-01
3.484582781791687012e+01, 2.630000000000000000e+02, 4.720000000000000000e+02, 4.602433237509046537e-01
3.487801074981689453e+01, 2.630000000000000000e+02, 4.720000000000000000e+02, 4.539601384437250697e-01
3.490985870361328125e+01, 2.620000000000000000e+02, 4.710000000000000000e+02, 4.539601384437250697e-01
3.494180989265441895e+01, 2.630000000000000000e+02, 4.690000000000000000e+02, 4.539601384437250697e-01
3.497414493560791016e+01, 2.630000000000000000e+02, 4.690000000000000000e+02, 4.523893421169301599e-01
3.500567388534545898e+01, 2.620000000000000000e+02, 4.680000000000000000e+02, 4.523893421169301599e-01
3.503798389434814453e+01, 2.630000000000000000e+02, 4.690000000000000000e+02, 4.523893421169301599e-01
3.506974077224731445e+01, 2.620000000000000000e+02, 4.680000000000000000e+02, 4.523893421169301599e-01
3.510163879394531250e+01, 2.610000000000000000e+02, 4.680000000000000000e+02, 4.523893421169301599e-01
3.513410186767578125e+01, 2.620000000000000000e+02, 4.690000000000000000e+02, 4.523893421169301599e-01
3.516616868972778320e+01, 2.620000000000000000e+02, 4.690000000000000000e+02, 4.523893421169301599e-01
3.519786787033081055e+01, 2.620000000000000000e+02, 4.690000000000000000e+02, 4.523893421169301599e-01
3.522983980178833008e+01, 2.630000000000000000e+02, 4.690000000000000000e+02, 4.539601384437250697e-01
3.526185584068298340e+01, 2.620000000000000000e+02, 4.690000000000000000e+02, 4.539601384437250697e-01
3.529409575462341309e+01, 2.620000000000000000e+02, 4.680000000000000000e+02, 4.539601384437250697e-01
3.532601976394653320e+01, 2.620000000000000000e+02, 4.690000000000000000e+02, 4.539601384437250697e-01
3.535807895660400391e+01, 2.630000000000000000e+02, 4.690000000000000000e+02, 4.539601384437250697e-01
3.538982295989990234e+01, 2.630000000000000000e+02, 4.680000000000000000e+02, 4.523893421169301599e-01
3.542184281349182129e+01, 2.620000000000000000e+02, 4.690000000000000000e+02, 4.523893421169301599e-01
3.545420384407043457e+01, 2.620000000000000000e+02, 4.690000000000000000e+02, 4.539601384437250697e-01
3.548541903495788574e+01, 2.620000000000000000e+02, 4.690000000000000000e+02, 4.523893421169301599e-01
3.551776480674743652e+01, 2.620000000000000000e+02, 4.690000000000000000e+02, 4.539601384437250697e-01
3.554999589920043945e+01, 2.620000000000000000e+02, 4.680000000000000000e+02, 4.523893421169301599e-01
3.558226203918457031e+01, 2.620000000000000000e+02, 4.690000000000000000e+02, 4.539601384437250697e-01
3.561525774002075195e+01, 2.620000000000000000e+02, 4.680000000000000000e+02, 4.476769531365454857e-01
3.564602088928222656e+01, 2.630000000000000000e+02, 4.680000000000000000e+02, 2.858849314766711558e-01
3.567801880836486816e+01, 2.630000000000000000e+02, 4.680000000000000000e+02, 6.283185307179586787e-02
3.570969581604003906e+01, 2.540000000000000000e+02, 3.980000000000000000e+02, -1.523672436991049817e-01
3.574232983589172363e+01, 2.610000000000000000e+02, 3.230000000000000000e+02, -2.607521902479528197e-01
3.577386689186096191e+01, 2.850000000000000000e+02, 2.490000000000000000e+02, -2.811725424962864817e-01
3.580571961402893066e+01, 3.120000000000000000e+02, 2.000000000000000000e+02, -2.827433388230813915e-01
3.583780884742736816e+01, 3.380000000000000000e+02, 1.860000000000000000e+02, -2.811725424962864817e-01
3.586974692344665527e+01, 3.630000000000000000e+02, 2.040000000000000000e+02, -2.827433388230813915e-01
3.590203285217285156e+01, 3.910000000000000000e+02, 2.340000000000000000e+02, -2.827433388230813915e-01
3.593359899520874023e+01, 4.230000000000000000e+02, 2.460000000000000000e+02, -2.827433388230813915e-01
3.596544480323791504e+01, 4.590000000000000000e+02, 2.570000000000000000e+02, -2.827433388230813915e-01
3.599818086624145508e+01, 4.990000000000000000e+02, 2.690000000000000000e+02, -2.827433388230813915e-01
3.602970790863037109e+01, 5.220000000000000000e+02, 2.760000000000000000e+02, -2.827433388230813915e-01
3.606191468238830566e+01, 5.690000000000000000e+02, 2.900000000000000000e+02, -2.827433388230813915e-01
3.609380984306335449e+01, 6.210000000000000000e+02, 3.080000000000000000e+02, -2.827433388230813915e-01
3.612579202651977539e+01, 6.780000000000000000e+02, 3.250000000000000000e+02, -2.827433388230813915e-01
3.615785074234008789e+01, 7.390000000000000000e+02, 3.370000000000000000e+02, -2.827433388230813915e-01
3.618980669975280762e+01, 8.050000000000000000e+02, 3.530000000000000000e+02, -2.827433388230813915e-01
3.622175788879394531e+01, 8.780000000000000000e+02, 3.700000000000000000e+02, -2.827433388230813915e-01
3.625362586975097656e+01, 9.560000000000000000e+02, 3.890000000000000000e+02, -2.827433388230813915e-01
3.628606581687927246e+01, 9.730000000000000000e+02, 3.940000000000000000e+02, -2.827433388230813915e-01
3.631747198104858398e+01, 9.670000000000000000e+02, 3.920000000000000000e+02, -2.827433388230813915e-01
3.634955477714538574e+01, 9.760000000000000000e+02, 3.950000000000000000e+02, -2.827433388230813915e-01
3.638181185722351074e+01, 9.840000000000000000e+02, 3.960000000000000000e+02, -2.827433388230813915e-01
3.641461396217346191e+01, 9.850000000000000000e+02, 3.970000000000000000e+02, -2.686061718819273136e-01
3.644587087631225586e+01, 9.870000000000000000e+02, 3.960000000000000000e+02, -1.272345024703866179e-01
3.647809886932373047e+01, 9.860000000000000000e+02, 3.970000000000000000e+02, -4.869468613064178997e-02
3.650963878631591797e+01, 9.830000000000000000e+02, 3.420000000000000000e+02, -3.612831551628262194e-02
3.654205679893493652e+01, 9.640000000000000000e+02, 2.750000000000000000e+02, -3.455751918948771900e-02
3.657368683815002441e+01, 9.450000000000000000e+02, 2.380000000000000000e+02, -3.455751918948771900e-02
3.660587596893310547e+01, 9.280000000000000000e+02, 2.340000000000000000e+02, -3.455751918948771900e-02
3.663794183731079102e+01, 9.070000000000000000e+02, 2.680000000000000000e+02, -3.455751918948771900e-02
3.666956782341003418e+01, 8.880000000000000000e+02, 3.170000000000000000e+02, -3.455751918948771900e-02
3.670162582397460938e+01, 8.750000000000000000e+02, 3.100000000000000000e+02, -3.455751918948771900e-02
3.673385286331176758e+01, 8.630000000000000000e+02, 3.170000000000000000e+02, -3.455751918948771900e-02
3.676569986343383789e+01, 8.510000000000000000e+02, 3.170000000000000000e+02, -3.455751918948771900e-02
3.679791879653930664e+01, 8.390000000000000000e+02, 3.170000000000000000e+02, -3.455751918948771900e-02
3.682951283454895020e+01, 8.350000000000000000e+02, 3.170000000000000000e+02, -3.455751918948771900e-02
3.686182975769042969e+01, 8.250000000000000000e+02, 3.170000000000000000e+02, -3.455751918948771900e-02
3.689358162879943848e+01, 8.160000000000000000e+02, 3.160000000000000000e+02, -3.455751918948771900e-02
3.692551970481872559e+01, 8.080000000000000000e+02, 3.160000000000000000e+02, -3.455751918948771900e-02
3.695780992507934570e+01, 8.020000000000000000e+02, 3.150000000000000000e+02, -3.455751918948771900e-02
3.698973369598388672e+01, 7.970000000000000000e+02, 3.150000000000000000e+02, -3.455751918948771900e-02
3.702173376083374023e+01, 7.940000000000000000e+02, 3.150000000000000000e+02, -3.455751918948771900e-02
3.705394577980041504e+01, 7.910000000000000000e+02, 3.150000000000000000e+02, -3.455751918948771900e-02
3.708556485176086426e+01, 7.890000000000000000e+02, 3.160000000000000000e+02, -3.455751918948771900e-02
3.711771178245544434e+01, 7.890000000000000000e+02, 3.150000000000000000e+02, -3.455751918948771900e-02
3.714997076988220215e+01, 7.910000000000000000e+02, 3.150000000000000000e+02, -3.455751918948771900e-02
3.718135595321655273e+01, 7.930000000000000000e+02, 3.150000000000000000e+02, -3.455751918948771900e-02
3.721390891075134277e+01, 7.960000000000000000e+02, 3.160000000000000000e+02, -3.455751918948771900e-02
3.724574899673461914e+01, 7.970000000000000000e+02, 3.160000000000000000e+02, 1.209513171632070339e-01
3.727789902687072754e+01, 8.020000000000000000e+02, 3.150000000000000000e+02, 3.471459882216721415e-01
3.730969071388244629e+01, 8.070000000000000000e+02, 2.880000000000000000e+02, 4.916592502868026293e-01
3.734168386459350586e+01, 8.060000000000000000e+02, 2.440000000000000000e+02, 5.293583621298801889e-01
3.737365078926086426e+01, 7.980000000000000000e+02, 2.050000000000000000e+02, 5.309291584566750988e-01
3.740563893318176270e+01, 7.880000000000000000e+02, 2.010000000000000000e+02, 5.309291584566750988e-01
3.743783092498779297e+01, 7.730000000000000000e+02, 2.160000000000000000e+02, 5.309291584566750988e-01
3.746993374824523926e+01, 7.510000000000000000e+02, 2.300000000000000000e+02, 5.309291584566750988e-01
3.750215864181518555e+01, 7.220000000000000000e+02, 2.480000000000000000e+02, 5.309291584566750988e-01
3.753392100334167480e+01, 6.880000000000000000e+02, 2.680000000000000000e+02, 5.309291584566750988e-01
3.756581091880798340e+01, 6.470000000000000000e+02, 2.900000000000000000e+02, 5.309291584566750988e-01
3.759753489494323730e+01, 5.960000000000000000e+02, 3.150000000000000000e+02, 5.309291584566750988e-01
3.762966084480285645e+01, 5.650000000000000000e+02, 3.310000000000000000e+02, 5.309291584566750988e-01
3.766165781021118164e+01, 4.950000000000000000e+02, 3.680000000000000000e+02, 5.309291584566750988e-01
3.769353389739990234e+01, 4.130000000000000000e+02, 4.120000000000000000e+02, 5.309291584566750988e-01
3.772538590431213379e+01, 3.190000000000000000e+02, 4.620000000000000000e+02, 5.309291584566750988e-01
3.775801086425781250e+01, 2.770000000000000000e+02, 4.850000000000000000e+02, 5.309291584566750988e-01
3.778992271423339844e+01, 2.830000000000000000e+02, 4.830000000000000000e+02, 5.309291584566750988e-01
3.782188487052917480e+01, 2.650000000000000000e+02, 4.910000000000000000e+02, 5.309291584566750988e-01
3.785377979278564453e+01, 2.680000000000000000e+02, 4.900000000000000000e+02, 5.309291584566750988e-01
3.788566875457763672e+01, 2.660000000000000000e+02, 4.910000000000000000e+02, 5.309291584566750988e-01
3.791766285896301270e+01, 2.660000000000000000e+02, 4.910000000000000000e+02, 5.309291584566750988e-01
3.794972681999206543e+01, 2.670000000000000000e+02, 4.910000000000000000e+02, 5.324999547834700087e-01
3.798221278190612793e+01, 2.660000000000000000e+02, 4.910000000000000000e+02, 5.309291584566750988e-01
3.801411676406860352e+01, 2.660000000000000000e+02, 4.910000000000000000e+02, 5.262167694762903691e-01
3.804533982276916504e+01, 2.660000000000000000e+02, 4.910000000000000000e+02, 3.848451000647496456e-01
3.807766675949096680e+01, 2.660000000000000000e+02, 4.910000000000000000e+02, 3.031636910714150535e-01
3.810965776443481445e+01, 2.550000000000000000e+02, 4.280000000000000000e+02, 2.890265241302609756e-01
3.814172792434692383e+01, 2.540000000000000000e+02, 3.660000000000000000e+02, 2.890265241302609756e-01
3.817369985580444336e+01, 2.580000000000000000e+02, 3.410000000000000000e+02, 2.890265241302609756e-01
3.820589780807495117e+01, 2.590000000000000000e+02, 3.510000000000000000e+02, 2.890265241302609756e-01
3.823809981346130371e+01, 2.590000000000000000e+02, 3.970000000000000000e+02, 2.890265241302609756e-01
3.826968979835510254e+01, 2.530000000000000000e+02, 4.030000000000000000e+02, 2.890265241302609756e-01
3.830182576179504395e+01, 2.520000000000000000e+02, 4.080000000000000000e+02, 2.890265241302609756e-01
3.833393263816833496e+01, 2.520000000000000000e+02, 4.080000000000000000e+02, 2.890265241302609756e-01
3.836607003211975098e+01, 2.540000000000000000e+02, 4.080000000000000000e+02, 2.874557278034660657e-01
3.839753174781799316e+01, 2.540000000000000000e+02, 4.080000000000000000e+02, 2.874557278034660657e-01
3.842967605590820312e+01, 2.540000000000000000e+02, 4.080000000000000000e+02, 2.890265241302609756e-01
3.846183872222900391e+01, 2.540000000000000000e+02, 4.080000000000000000e+02, 2.890265241302609756e-01
3.849375486373901367e+01, 2.540000000000000000e+02, 4.070000000000000000e+02, 2.890265241302609756e-01
3.852574276924133301e+01, 2.540000000000000000e+02, 4.070000000000000000e+02, 2.890265241302609756e-01
3.855747580528259277e+01, 2.550000000000000000e+02, 4.080000000000000000e+02, 2.890265241302609756e-01
3.858988380432128906e+01, 2.550000000000000000e+02, 4.070000000000000000e+02, 2.890265241302609756e-01
3.862166190147399902e+01, 2.540000000000000000e+02, 4.070000000000000000e+02, 2.890265241302609756e-01
3.865356898307800293e+01, 2.540000000000000000e+02, 4.070000000000000000e+02, 2.890265241302609756e-01
3.868563985824584961e+01, 2.540000000000000000e+02, 4.070000000000000000e+02, 2.890265241302609756e-01
3.871771478652954102e+01, 2.540000000000000000e+02, 4.070000000000000000e+02, 2.874557278034660657e-01
3.874969387054443359e+01, 2.540000000000000000e+02, 4.070000000000000000e+02, 2.890265241302609756e-01
3.878197383880615234e+01, 2.540000000000000000e+02, 4.080000000000000000e+02, 2.874557278034660657e-01
3.881378889083862305e+01, 2.540000000000000000e+02, 4.070000000000000000e+02, 2.780309498426966619e-01
3.884579682350158691e+01, 2.530000000000000000e+02, 4.070000000000000000e+02, 1.398008730847457859e-01
3.887759900093078613e+01, 2.540000000000000000e+02, 4.070000000000000000e+02, 6.754424205218054200e-02
3.890974164009094238e+01, 2.570000000000000000e+02, 3.440000000000000000e+02, 5.654866776461626998e-02
3.894156980514526367e+01, 2.670000000000000000e+02, 2.980000000000000000e+02, 5.654866776461626998e-02
3.897357583045959473e+01, 2.750000000000000000e+02, 2.850000000000000000e+02, 5.654866776461626998e-02
3.900537180900573730e+01, 2.830000000000000000e+02, 3.060000000000000000e+02, 5.654866776461626998e-02
3.903766489028930664e+01, 2.910000000000000000e+02, 3.190000000000000000e+02, 5.654866776461626998e-02
3.906961274147033691e+01, 2.950000000000000000e+02, 3.230000000000000000e+02, 5.654866776461626998e-02
3.910171484947204590e+01, 2.980000000000000000e+02, 3.230000000000000000e+02, 5.654866776461626998e-02
3.913363981246948242e+01, 3.000000000000000000e+02, 3.230000000000000000e+02, 5.654866776461626998e-02
3.916592097282409668e+01, 2.990000000000000000e+02, 3.230000000000000000e+02, 5.654866776461626998e-02
3.919783973693847656e+01, 2.970000000000000000e+02, 3.230000000000000000e+02, 5.654866776461626998e-02
3.922938871383666992e+01, 2.950000000000000000e+02, 3.230000000000000000e+02, 5.654866776461626998e-02
3.926163196563720703e+01, 2.890000000000000000e+02, 3.240000000000000000e+02, 5.654866776461626998e-02
3.929350280761718750e+01, 2.810000000000000000e+02, 3.240000000000000000e+02, 5.654866776461626998e-02
3.932566285133361816e+01, 2.720000000000000000e+02, 3.240000000000000000e+02, 5.654866776461626998e-02
3.935736274719238281e+01, 2.620000000000000000e+02, 3.240000000000000000e+02, 5.654866776461626998e-02
3.938949394226074219e+01, 2.580000000000000000e+02, 3.250000000000000000e+02, 5.654866776461626998e-02
3.942146277427673340e+01, 2.590000000000000000e+02, 3.250000000000000000e+02, 5.654866776461626998e-02
3.945354580879211426e+01, 2.600000000000000000e+02, 3.250000000000000000e+02, 5.654866776461626998e-02
3.948542690277099609e+01, 2.600000000000000000e+02, 3.250000000000000000e+02, 5.654866776461626998e-02
3.951784491539001465e+01, 2.610000000000000000e+02, 3.250000000000000000e+02, 5.654866776461626998e-02
3.954963684082031250e+01, 2.610000000000000000e+02, 3.250000000000000000e+02, 5.654866776461626998e-02
3.958199763298034668e+01, 2.610000000000000000e+02, 3.250000000000000000e+02, 5.654866776461626998e-02
3.961439490318298340e+01, 2.600000000000000000e+02, 3.250000000000000000e+02, 5.811946409141117292e-02
3.964568686485290527e+01, 2.600000000000000000e+02, 3.250000000000000000e+02, 2.167698930976957317e-01
3.967751765251159668e+01, 2.600000000000000000e+02, 3.250000000000000000e+02, 3.817035074111598814e-01
3.970937585830688477e+01, 2.600000000000000000e+02, 3.400000000000000000e+02, 4.288273972150067892e-01
3.974175691604614258e+01, 2.580000000000000000e+02, 3.910000000000000000e+02, 4.366813788489812831e-01
3.977348685264587402e+01, 2.580000000000000000e+02, 4.510000000000000000e+02, 4.382521751757761930e-01
3.980596280097961426e+01, 2.600000000000000000e+02, 4.560000000000000000e+02, 4.382521751757761930e-01
3.983787488937377930e+01, 2.600000000000000000e+02, 4.580000000000000000e+02, 4.382521751757761930e-01
3.986985588073730469e+01, 2.600000000000000000e+02, 4.580000000000000000e+02, 4.382521751757761930e-01
3.990147686004638672e+01, 2.590000000000000000e+02, 4.590000000000000000e+02, 4.382521751757761930e-01
3.993368697166442871e+01, 2.600000000000000000e+02, 4.590000000000000000e+02, 4.382521751757761930e-01
3.996604490280151367e+01, 2.600000000000000000e+02, 4.590000000000000000e+02, 4.382521751757761930e-01
3.999772787094116211e+01, 2.600000000000000000e+02, 4.580000000000000000e+02, 4.382521751757761930e-01
4.002986383438110352e+01, 2.600000000000000000e+02, 4.580000000000000000e+02, 4.382521751757761930e-01
4.006145882606506348e+01, 2.600000000000000000e+02, 4.590000000000000000e+02, 4.382521751757761930e-01
4.009368872642517090e+01, 2.600000000000000000e+02, 4.580000000000000000e+02, 4.382521751757761930e-01
4.012563681602478027e+01, 2.600000000000000000e+02, 4.590000000000000000e+02, 4.382521751757761930e-01
4.015776085853576660e+01, 2.600000000000000000e+02, 4.590000000000000000e+02, 4.382521751757761930e-01
4.018962383270263672e+01, 2.600000000000000000e+02, 4.580000000000000000e+02, 4.382521751757761930e-01
4.022171878814697266e+01, 2.600000000000000000e+02, 4.580000000000000000e+02, 4.382521751757761930e-01
4.025338387489318848e+01, 2.600000000000000000e+02, 4.590000000000000000e+02, 4.382521751757761930e-01
4.028529095649719238e+01, 2.600000000000000000e+02, 4.590000000000000000e+02, 4.382521751757761930e-01
4.031759166717529297e+01, 2.600000000000000000e+02, 4.580000000000000000e+02, 4.382521751757761930e-01
4.034985184669494629e+01, 2.600000000000000000e+02, 4.590000000000000000e+02, 4.382521751757761930e-01
4.038165569305419922e+01, 2.590000000000000000e+02, 4.590000000000000000e+02, 4.382521751757761930e-01
4.041373181343078613e+01, 2.600000000000000000e+02, 4.580000000000000000e+02, 4.429645641561608116e-01
4.044566679000854492e+01, 2.600000000000000000e+02, 4.580000000000000000e+02, 6.157521601035994552e-01
4.047744774818420410e+01, 2.600000000000000000e+02, 4.590000000000000000e+02, 7.948229413582176273e-01
4.051008105278015137e+01, 2.650000000000000000e+02, 4.810000000000000000e+02, 8.498008127960391400e-01
4.054168295860290527e+01, 2.800000000000000000e+02, 5.320000000000000000e+02, 8.576547944300135784e-01
4.057358479499816895e+01, 3.150000000000000000e+02, 5.990000000000000000e+02, 8.560839981032186685e-01
4.060573697090148926e+01, 3.170000000000000000e+02, 6.010000000000000000e+02, 8.560839981032186685e-01
4.063754081726074219e+01, 3.170000000000000000e+02, 6.020000000000000000e+02, 8.560839981032186685e-01
4.066966485977172852e+01, 3.180000000000000000e+02, 6.030000000000000000e+02, 8.560839981032186685e-01
4.070186972618103027e+01, 3.170000000000000000e+02, 6.030000000000000000e+02, 8.560839981032186685e-01
4.073369479179382324e+01, 3.180000000000000000e+02, 6.030000000000000000e+02, 8.560839981032186685e-01
4.076521277427673340e+01, 3.170000000000000000e+02, 6.020000000000000000e+02, 8.560839981032186685e-01
4.079770278930664062e+01, 3.180000000000000000e+02, 6.020000000000000000e+02, 8.560839981032186685e-01
4.082943487167358398e+01, 3.180000000000000000e+02, 6.020000000000000000e+02, 8.560839981032186685e-01
4.086110782623291016e+01, 3.170000000000000000e+02, 6.020000000000000000e+02, 8.560839981032186685e-01
4.089347577095031738e+01, 3.170000000000000000e+02, 6.020000000000000000e+02, 8.560839981032186685e-01
4.092581486701965332e+01, 3.180000000000000000e+02, 6.020000000000000000e+02, 8.560839981032186685e-01
4.095776987075805664e+01, 3.180000000000000000e+02, 6.030000000000000000e+02, 8.560839981032186685e-01
4.098970174789428711e+01, 3.170000000000000000e+02, 6.020000000000000000e+02, 8.560839981032186685e-01
4.102165198326110840e+01, 3.170000000000000000e+02, 6.020000000000000000e+02, 8.560839981032186685e-01
4.105366969108581543e+01, 3.180000000000000000e+02, 6.030000000000000000e+02, 8.560839981032186685e-01
4.108558368682861328e+01, 3.170000000000000000e+02, 6.020000000000000000e+02, 8.560839981032186685e-01
4.111764287948608398e+01, 3.180000000000000000e+02, 6.030000000000000000e+02, 8.560839981032186685e-01
4.114928483963012695e+01, 3.170000000000000000e+02, 6.030000000000000000e+02, 8.560839981032186685e-01
4.118168497085571289e+01, 3.170000000000000000e+02, 6.030000000000000000e+02, 8.560839981032186685e-01
4.121377086639404297e+01, 3.170000000000000000e+02, 6.020000000000000000e+02, 8.623671834103983080e-01
4.124550867080688477e+01, 3.180000000000000000e+02, 6.020000000000000000e+02, 1.033583983031042042e+00
4.127742981910705566e+01, 3.180000000000000000e+02, 6.030000000000000000e+02, 1.146681318560274443e+00
4.130939483642578125e+01, 3.300000000000000000e+02, 6.190000000000000000e+02, 1.170243263462197980e+00
4.134134078025817871e+01, 3.550000000000000000e+02, 6.480000000000000000e+02, 1.173384856115787800e+00
4.137350678443908691e+01, 3.980000000000000000e+02, 6.700000000000000000e+02, 1.171814059788992779e+00
4.140496587753295898e+01, 4.000000000000000000e+02, 6.710000000000000000e+02, 1.171814059788992779e+00
4.143746185302734375e+01, 4.010000000000000000e+02, 6.720000000000000000e+02, 1.171814059788992779e+00
4.146941900253295898e+01, 4.000000000000000000e+02, 6.720000000000000000e+02, 1.171814059788992779e+00
4.150155591964721680e+01, 4.000000000000000000e+02, 6.720000000000000000e+02, 1.171814059788992779e+00
4.153340172767639160e+01, 4.010000000000000000e+02, 6.720000000000000000e+02, 1.171814059788992779e+00
4.156554794311523438e+01, 4.010000000000000000e+02, 6.720000000000000000e+02, 1.171814059788992779e+00
4.159776878356933594e+01, 4.010000000000000000e+02, 6.720000000000000000e+02, 1.171814059788992779e+00
4.162959790229797363e+01, 4.010000000000000000e+02, 6.720000000000000000e+02, 1.171814059788992779e+00
4.166153287887573242e+01, 4.010000000000000000e+02, 6.720000000000000000e+02, 1.171814059788992779e+00
4.169334387779235840e+01, 4.010000000000000000e+02, 6.720000000000000000e+02, 1.171814059788992779e+00
4.172531080245971680e+01, 4.010000000000000000e+02, 6.720000000000000000e+02, 1.171814059788992779e+00
4.175748777389526367e+01, 4.010000000000000000e+02, 6.720000000000000000e+02, 1.171814059788992779e+00
4.178986787796020508e+01, 4.010000000000000000e+02, 6.720000000000000000e+02, 1.171814059788992779e+00
4.182169485092163086e+01, 4.010000000000000000e+02, 6.720000000000000000e+02, 1.171814059788992779e+00
4.185353875160217285e+01, 4.010000000000000000e+02, 6.720000000000000000e+02, 1.171814059788992779e+00
4.188547873497009277e+01, 4.010000000000000000e+02, 6.710000000000000000e+02, 1.171814059788992779e+00
4.191737866401672363e+01, 4.010000000000000000e+02, 6.720000000000000000e+02, 1.171814059788992779e+00
4.194950294494628906e+01, 4.010000000000000000e+02, 6.720000000000000000e+02, 1.171814059788992779e+00
4.198165178298950195e+01, 4.010000000000000000e+02, 6.720000000000000000e+02, 1.171814059788992779e+00
4.201382398605346680e+01, 4.010000000000000000e+02, 6.720000000000000000e+02, 1.168672467135402959e+00
4.204561185836791992e+01, 4.010000000000000000e+02, 6.720000000000000000e+02, 9.927432785343746069e-01
4.207732987403869629e+01, 3.980000000000000000e+02, 6.710000000000000000e+02, 8.340928495280901522e-01
4.210908889770507812e+01, 3.290000000000000000e+02, 6.200000000000000000e+02, 7.932521450314227174e-01
4.214127182960510254e+01, 2.910000000000000000e+02, 5.580000000000000000e+02, 7.869689597242431889e-01
4.217338180541992188e+01, 2.770000000000000000e+02, 5.240000000000000000e+02, 7.885397560510380988e-01
4.220539593696594238e+01, 2.760000000000000000e+02, 5.230000000000000000e+02, 7.885397560510380988e-01
4.223783493041992188e+01, 2.870000000000000000e+02, 5.490000000000000000e+02, 7.869689597242431889e-01
4.226930475234985352e+01, 3.030000000000000000e+02, 5.810000000000000000e+02, 7.869689597242431889e-01
4.230159687995910645e+01, 3.020000000000000000e+02, 5.810000000000000000e+02, 7.869689597242431889e-01
4.233338785171508789e+01, 3.020000000000000000e+02, 5.820000000000000000e+02, 7.869689597242431889e-01
4.236486577987670898e+01, 3.020000000000000000e+02, 5.820000000000000000e+02, 7.869689597242431889e-01
4.239759898185729980e+01, 3.020000000000000000e+02, 5.810000000000000000e+02, 7.869689597242431889e-01
4.242954492568969727e+01, 3.030000000000000000e+02, 5.820000000000000000e+02, 7.869689597242431889e-01
4.246154189109802246e+01, 3.030000000000000000e+02, 5.820000000000000000e+02, 7.869689597242431889e-01
4.249320077896118164e+01, 3.030000000000000000e+02, 5.810000000000000000e+02, 7.869689597242431889e-01
4.252529668807983398e+01, 3.020000000000000000e+02, 5.820000000000000000e+02, 7.869689597242431889e-01
4.255770373344421387e+01, 3.030000000000000000e+02, 5.820000000000000000e+02, 7.869689597242431889e-01
4.258949565887451172e+01, 3.030000000000000000e+02, 5.820000000000000000e+02, 7.869689597242431889e-01
4.262158060073852539e+01, 3.040000000000000000e+02, 5.810000000000000000e+02, 7.869689597242431889e-01
4.265354180335998535e+01, 3.040000000000000000e+02, 5.820000000000000000e+02, 7.869689597242431889e-01
4.268540477752685547e+01, 3.030000000000000000e+02, 5.810000000000000000e+02, 7.885397560510380988e-01
4.271744465827941895e+01, 3.030000000000000000e+02, 5.820000000000000000e+02, 7.869689597242431889e-01
4.274968290328979492e+01, 3.030000000000000000e+02, 5.820000000000000000e+02, 7.869689597242431889e-01
4.278160572052001953e+01, 3.030000000000000000e+02, 5.810000000000000000e+02, 7.869689597242431889e-01
4.281462764739990234e+01, 3.030000000000000000e+02, 5.810000000000000000e+02, 7.901105523778330086e-01
4.284552073478698730e+01, 3.030000000000000000e+02, 5.810000000000000000e+02, 9.503317777109123732e-01
4.287759995460510254e+01, 3.030000000000000000e+02, 5.820000000000000000e+02, 1.146681318560274443e+00
4.290939188003540039e+01, 3.140000000000000000e+02, 5.990000000000000000e+02, 1.207942375305275373e+00
4.294138789176940918e+01, 3.400000000000000000e+02, 6.320000000000000000e+02, 1.215796356939250034e+00
4.297367286682128906e+01, 3.840000000000000000e+02, 6.650000000000000000e+02, 1.215796356939250034e+00
4.300488376617431641e+01, 4.050000000000000000e+02, 6.730000000000000000e+02, 1.215796356939250034e+00
4.303746485710144043e+01, 4.090000000000000000e+02, 6.750000000000000000e+02, 1.217367153266044832e+00
4.306963372230529785e+01, 4.120000000000000000e+02, 6.760000000000000000e+02, 1.215796356939250034e+00
4.310156798362731934e+01, 4.110000000000000000e+02, 6.760000000000000000e+02, 1.215796356939250034e+00
4.313374280929565430e+01, 4.110000000000000000e+02, 6.760000000000000000e+02, 1.217367153266044832e+00
4.316579365730285645e+01, 4.120000000000000000e+02, 6.760000000000000000e+02, 1.215796356939250034e+00
4.319730567932128906e+01, 4.120000000000000000e+02, 6.760000000000000000e+02, 1.215796356939250034e+00
4.322938179969787598e+01, 4.110000000000000000e+02, 6.760000000000000000e+02, 1.215796356939250034e+00
4.326120495796203613e+01, 4.120000000000000000e+02, 6.750000000000000000e+02, 1.215796356939250034e+00
4.329341697692871094e+01, 4.120000000000000000e+02, 6.760000000000000000e+02, 1.215796356939250034e+00
4.332523798942565918e+01, 4.120000000000000000e+02, 6.760000000000000000e+02, 1.217367153266044832e+00
4.335717391967773438e+01, 4.120000000000000000e+02, 6.750000000000000000e+02, 1.215796356939250034e+00
4.338964462280273438e+01, 4.120000000000000000e+02, 6.760000000000000000e+02, 1.215796356939250034e+00
4.342132472991943359e+01, 4.120000000000000000e+02, 6.750000000000000000e+02, 1.215796356939250034e+00
4.345349979400634766e+01, 4.120000000000000000e+02, 6.760000000000000000e+02, 1.215796356939250034e+00
4.348536872863769531e+01, 4.120000000000000000e+02, 6.760000000000000000e+02, 1.215796356939250034e+00
4.351739382743835449e+01, 4.120000000000000000e+02, 6.760000000000000000e+02, 1.215796356939250034e+00
4.354952478408813477e+01, 4.120000000000000000e+02, 6.760000000000000000e+02, 1.217367153266044832e+00
4.358118987083435059e+01, 4.120000000000000000e+02, 6.760000000000000000e+02, 1.217367153266044832e+00
4.361355972290039062e+01, 4.120000000000000000e+02, 6.760000000000000000e+02, 1.214225560612455013e+00
4.364552760124206543e+01, 4.120000000000000000e+02, 6.760000000000000000e+02, 1.085420261815273513e+00
4.367719674110412598e+01, 4.110000000000000000e+02, 6.760000000000000000e+02, 1.011592834455913303e+00
4.370956182479858398e+01, 3.530000000000000000e+02, 6.480000000000000000e+02, 9.958848711879644267e-01
4.374128675460815430e+01, 3.140000000000000000e+02, 6.010000000000000000e+02, 9.943140748611695168e-01
4.377372384071350098e+01, 3.000000000000000000e+02, 5.770000000000000000e+02, 9.943140748611695168e-01
4.380505084991455078e+01, 3.020000000000000000e+02, 5.800000000000000000e+02, 9.927432785343746069e-01
4.383759999275207520e+01, 3.180000000000000000e+02, 6.040000000000000000e+02, 9.927432785343746069e-01
4.386955380439758301e+01, 3.480000000000000000e+02, 6.420000000000000000e+02, 9.911724822075796970e-01
4.390133094787597656e+01, 3.480000000000000000e+02, 6.420000000000000000e+02, 9.927432785343746069e-01
4.393322682380676270e+01, 3.490000000000000000e+02, 6.430000000000000000e+02, 9.927432785343746069e-01
4.396546101570129395e+01, 3.490000000000000000e+02, 6.430000000000000000e+02, 9.927432785343746069e-01
4.399739599227905273e+01, 3.490000000000000000e+02, 6.430000000000000000e+02, 9.911724822075796970e-01
4.402926778793334961e+01, 3.490000000000000000e+02, 6.430000000000000000e+02, 9.911724822075796970e-01
4.406143689155578613e+01, 3.490000000000000000e+02, 6.430000000000000000e+02, 9.911724822075796970e-01
4.409351968765258789e+01, 3.490000000000000000e+02, 6.430000000000000000e+02, 9.911724822075796970e-01
4.412522578239440918e+01, 3.490000000000000000e+02, 6.430000000000000000e+02, 9.911724822075796970e-01
4.415751290321350098e+01, 3.490000000000000000e+02, 6.430000000000000000e+02, 9.911724822075796970e-01
4.418941068649291992e+01, 3.490000000000000000e+02, 6.430000000000000000e+02, 9.927432785343746069e-01
4.422128176689147949e+01, 3.500000000000000000e+02, 6.430000000000000000e+02, 9.927432785343746069e-01
4.425324892997741699e+01, 3.490000000000000000e+02, 6.430000000000000000e+02, 9.911724822075796970e-01
4.428524494171142578e+01, 3.490000000000000000e+02, 6.430000000000000000e+02, 9.911724822075796970e-01
4.431739187240600586e+01, 3.500000000000000000e+02, 6.430000000000000000e+02, 9.927432785343746069e-01
4.434925079345703125e+01, 3.490000000000000000e+02, 6.430000000000000000e+02, 9.911724822075796970e-01
4.438150668144226074e+01, 3.490000000000000000e+02, 6.430000000000000000e+02, 9.927432785343746069e-01
4.441346669197082520e+01, 3.500000000000000000e+02, 6.430000000000000000e+02, 9.911724822075796970e-01
4.444540381431579590e+01, 3.500000000000000000e+02, 6.430000000000000000e+02, 8.230972752405257831e-01
4.447748684883117676e+01, 3.480000000000000000e+02, 6.410000000000000000e+02, 5.937610115284709389e-01
4.450934672355651855e+01, 2.990000000000000000e+02, 5.750000000000000000e+02, 4.476769531365454857e-01
4.454145669937133789e+01, 2.690000000000000000e+02, 5.010000000000000000e+02, 4.131194339470578014e-01
4.457343673706054688e+01, 2.550000000000000000e+02, 4.400000000000000000e+02, 4.115486376202628915e-01
4.460497999191284180e+01, 2.530000000000000000e+02, 4.130000000000000000e+02, 4.115486376202628915e-01
4.463722681999206543e+01, 2.530000000000000000e+02, 4.220000000000000000e+02, 4.115486376202628915e-01
4.466956591606140137e+01, 2.570000000000000000e+02, 4.530000000000000000e+02, 4.115486376202628915e-01
4.470125985145568848e+01, 2.570000000000000000e+02, 4.530000000000000000e+02, 4.115486376202628915e-01
4.473329877853393555e+01, 2.570000000000000000e+02, 4.530000000000000000e+02, 4.115486376202628915e-01
4.476516389846801758e+01, 2.570000000000000000e+02, 4.530000000000000000e+02, 4.115486376202628915e-01
4.479736685752868652e+01, 2.580000000000000000e+02, 4.530000000000000000e+02, 4.115486376202628915e-01
4.482954072952270508e+01, 2.580000000000000000e+02, 4.530000000000000000e+02, 4.115486376202628915e-01
4.486133766174316406e+01, 2.590000000000000000e+02, 4.520000000000000000e+02, 4.115486376202628915e-01
4.489303493499755859e+01, 2.590000000000000000e+02, 4.520000000000000000e+02, 4.115486376202628915e-01
4.492528676986694336e+01, 2.590000000000000000e+02, 4.520000000000000000e+02, 4.115486376202628915e-01
4.495714974403381348e+01, 2.580000000000000000e+02, 4.520000000000000000e+02, 4.115486376202628915e-01
4.498930096626281738e+01, 2.590000000000000000e+02, 4.520000000000000000e+02, 4.115486376202628915e-01
4.502088594436645508e+01, 2.580000000000000000e+02, 4.520000000000000000e+02, 4.115486376202628915e-01
4.505332183837890625e+01, 2.580000000000000000e+02, 4.520000000000000000e+02, 4.115486376202628915e-01
4.508542776107788086e+01, 2.590000000000000000e+02, 4.520000000000000000e+02, 4.115486376202628915e-01
4.511730980873107910e+01, 2.590000000000000000e+02, 4.520000000000000000e+02, 4.115486376202628915e-01
4.514911174774169922e+01, 2.580000000000000000e+02, 4.520000000000000000e+02, 4.115486376202628915e-01
4.518121075630187988e+01, 2.580000000000000000e+02, 4.530000000000000000e+02, 4.115486376202628915e-01
4.521428298950195312e+01, 2.580000000000000000e+02, 4.520000000000000000e+02, 4.194026192542373854e-01
4.524521589279174805e+01, 2.580000000000000000e+02, 4.530000000000000000e+02, 5.230751768227005494e-01
4.527725172042846680e+01, 2.590000000000000000e+02, 4.530000000000000000e+02, 5.811946409141117709e-01
4.530924177169799805e+01, 2.620000000000000000e+02, 4.710000000000000000e+02, 5.937610115284709389e-01
4.534136867523193359e+01, 2.720000000000000000e+02, 5.100000000000000000e+02, 5.953318078552658488e-01
4.537354969978332520e+01, 2.730000000000000000e+02, 5.130000000000000000e+02, 5.953318078552658488e-01
4.540562772750854492e+01, 2.730000000000000000e+02, 5.130000000000000000e+02, 5.953318078552658488e-01
4.543717193603515625e+01, 2.730000000000000000e+02, 5.130000000000000000e+02, 5.953318078552658488e-01
4.546963095664978027e+01, 2.740000000000000000e+02, 5.130000000000000000e+02, 5.953318078552658488e-01
4.550149393081665039e+01, 2.730000000000000000e+02, 5.140000000000000000e+02, 5.953318078552658488e-01
4.553357577323913574e+01, 2.730000000000000000e+02, 5.140000000000000000e+02, 5.953318078552658488e-01
4.556499671936035156e+01, 2.730000000000000000e+02, 5.130000000000000000e+02, 5.953318078552658488e-01
4.559732985496520996e+01, 2.730000000000000000e+02, 5.130000000000000000e+02, 5.953318078552658488e-01
4.562927794456481934e+01, 2.730000000000000000e+02, 5.140000000000000000e+02, 5.953318078552658488e-01
4.566113185882568359e+01, 2.730000000000000000e+02, 5.140000000000000000e+02, 5.953318078552658488e-01
4.569318175315856934e+01, 2.730000000000000000e+02, 5.130000000000000000e+02, 5.953318078552658488e-01
4.572552585601806641e+01, 2.740000000000000000e+02, 5.130000000000000000e+02, 5.953318078552658488e-01
4.575715374946594238e+01, 2.730000000000000000e+02, 5.140000000000000000e+02, 5.953318078552658488e-01
4.578942990303039551e+01, 2.730000000000000000e+02, 5.140000000000000000e+02, 5.953318078552658488e-01
4.582121872901916504e+01, 2.740000000000000000e+02, 5.130000000000000000e+02, 5.953318078552658488e-01
4.585351276397705078e+01, 2.740000000000000000e+02, 5.130000000000000000e+02, 5.953318078552658488e-01
4.588551378250122070e+01, 2.740000000000000000e+02, 5.140000000000000000e+02, 5.953318078552658488e-01
4.591721177101135254e+01, 2.730000000000000000e+02, 5.140000000000000000e+02, 5.953318078552658488e-01
4.594926881790161133e+01, 2.730000000000000000e+02, 5.140000000000000000e+02, 5.953318078552658488e-01
4.598127675056457520e+01, 2.730000000000000000e+02, 5.130000000000000000e+02, 5.953318078552658488e-01
4.601356959342956543e+01, 2.730000000000000000e+02, 5.130000000000000000e+02, 5.921902152016760290e-01
4.604544091224670410e+01, 2.730000000000000000e+02, 5.140000000000000000e+02, 4.225442119078272052e-01
4.607718086242675781e+01, 2.730000000000000000e+02, 5.130000000000000000e+02, 1.963495408493620697e-01
4.610931777954101562e+01, 2.560000000000000000e+02, 4.380000000000000000e+02, 6.440264939859076387e-02
4.614125370979309082e+01, 2.540000000000000000e+02, 3.570000000000000000e+02, 3.455751918948771900e-02
4.617349767684936523e+01, 2.630000000000000000e+02, 3.120000000000000000e+02, 3.455751918948771900e-02
4.620546984672546387e+01, 2.700000000000000000e+02, 3.010000000000000000e+02, 3.455751918948771900e-02
4.623725581169128418e+01, 2.760000000000000000e+02, 3.170000000000000000e+02, 3.455751918948771900e-02
4.626948785781860352e+01, 2.810000000000000000e+02, 3.170000000000000000e+02, 3.455751918948771900e-02
4.630104494094848633e+01, 2.850000000000000000e+02, 3.170000000000000000e+02, 3.455751918948771900e-02
4.633306074142456055e+01, 2.880000000000000000e+02, 3.170000000000000000e+02, 3.455751918948771900e-02
4.636536979675292969e+01, 2.900000000000000000e+02, 3.170000000000000000e+02, 3.455751918948771900e-02
4.639753293991088867e+01, 2.900000000000000000e+02, 3.170000000000000000e+02, 3.455751918948771900e-02
4.642925786972045898e+01, 2.910000000000000000e+02, 3.170000000000000000e+02, 3.455751918948771900e-02
4.646118402481079102e+01, 2.900000000000000000e+02, 3.170000000000000000e+02, 3.455751918948771900e-02
4.649308490753173828e+01, 2.880000000000000000e+02, 3.170000000000000000e+02, 3.455751918948771900e-02
4.652517986297607422e+01, 2.850000000000000000e+02, 3.170000000000000000e+02, 3.455751918948771900e-02
4.655743980407714844e+01, 2.810000000000000000e+02, 3.170000000000000000e+02, 3.455751918948771900e-02
4.658947873115539551e+01, 2.760000000000000000e+02, 3.170000000000000000e+02, 3.455751918948771900e-02
4.662120294570922852e+01, 2.710000000000000000e+02, 3.170000000000000000e+02, 3.455751918948771900e-02
4.665323686599731445e+01, 2.650000000000000000e+02, 3.170000000000000000e+02, 3.455751918948771900e-02
4.668543171882629395e+01, 2.600000000000000000e+02, 3.180000000000000000e+02, 3.455751918948771900e-02
4.671725797653198242e+01, 2.590000000000000000e+02, 3.180000000000000000e+02, 3.455751918948771900e-02
4.674942779541015625e+01, 2.590000000000000000e+02, 3.180000000000000000e+02, 3.455751918948771900e-02
4.678135871887207031e+01, 2.590000000000000000e+02, 3.170000000000000000e+02, 3.455751918948771900e-02
4.681393384933471680e+01, 2.600000000000000000e+02, 3.180000000000000000e+02, 3.298672286269282994e-02
4.684528088569641113e+01, 2.590000000000000000e+02, 3.170000000000000000e+02, 9.424777960769379487e-03
4.687633204460144043e+01, 2.600000000000000000e+02, 3.170000000000000000e+02, -6.283185307179586614e-03
4.690912175178527832e+01, 2.610000000000000000e+02, 3.090000000000000000e+02, -7.853981633974483484e-03
4.694141983985900879e+01, 2.640000000000000000e+02, 3.050000000000000000e+02, -7.853981633974483484e-03
4.697346377372741699e+01, 2.670000000000000000e+02, 3.030000000000000000e+02, -7.853981633974483484e-03
4.700516390800476074e+01, 2.710000000000000000e+02, 3.030000000000000000e+02, -7.853981633974483484e-03
4.703716683387756348e+01, 2.730000000000000000e+02, 3.040000000000000000e+02, -7.853981633974483484e-03
4.706887078285217285e+01, 2.760000000000000000e+02, 3.040000000000000000e+02, -7.853981633974483484e-03
4.710135388374328613e+01, 2.770000000000000000e+02, 3.040000000000000000e+02, -7.853981633974483484e-03
4.713301873207092285e+01, 2.800000000000000000e+02, 3.040000000000000000e+02, -7.853981633974483484e-03
4.716475796699523926e+01, 2.820000000000000000e+02, 3.040000000000000000e+02, -7.853981633974483484e-03
4.719734764099121094e+01, 2.840000000000000000e+02, 3.040000000000000000e+02, -7.853981633974483484e-03
4.722949981689453125e+01, 2.840000000000000000e+02, 3.040000000000000000e+02, -7.853981633974483484e-03
4.726101684570312500e+01, 2.850000000000000000e+02, 3.040000000000000000e+02, -7.853981633974483484e-03
4.729327893257141113e+01, 2.870000000000000000e+02, 3.040000000000000000e+02, -7.853981633974483484e-03
4.732537698745727539e+01, 2.880000000000000000e+02, 3.040000000000000000e+02, -7.853981633974483484e-03
4.735763359069824219e+01, 2.890000000000000000e+02, 3.040000000000000000e+02, -7.853981633974483484e-03
4.738932561874389648e+01, 2.900000000000000000e+02, 3.040000000000000000e+02, -7.853981633974483484e-03
4.742115688323974609e+01, 2.900000000000000000e+02, 3.040000000000000000e+02, -7.853981633974483484e-03
4.745316195487976074e+01, 2.910000000000000000e+02, 3.040000000000000000e+02, -7.853981633974483484e-03
4.748523783683776855e+01, 2.900000000000000000e+02, 3.040000000000000000e+02, -7.853981633974483484e-03
4.751756978034973145e+01, 2.910000000000000000e+02, 3.040000000000000000e+02, -7.853981633974483484e-03
4.754914259910583496e+01, 2.900000000000000000e+02, 3.040000000000000000e+02, -7.853981633974483484e-03
4.758106374740600586e+01, 2.900000000000000000e+02, 3.040000000000000000e+02, -7.853981633974483484e-03
4.761430573463439941e+01, 2.880000000000000000e+02, 3.040000000000000000e+02, 0.000000000000000000e+00
4.764514088630676270e+01, 2.880000000000000000e+02, 3.040000000000000000e+02, 1.209513171632070339e-01
4.767710590362548828e+01, 2.880000000000000000e+02, 3.040000000000000000e+02, 1.900663555421824857e-01
4.770943474769592285e+01, 2.880000000000000000e+02, 3.210000000000000000e+02, 2.042035224833365636e-01
4.774128484725952148e+01, 2.850000000000000000e+02, 3.610000000000000000e+02, 2.042035224833365636e-01
4.777306270599365234e+01, 2.730000000000000000e+02, 3.680000000000000000e+02, 2.042035224833365636e-01
4.780495786666870117e+01, 2.580000000000000000e+02, 3.720000000000000000e+02, 2.042035224833365636e-01
4.783740592002868652e+01, 2.450000000000000000e+02, 3.740000000000000000e+02, 2.042035224833365636e-01
4.786918973922729492e+01, 2.460000000000000000e+02, 3.750000000000000000e+02, 2.042035224833365636e-01
4.790104985237121582e+01, 2.440000000000000000e+02, 3.740000000000000000e+02, 2.042035224833365636e-01
4.793304967880249023e+01, 2.430000000000000000e+02, 3.750000000000000000e+02, 2.042035224833365636e-01
4.796520280838012695e+01, 2.430000000000000000e+02, 3.750000000000000000e+02, 2.057743188101314458e-01
4.799725270271301270e+01, 2.440000000000000000e+02, 3.740000000000000000e+02, 2.042035224833365636e-01
4.802900290489196777e+01, 2.430000000000000000e+02, 3.750000000000000000e+02, 2.042035224833365636e-01
4.806133770942687988e+01, 2.430000000000000000e+02, 3.740000000000000000e+02, 2.042035224833365636e-01
4.809337282180786133e+01, 2.440000000000000000e+02, 3.740000000000000000e+02, 2.042035224833365636e-01
4.812530088424682617e+01, 2.440000000000000000e+02, 3.750000000000000000e+02, 2.042035224833365636e-01
4.815694165229797363e+01, 2.440000000000000000e+02, 3.750000000000000000e+02, 2.042035224833365636e-01
4.818934297561645508e+01, 2.440000000000000000e+02, 3.750000000000000000e+02, 2.042035224833365636e-01
4.822100973129272461e+01, 2.440000000000000000e+02, 3.750000000000000000e+02, 2.042035224833365636e-01
4.825314688682556152e+01, 2.440000000000000000e+02, 3.750000000000000000e+02, 2.042035224833365636e-01
4.828518295288085938e+01, 2.440000000000000000e+02, 3.740000000000000000e+02, 2.042035224833365636e-01
4.831721687316894531e+01, 2.440000000000000000e+02, 3.750000000000000000e+02, 2.042035224833365636e-01
4.834899783134460449e+01, 2.440000000000000000e+02, 3.750000000000000000e+02, 2.042035224833365636e-01
4.838157486915588379e+01, 2.440000000000000000e+02, 3.760000000000000000e+02, 2.042035224833365636e-01
4.841352081298828125e+01, 2.440000000000000000e+02, 3.750000000000000000e+02, 2.042035224833365636e-01
4.844494271278381348e+01, 2.430000000000000000e+02, 3.750000000000000000e+02, 2.246238747316701978e-01
4.847687292098999023e+01, 2.440000000000000000e+02, 3.750000000000000000e+02, 2.387610416728242757e-01
4.850905585289001465e+01, 2.440000000000000000e+02, 3.810000000000000000e+02, 2.403318379996191578e-01
4.854126787185668945e+01, 2.440000000000000000e+02, 3.860000000000000000e+02, 2.403318379996191578e-01
4.857308888435363770e+01, 2.440000000000000000e+02, 3.860000000000000000e+02, 2.403318379996191578e-01
4.860518574714660645e+01, 2.440000000000000000e+02, 3.860000000000000000e+02, 2.403318379996191578e-01
4.863717198371887207e+01, 2.440000000000000000e+02, 3.860000000000000000e+02, 2.403318379996191578e-01
4.866922879219055176e+01, 2.440000000000000000e+02, 3.860000000000000000e+02, 2.403318379996191578e-01
4.870111489295959473e+01, 2.440000000000000000e+02, 3.860000000000000000e+02, 2.403318379996191578e-01
4.873316478729248047e+01, 2.440000000000000000e+02, 3.860000000000000000e+02, 2.403318379996191578e-01
4.876547884941101074e+01, 2.440000000000000000e+02, 3.860000000000000000e+02, 2.403318379996191578e-01
4.879699468612670898e+01, 2.440000000000000000e+02, 3.860000000000000000e+02, 2.403318379996191578e-01
4.882907080650329590e+01, 2.440000000000000000e+02, 3.860000000000000000e+02, 2.403318379996191578e-01
4.886120772361755371e+01, 2.440000000000000000e+02, 3.860000000000000000e+02, 2.403318379996191578e-01
4.889328885078430176e+01, 2.440000000000000000e+02, 3.860000000000000000e+02, 2.403318379996191578e-01
4.892495894432067871e+01, 2.440000000000000000e+02, 3.860000000000000000e+02, 2.403318379996191578e-01
4.895705175399780273e+01, 2.440000000000000000e+02, 3.860000000000000000e+02, 2.403318379996191578e-01
4.898913788795471191e+01, 2.450000000000000000e+02, 3.860000000000000000e+02, 2.403318379996191578e-01
4.902116179466247559e+01, 2.450000000000000000e+02, 3.860000000000000000e+02, 2.403318379996191578e-01
4.905309581756591797e+01, 2.430000000000000000e+02, 3.860000000000000000e+02, 2.403318379996191578e-01
4.908479571342468262e+01, 2.440000000000000000e+02, 3.860000000000000000e+02, 2.403318379996191578e-01
4.911698675155639648e+01, 2.440000000000000000e+02, 3.860000000000000000e+02, 2.403318379996191578e-01
4.914926266670227051e+01, 2.440000000000000000e+02, 3.860000000000000000e+02, 2.403318379996191578e-01
4.918096089363098145e+01, 2.440000000000000000e+02, 3.860000000000000000e+02, 2.403318379996191578e-01
4.921375489234924316e+01, 2.440000000000000000e+02, 3.860000000000000000e+02, 2.403318379996191578e-01
4.924510884284973145e+01, 2.440000000000000000e+02, 3.860000000000000000e+02, 8.482300164692441191e-02
4.927686572074890137e+01, 2.440000000000000000e+02, 3.860000000000000000e+02, -7.382742735936013989e-02
4.930909585952758789e+01, 2.510000000000000000e+02, 3.270000000000000000e+02, -1.209513171632070339e-01
4.934168982505798340e+01, 2.780000000000000000e+02, 2.430000000000000000e+02, -1.256637061435917357e-01
4.937328672409057617e+01, 3.080000000000000000e+02, 1.950000000000000000e+02, -1.256637061435917357e-01
4.940500473976135254e+01, 3.370000000000000000e+02, 1.810000000000000000e+02, -1.256637061435917357e-01
4.943702983856201172e+01, 3.630000000000000000e+02, 2.010000000000000000e+02, -1.256637061435917357e-01
4.946903491020202637e+01, 3.900000000000000000e+02, 2.600000000000000000e+02, -1.256637061435917357e-01
4.950103592872619629e+01, 4.170000000000000000e+02, 2.700000000000000000e+02, -1.256637061435917357e-01
4.953307580947875977e+01, 4.470000000000000000e+02, 2.840000000000000000e+02, -1.256637061435917357e-01
4.956495165824890137e+01, 4.780000000000000000e+02, 2.890000000000000000e+02, -1.256637061435917357e-01
4.959671783447265625e+01, 5.100000000000000000e+02, 2.930000000000000000e+02, -1.256637061435917357e-01
4.962913990020751953e+01, 5.270000000000000000e+02, 2.950000000000000000e+02, -1.256637061435917357e-01
4.966092371940612793e+01, 5.600000000000000000e+02, 3.000000000000000000e+02, -1.256637061435917357e-01
4.969298100471496582e+01, 5.960000000000000000e+02, 3.050000000000000000e+02, -1.256637061435917357e-01
4.972513890266418457e+01, 6.330000000000000000e+02, 3.140000000000000000e+02, -1.256637061435917357e-01
4.975689387321472168e+01, 6.710000000000000000e+02, 3.190000000000000000e+02, -1.256637061435917357e-01
4.978899359703063965e+01, 7.120000000000000000e+02, 3.190000000000000000e+02, -1.256637061435917357e-01
4.982100462913513184e+01, 7.530000000000000000e+02, 3.230000000000000000e+02, -1.256637061435917357e-01
4.985293078422546387e+01, 7.980000000000000000e+02, 3.270000000000000000e+02, -1.256637061435917357e-01
4.988481473922729492e+01, 8.460000000000000000e+02, 3.310000000000000000e+02, -1.256637061435917357e-01
4.991725993156433105e+01, 8.960000000000000000e+02, 3.350000000000000000e+02, -1.256637061435917357e-01
4.994880485534667969e+01, 9.480000000000000000e+02, 3.400000000000000000e+02, -1.256637061435917357e-01
4.998119187355041504e+01, 9.790000000000000000e+02, 3.420000000000000000e+02, -1.256637061435917357e-01
5.001347184181213379e+01, 9.690000000000000000e+02, 3.420000000000000000e+02, -1.256637061435917357e-01
5.004487276077270508e+01, 9.670000000000000000e+02, 3.420000000000000000e+02, -2.450442269800038597e-01
5.007703781127929688e+01, 9.710000000000000000e+02, 3.430000000000000000e+02, -3.392920065876976476e-01
5.010903501510620117e+01, 9.740000000000000000e+02, 3.600000000000000000e+02, -3.628539514896211293e-01
5.014126992225646973e+01, 9.780000000000000000e+02, 4.140000000000000000e+02, -3.628539514896211293e-01
5.017304182052612305e+01, 9.880000000000000000e+02, 4.260000000000000000e+02, -3.628539514896211293e-01
5.020536494255065918e+01, 9.900000000000000000e+02, 4.270000000000000000e+02, -3.628539514896211293e-01
5.023728084564208984e+01, 9.920000000000000000e+02, 4.280000000000000000e+02, -3.628539514896211293e-01
5.026910376548767090e+01, 9.910000000000000000e+02, 4.270000000000000000e+02, -3.628539514896211293e-01
5.030126070976257324e+01, 9.910000000000000000e+02, 4.270000000000000000e+02, -3.628539514896211293e-01
5.033347988128662109e+01, 9.910000000000000000e+02, 4.270000000000000000e+02, -3.628539514896211293e-01
5.036556077003479004e+01, 9.920000000000000000e+02, 4.270000000000000000e+02, -3.628539514896211293e-01
5.039713382720947266e+01, 9.910000000000000000e+02, 4.280000000000000000e+02, -3.628539514896211293e-01
5.042912888526916504e+01, 9.920000000000000000e+02, 4.270000000000000000e+02, -3.628539514896211293e-01
5.046124386787414551e+01, 9.910000000000000000e+02, 4.280000000000000000e+02, -3.628539514896211293e-01
5.049284887313842773e+01, 9.910000000000000000e+02, 4.270000000000000000e+02, -3.628539514896211293e-01
5.052502870559692383e+01, 9.910000000000000000e+02, 4.270000000000000000e+02, -3.628539514896211293e-01
5.055755376815795898e+01, 9.910000000000000000e+02, 4.270000000000000000e+02, -3.628539514896211293e-01
5.058921599388122559e+01, 9.920000000000000000e+02, 4.260000000000000000e+02, -3.628539514896211293e-01
5.062125897407531738e+01, 9.920000000000000000e+02, 4.270000000000000000e+02, -3.628539514896211293e-01
5.065330100059509277e+01, 9.910000000000000000e+02, 4.270000000000000000e+02, -3.628539514896211293e-01
5.068494892120361328e+01, 9.900000000000000000e+02, 4.270000000000000000e+02, -3.628539514896211293e-01
5.071730780601501465e+01, 9.910000000000000000e+02, 4.280000000000000000e+02, -3.628539514896211293e-01
5.074902677536010742e+01, 9.910000000000000000e+02, 4.270000000000000000e+02, -3.628539514896211293e-01
5.078133177757263184e+01, 9.910000000000000000e+02, 4.280000000000000000e+02, -3.628539514896211293e-01
5.081319379806518555e+01, 9.920000000000000000e+02, 4.270000000000000000e+02, -3.597123588360313096e-01
5.084485769271850586e+01, 9.900000000000000000e+02, 4.270000000000000000e+02, -1.979203371761569796e-01
5.087729263305664062e+01, 9.910000000000000000e+02, 4.270000000000000000e+02, -1.256637061435917323e-02
5.090874791145324707e+01, 9.920000000000000000e+02, 3.670000000000000000e+02, 4.712388980384689396e-02
5.094114995002746582e+01, 9.740000000000000000e+02, 2.810000000000000000e+02, 5.340707511102648491e-02
5.097315979003906250e+01, 9.500000000000000000e+02, 2.240000000000000000e+02, 5.340707511102648491e-02
5.100527477264404297e+01, 9.280000000000000000e+02, 2.040000000000000000e+02, 5.340707511102648491e-02
5.103701090812683105e+01, 9.060000000000000000e+02, 2.140000000000000000e+02, 5.340707511102648491e-02
5.106900978088378906e+01, 8.820000000000000000e+02, 2.650000000000000000e+02, 5.497787143782138786e-02
5.110120177268981934e+01, 8.580000000000000000e+02, 2.890000000000000000e+02, 5.497787143782138786e-02
5.113277697563171387e+01, 8.360000000000000000e+02, 2.960000000000000000e+02, 5.497787143782138786e-02
5.116506075859069824e+01, 8.130000000000000000e+02, 3.000000000000000000e+02, 5.340707511102648491e-02
5.119657278060913086e+01, 7.880000000000000000e+02, 3.010000000000000000e+02, 5.497787143782138786e-02
5.122887969017028809e+01, 7.760000000000000000e+02, 3.020000000000000000e+02, 5.340707511102648491e-02
5.126106476783752441e+01, 7.500000000000000000e+02, 3.040000000000000000e+02, 5.497787143782138786e-02
5.129290580749511719e+01, 7.240000000000000000e+02, 3.060000000000000000e+02, 5.497787143782138786e-02
5.132489871978759766e+01, 6.980000000000000000e+02, 3.100000000000000000e+02, 5.497787143782138786e-02
5.135722184181213379e+01, 6.710000000000000000e+02, 3.120000000000000000e+02, 5.497787143782138786e-02
5.138834881782531738e+01, 6.420000000000000000e+02, 3.130000000000000000e+02, 5.497787143782138786e-02
5.142087292671203613e+01, 6.140000000000000000e+02, 3.130000000000000000e+02, 5.497787143782138786e-02
5.145298480987548828e+01, 5.850000000000000000e+02, 3.120000000000000000e+02, 5.497787143782138786e-02
5.148480582237243652e+01, 5.550000000000000000e+02, 3.120000000000000000e+02, 5.340707511102648491e-02
5.151702666282653809e+01, 5.220000000000000000e+02, 3.120000000000000000e+02, 5.340707511102648491e-02
5.154897999763488770e+01, 4.880000000000000000e+02, 3.150000000000000000e+02, 5.340707511102648491e-02
5.158108472824096680e+01, 4.530000000000000000e+02, 3.150000000000000000e+02, 5.497787143782138786e-02
5.161301279067993164e+01, 4.170000000000000000e+02, 3.150000000000000000e+02, 5.497787143782138786e-02
5.164464783668518066e+01, 3.980000000000000000e+02, 3.150000000000000000e+02, 2.042035224833365636e-01
5.167684292793273926e+01, 3.590000000000000000e+02, 3.150000000000000000e+02, 4.319689898685966090e-01
5.170899772644042969e+01, 3.170000000000000000e+02, 3.360000000000000000e+02, 5.969026041820606476e-01
5.174091696739196777e+01, 2.740000000000000000e+02, 3.980000000000000000e+02, 6.440264939859075000e-01
5.177352499961853027e+01, 2.670000000000000000e+02, 4.870000000000000000e+02, 6.503096792930871395e-01
5.180478000640869141e+01, 2.790000000000000000e+02, 5.260000000000000000e+02, 6.503096792930871395e-01
5.183701992034912109e+01, 2.780000000000000000e+02, 5.350000000000000000e+02, 6.503096792930871395e-01
5.186895990371704102e+01, 2.770000000000000000e+02, 5.370000000000000000e+02, 6.503096792930871395e-01
5.190101766586303711e+01, 2.780000000000000000e+02, 5.370000000000000000e+02, 6.503096792930871395e-01
5.193309688568115234e+01, 2.780000000000000000e+02, 5.370000000000000000e+02, 6.503096792930871395e-01
5.196479105949401855e+01, 2.780000000000000000e+02, 5.370000000000000000e+02, 6.503096792930871395e-01
5.199702191352844238e+01, 2.780000000000000000e+02, 5.360000000000000000e+02, 6.503096792930871395e-01
5.202900767326354980e+01, 2.780000000000000000e+02, 5.360000000000000000e+02, 6.503096792930871395e-01
5.206105089187622070e+01, 2.790000000000000000e+02, 5.360000000000000000e+02, 6.503096792930871395e-01
5.209293794631958008e+01, 2.790000000000000000e+02, 5.360000000000000000e+02, 6.503096792930871395e-01
5.212538075447082520e+01, 2.790000000000000000e+02, 5.360000000000000000e+02, 6.503096792930871395e-01
5.215710473060607910e+01, 2.790000000000000000e+02, 5.360000000000000000e+02, 6.503096792930871395e-01
5.218879890441894531e+01, 2.790000000000000000e+02, 5.360000000000000000e+02, 6.503096792930871395e-01
5.222109174728393555e+01, 2.790000000000000000e+02, 5.360000000000000000e+02, 6.503096792930871395e-01
5.225312280654907227e+01, 2.790000000000000000e+02, 5.360000000000000000e+02, 6.503096792930871395e-01
5.228512001037597656e+01, 2.790000000000000000e+02, 5.350000000000000000e+02, 6.503096792930871395e-01
5.231684780120849609e+01, 2.790000000000000000e+02, 5.360000000000000000e+02, 6.503096792930871395e-01
5.234898996353149414e+01, 2.790000000000000000e+02, 5.360000000000000000e+02, 6.503096792930871395e-01
5.238135886192321777e+01, 2.790000000000000000e+02, 5.360000000000000000e+02, 6.503096792930871395e-01
5.241338396072387695e+01, 2.790000000000000000e+02, 5.360000000000000000e+02, 6.503096792930871395e-01
5.244507074356079102e+01, 2.780000000000000000e+02, 5.370000000000000000e+02, 6.895795874629595534e-01
5.247708582878112793e+01, 2.790000000000000000e+02, 5.360000000000000000e+02, 7.131415323648830906e-01
5.250929260253906250e+01, 2.840000000000000000e+02, 5.490000000000000000e+02, 7.178539213452677092e-01
5.254097580909729004e+01, 2.880000000000000000e+02, 5.570000000000000000e+02, 7.194247176720626191e-01
5.257311987876892090e+01, 2.890000000000000000e+02, 5.590000000000000000e+02, 7.209955139988575290e-01
5.260517573356628418e+01, 2.890000000000000000e+02, 5.600000000000000000e+02, 7.225663103256524389e-01
5.263706374168395996e+01, 2.890000000000000000e+02, 5.610000000000000000e+02, 7.225663103256524389e-01
5.266886973381042480e+01, 2.890000000000000000e+02, 5.600000000000000000e+02, 7.225663103256524389e-01
5.270082783699035645e+01, 2.890000000000000000e+02, 5.600000000000000000e+02, 7.241371066524473488e-01
5.273234295845031738e+01, 2.890000000000000000e+02, 5.610000000000000000e+02, 7.225663103256524389e-01
5.276512479782104492e+01, 2.880000000000000000e+02, 5.600000000000000000e+02, 7.241371066524473488e-01
5.279707169532775879e+01, 2.890000000000000000e+02, 5.600000000000000000e+02, 7.241371066524473488e-01
5.282885503768920898e+01, 2.890000000000000000e+02, 5.610000000000000000e+02, 7.241371066524473488e-01
5.286054873466491699e+01, 2.890000000000000000e+02, 5.600000000000000000e+02, 7.225663103256524389e-01
5.289279270172119141e+01, 2.880000000000000000e+02, 5.600000000000000000e+02, 7.225663103256524389e-01
5.292519497871398926e+01, 2.890000000000000000e+02, 5.610000000000000000e+02, 7.225663103256524389e-01
5.295702981948852539e+01, 2.880000000000000000e+02, 5.600000000000000000e+02, 7.225663103256524389e-01
5.298905086517333984e+01, 2.880000000000000000e+02, 5.600000000000000000e+02, 7.241371066524473488e-01
5.302028965950012207e+01, 2.890000000000000000e+02, 5.600000000000000000e+02, 7.225663103256524389e-01
5.305311369895935059e+01, 2.890000000000000000e+02, 5.600000000000000000e+02, 7.225663103256524389e-01
5.308496165275573730e+01, 2.890000000000000000e+02, 5.600000000000000000e+02, 7.241371066524473488e-01
5.311728096008300781e+01, 2.880000000000000000e+02, 5.600000000000000000e+02, 7.241371066524473488e-01
5.314919590950012207e+01, 2.890000000000000000e+02, 5.600000000000000000e+02, 7.241371066524473488e-01
5.318087196350097656e+01, 2.890000000000000000e+02, 5.610000000000000000e+02, 7.225663103256524389e-01
5.321333193778991699e+01, 2.890000000000000000e+02, 5.600000000000000000e+02, 7.257079029792422586e-01
5.324512577056884766e+01, 2.890000000000000000e+02, 5.610000000000000000e+02, 8.026769229921921767e-01
5.327652382850646973e+01, 2.890000000000000000e+02, 5.610000000000000000e+02, 8.450884238156544104e-01
5.330896997451782227e+01, 2.990000000000000000e+02, 5.800000000000000000e+02, 8.545132017764237586e-01
5.334090805053710938e+01, 3.110000000000000000e+02, 6.020000000000000000e+02, 8.560839981032186685e-01
5.337310004234313965e+01, 3.120000000000000000e+02, 6.040000000000000000e+02, 8.576547944300135784e-01
5.340487599372863770e+01, 3.150000000000000000e+02, 6.050000000000000000e+02, 8.576547944300135784e-01
5.343692374229431152e+01, 3.140000000000000000e+02, 6.050000000000000000e+02, 8.576547944300135784e-01
5.346884179115295410e+01, 3.140000000000000000e+02, 6.050000000000000000e+02, 8.592255907568084883e-01
5.350102567672729492e+01, 3.130000000000000000e+02, 6.060000000000000000e+02, 8.576547944300135784e-01
5.353279161453247070e+01, 3.140000000000000000e+02, 6.050000000000000000e+02, 8.592255907568084883e-01
5.356490087509155273e+01, 3.140000000000000000e+02, 6.050000000000000000e+02, 8.576547944300135784e-01
5.359700179100036621e+01, 3.140000000000000000e+02, 6.050000000000000000e+02, 8.576547944300135784e-01
5.362902569770812988e+01, 3.150000000000000000e+02, 6.050000000000000000e+02, 8.576547944300135784e-01
5.366106486320495605e+01, 3.140000000000000000e+02, 6.050000000000000000e+02, 8.592255907568084883e-01
5.369285774230957031e+01, 3.140000000000000000e+02, 6.050000000000000000e+02, 8.576547944300135784e-01
5.372507596015930176e+01, 3.140000000000000000e+02, 6.050000000000000000e+02, 8.592255907568084883e-01
5.375697278976440430e+01, 3.140000000000000000e+02, 6.060000000000000000e+02, 8.592255907568084883e-01
5.378886079788208008e+01, 3.130000000000000000e+02, 6.050000000000000000e+02, 8.592255907568084883e-01
5.382069563865661621e+01, 3.140000000000000000e+02, 6.050000000000000000e+02, 8.576547944300135784e-01
5.385292482376098633e+01, 3.130000000000000000e+02, 6.060000000000000000e+02, 8.576547944300135784e-01
5.388499188423156738e+01, 3.140000000000000000e+02, 6.050000000000000000e+02, 8.592255907568084883e-01
5.391701292991638184e+01, 3.140000000000000000e+02, 6.050000000000000000e+02, 8.592255907568084883e-01
5.394884991645812988e+01, 3.130000000000000000e+02, 6.050000000000000000e+02, 8.576547944300135784e-01
5.398093271255493164e+01, 3.140000000000000000e+02, 6.050000000000000000e+02, 8.592255907568084883e-01
5.401340579986572266e+01, 3.140000000000000000e+02, 6.060000000000000000e+02, 8.592255907568084883e-01
5.404498481750488281e+01, 3.140000000000000000e+02, 6.050000000000000000e+02, 1.013163630782708324e+00
5.407689762115478516e+01, 3.140000000000000000e+02, 6.060000000000000000e+02, 1.145110522233479644e+00
5.410889601707458496e+01, 3.250000000000000000e+02, 6.200000000000000000e+02, 1.174955652442582599e+00
5.414087295532226562e+01, 3.480000000000000000e+02, 6.490000000000000000e+02, 1.179668041422967217e+00
5.417271184921264648e+01, 3.890000000000000000e+02, 6.700000000000000000e+02, 1.178097245096172418e+00
5.420503091812133789e+01, 3.960000000000000000e+02, 6.710000000000000000e+02, 1.178097245096172418e+00
5.423680281639099121e+01, 4.000000000000000000e+02, 6.730000000000000000e+02, 1.178097245096172418e+00
5.426876783370971680e+01, 4.000000000000000000e+02, 6.730000000000000000e+02, 1.178097245096172418e+00
5.430108904838562012e+01, 4.000000000000000000e+02, 6.730000000000000000e+02, 1.178097245096172418e+00
5.433301401138305664e+01, 4.000000000000000000e+02, 6.720000000000000000e+02, 1.178097245096172418e+00
5.436469674110412598e+01, 4.000000000000000000e+02, 6.730000000000000000e+02, 1.178097245096172418e+00
5.439660382270812988e+01, 4.000000000000000000e+02, 6.730000000000000000e+02, 1.178097245096172418e+00
5.442843270301818848e+01, 4.000000000000000000e+02, 6.730000000000000000e+02, 1.178097245096172418e+00
5.446095895767211914e+01, 4.000000000000000000e+02, 6.720000000000000000e+02, 1.178097245096172418e+00
5.449251198768615723e+01, 4.000000000000000000e+02, 6.730000000000000000e+02, 1.178097245096172418e+00
5.452498364448547363e+01, 4.000000000000000000e+02, 6.730000000000000000e+02, 1.178097245096172418e+00
5.455712580680847168e+01, 4.000000000000000000e+02, 6.730000000000000000e+02, 1.178097245096172418e+00
5.458897280693054199e+01, 4.000000000000000000e+02, 6.730000000000000000e+02, 1.178097245096172418e+00
5.462081885337829590e+01, 4.000000000000000000e+02, 6.730000000000000000e+02, 1.178097245096172418e+00
5.465298676490783691e+01, 4.000000000000000000e+02, 6.720000000000000000e+02, 1.178097245096172418e+00
5.468503880500793457e+01, 4.000000000000000000e+02, 6.720000000000000000e+02, 1.178097245096172418e+00
5.471683192253112793e+01, 4.000000000000000000e+02, 6.730000000000000000e+02, 1.178097245096172418e+00
5.474878001213073730e+01, 4.000000000000000000e+02, 6.730000000000000000e+02, 1.178097245096172418e+00
5.478045368194580078e+01, 4.000000000000000000e+02, 6.730000000000000000e+02, 1.178097245096172418e+00
5.481303977966308594e+01, 4.000000000000000000e+02, 6.730000000000000000e+02, 1.178097245096172418e+00
5.484465384483337402e+01, 4.000000000000000000e+02, 6.730000000000000000e+02, 1.154535300194248881e+00
5.487622094154357910e+01, 4.000000000000000000e+02, 6.720000000000000000e+02, 1.141968929579889824e+00
5.490877270698547363e+01, 3.900000000000000000e+02, 6.690000000000000000e+02, 1.137256540599504984e+00
5.494075798988342285e+01, 3.880000000000000000e+02, 6.680000000000000000e+02, 1.134114947945915386e+00
5.497289276123046875e+01, 3.870000000000000000e+02, 6.680000000000000000e+02, 1.134114947945915386e+00
5.500504684448242188e+01, 3.870000000000000000e+02, 6.680000000000000000e+02, 1.134114947945915386e+00
5.503719282150268555e+01, 3.870000000000000000e+02, 6.670000000000000000e+02, 1.134114947945915386e+00
5.506875276565551758e+01, 3.870000000000000000e+02, 6.680000000000000000e+02, 1.134114947945915386e+00
5.510101985931396484e+01, 3.870000000000000000e+02, 6.680000000000000000e+02, 1.135685744272710185e+00
5.513307690620422363e+01, 3.870000000000000000e+02, 6.680000000000000000e+02, 1.134114947945915386e+00
5.516508889198303223e+01, 3.870000000000000000e+02, 6.680000000000000000e+02, 1.135685744272710185e+00
5.519699358940124512e+01, 3.870000000000000000e+02, 6.680000000000000000e+02, 1.134114947945915386e+00
5.522857069969177246e+01, 3.870000000000000000e+02, 6.680000000000000000e+02, 1.135685744272710185e+00
5.526032280921936035e+01, 3.870000000000000000e+02, 6.680000000000000000e+02, 1.135685744272710185e+00
5.529256081581115723e+01, 3.870000000000000000e+02, 6.670000000000000000e+02, 1.135685744272710185e+00
5.532469677925109863e+01, 3.870000000000000000e+02, 6.680000000000000000e+02, 1.135685744272710185e+00
5.535674691200256348e+01, 3.870000000000000000e+02, 6.680000000000000000e+02, 1.134114947945915386e+00
5.538903665542602539e+01, 3.870000000000000000e+02, 6.680000000000000000e+02, 1.134114947945915386e+00
5.542076182365417480e+01, 3.870000000000000000e+02, 6.680000000000000000e+02, 1.134114947945915386e+00
5.545297384262084961e+01, 3.870000000000000000e+02, 6.680000000000000000e+02, 1.134114947945915386e+00
5.548477983474731445e+01, 3.870000000000000000e+02, 6.680000000000000000e+02, 1.135685744272710185e+00
5.551682686805725098e+01, 3.870000000000000000e+02, 6.680000000000000000e+02, 1.134114947945915386e+00
5.554864001274108887e+01, 3.870000000000000000e+02, 6.680000000000000000e+02, 1.135685744272710185e+00
5.558089780807495117e+01, 3.870000000000000000e+02, 6.680000000000000000e+02, 1.134114947945915386e+00
5.561315774917602539e+01, 3.870000000000000000e+02, 6.680000000000000000e+02, 1.129402558965530545e+00
5.564454770088195801e+01, 3.870000000000000000e+02, 6.680000000000000000e+02, 9.566149630180920127e-01
5.567686486244201660e+01, 3.830000000000000000e+02, 6.670000000000000000e+02, 7.209955139988575290e-01
5.570887398719787598e+01, 3.180000000000000000e+02, 6.100000000000000000e+02, 4.885176576332128096e-01
5.574095177650451660e+01, 2.820000000000000000e+02, 5.470000000000000000e+02, 3.392920065876976476e-01
5.577272295951843262e+01, 2.570000000000000000e+02, 4.640000000000000000e+02, 3.047344873982099633e-01
5.580495882034301758e+01, 2.510000000000000000e+02, 4.070000000000000000e+02, 3.031636910714150535e-01
5.583664083480834961e+01, 2.500000000000000000e+02, 3.860000000000000000e+02, 3.031636910714150535e-01
5.586878490447998047e+01, 2.500000000000000000e+02, 4.010000000000000000e+02, 3.031636910714150535e-01
5.590090799331665039e+01, 2.490000000000000000e+02, 4.140000000000000000e+02, 3.031636910714150535e-01
5.593266367912292480e+01, 2.490000000000000000e+02, 4.150000000000000000e+02, 3.031636910714150535e-01
5.596470189094543457e+01, 2.490000000000000000e+02, 4.140000000000000000e+02, 3.031636910714150535e-01
5.599648785591125488e+01, 2.500000000000000000e+02, 4.140000000000000000e+02, 3.031636910714150535e-01
5.602859687805175781e+01, 2.500000000000000000e+02, 4.140000000000000000e+02, 3.031636910714150535e-01
5.606092691421508789e+01, 2.500000000000000000e+02, 4.140000000000000000e+02, 3.031636910714150535e-01
5.609255194664001465e+01, 2.500000000000000000e+02, 4.140000000000000000e+02, 3.031636910714150535e-01
5.612464165687561035e+01, 2.510000000000000000e+02, 4.140000000000000000e+02, 3.031636910714150535e-01
5.615667986869812012e+01, 2.510000000000000000e+02, 4.140000000000000000e+02, 3.031636910714150535e-01
5.618856596946716309e+01, 2.510000000000000000e+02, 4.140000000000000000e+02, 3.031636910714150535e-01
5.622067570686340332e+01, 2.510000000000000000e+02, 4.140000000000000000e+02, 3.031636910714150535e-01
5.625271677970886230e+01, 2.500000000000000000e+02, 4.140000000000000000e+02, 3.031636910714150535e-01
5.628463888168334961e+01, 2.510000000000000000e+02, 4.140000000000000000e+02, 3.031636910714150535e-01
5.631677174568176270e+01, 2.510000000000000000e+02, 4.140000000000000000e+02, 3.031636910714150535e-01
5.634863686561584473e+01, 2.500000000000000000e+02, 4.140000000000000000e+02, 3.031636910714150535e-01
5.638076376914978027e+01, 2.500000000000000000e+02, 4.140000000000000000e+02, 3.031636910714150535e-01
5.641286683082580566e+01, 2.500000000000000000e+02, 4.140000000000000000e+02, 3.031636910714150535e-01
5.644478678703308105e+01, 2.500000000000000000e+02, 4.150000000000000000e+02, 3.141592653589793116e-01
5.647666573524475098e+01, 2.500000000000000000e+02, 4.140000000000000000e+02, 3.188716543393640412e-01
5.650881481170654297e+01, 2.500000000000000000e+02, 4.150000000000000000e+02, 3.204424506661588956e-01
5.654079985618591309e+01, 2.510000000000000000e+02, 4.140000000000000000e+02, 3.204424506661588956e-01
5.657293272018432617e+01, 2.510000000000000000e+02, 4.150000000000000000e+02, 3.204424506661588956e-01
5.660454678535461426e+01, 2.510000000000000000e+02, 4.150000000000000000e+02, 3.204424506661588956e-01
5.663664984703063965e+01, 2.510000000000000000e+02, 4.140000000000000000e+02, 3.204424506661588956e-01
5.666847085952758789e+01, 2.500000000000000000e+02, 4.140000000000000000e+02, 3.204424506661588956e-01
5.670056295394897461e+01, 2.500000000000000000e+02, 4.140000000000000000e+02, 3.204424506661588956e-01
5.673294687271118164e+01, 2.500000000000000000e+02, 4.140000000000000000e+02, 3.204424506661588956e-01
5.676460289955139160e+01, 2.500000000000000000e+02, 4.140000000000000000e+02, 3.204424506661588956e-01
5.679665088653564453e+01, 2.510000000000000000e+02, 4.140000000000000000e+02, 3.204424506661588956e-01
5.682897877693176270e+01, 2.510000000000000000e+02, 4.150000000000000000e+02, 3.204424506661588956e-01
5.686060380935668945e+01, 2.500000000000000000e+02, 4.140000000000000000e+02, 3.204424506661588956e-01
5.689256072044372559e+01, 2.510000000000000000e+02, 4.140000000000000000e+02, 3.204424506661588956e-01
5.692488074302673340e+01, 2.510000000000000000e+02, 4.140000000000000000e+02, 3.204424506661588956e-01
5.695670771598815918e+01, 2.510000000000000000e+02, 4.140000000000000000e+02, 3.204424506661588956e-01
5.698852992057800293e+01, 2.510000000000000000e+02, 4.150000000000000000e+02, 3.204424506661588956e-01
5.702075695991516113e+01, 2.510000000000000000e+02, 4.150000000000000000e+02, 3.204424506661588956e-01
5.705272984504699707e+01, 2.510000000000000000e+02, 4.140000000000000000e+02, 3.204424506661588956e-01
5.708490586280822754e+01, 2.510000000000000000e+02, 4.140000000000000000e+02, 3.204424506661588956e-01
5.711683297157287598e+01, 2.510000000000000000e+02, 4.140000000000000000e+02, 3.204424506661588956e-01
5.714857983589172363e+01, 2.510000000000000000e+02, 4.140000000000000000e+02, 3.204424506661588956e-01
5.718055868148803711e+01, 2.510000000000000000e+02, 4.140000000000000000e+02, 3.204424506661588956e-01
5.721294379234313965e+01, 2.510000000000000000e+02, 4.140000000000000000e+02, 3.188716543393640412e-01
5.724441981315612793e+01, 2.500000000000000000e+02, 4.140000000000000000e+02, 2.858849314766711558e-01
5.727651786804199219e+01, 2.510000000000000000e+02, 4.140000000000000000e+02, 2.654645792283375494e-01
5.730906701087951660e+01, 2.500000000000000000e+02, 4.050000000000000000e+02, 2.623229865747477296e-01
5.734098792076110840e+01, 2.510000000000000000e+02, 4.000000000000000000e+02, 2.623229865747477296e-01
5.737278890609741211e+01, 2.510000000000000000e+02, 3.990000000000000000e+02, 2.623229865747477296e-01
5.740443277359008789e+01, 2.500000000000000000e+02, 3.990000000000000000e+02, 2.623229865747477296e-01
5.743690800666809082e+01, 2.510000000000000000e+02, 3.990000000000000000e+02, 2.623229865747477296e-01
5.746862387657165527e+01, 2.510000000000000000e+02, 3.990000000000000000e+02, 2.623229865747477296e-01
5.750084090232849121e+01, 2.510000000000000000e+02, 3.990000000000000000e+02, 2.623229865747477296e-01
5.753248381614685059e+01, 2.510000000000000000e+02, 3.990000000000000000e+02, 2.623229865747477296e-01
5.756468892097473145e+01, 2.510000000000000000e+02, 4.000000000000000000e+02, 2.623229865747477296e-01
5.759671497344970703e+01, 2.510000000000000000e+02, 3.990000000000000000e+02, 2.623229865747477296e-01
5.762855482101440430e+01, 2.510000000000000000e+02, 3.990000000000000000e+02, 2.623229865747477296e-01
5.766063785552978516e+01, 2.510000000000000000e+02, 4.000000000000000000e+02, 2.623229865747477296e-01
5.769274067878723145e+01, 2.510000000000000000e+02, 3.990000000000000000e+02, 2.623229865747477296e-01
5.772454190254211426e+01, 2.510000000000000000e+02, 4.000000000000000000e+02, 2.623229865747477296e-01
5.775665473937988281e+01, 2.520000000000000000e+02, 4.000000000000000000e+02, 2.623229865747477296e-01
5.778867673873901367e+01, 2.510000000000000000e+02, 3.990000000000000000e+02, 2.623229865747477296e-01
5.782086181640625000e+01, 2.510000000000000000e+02, 3.990000000000000000e+02, 2.623229865747477296e-01
5.785244965553283691e+01, 2.510000000000000000e+02, 3.990000000000000000e+02, 2.623229865747477296e-01
5.788425588607788086e+01, 2.510000000000000000e+02, 3.980000000000000000e+02, 2.623229865747477296e-01
5.791662478446960449e+01, 2.510000000000000000e+02, 3.990000000000000000e+02, 2.623229865747477296e-01
5.794873595237731934e+01, 2.510000000000000000e+02, 3.990000000000000000e+02, 2.623229865747477296e-01
5.798081374168395996e+01, 2.510000000000000000e+02, 3.990000000000000000e+02, 2.623229865747477296e-01
5.801290082931518555e+01, 2.510000000000000000e+02, 3.990000000000000000e+02, 2.607521902479528197e-01
5.804456877708435059e+01, 2.510000000000000000e+02, 3.990000000000000000e+02, 1.052433538952580738e-01
5.807626867294311523e+01, 2.510000000000000000e+02, 3.990000000000000000e+02, -5.969026041820606893e-02
5.810849380493164062e+01, 2.560000000000000000e+02, 3.340000000000000000e+02, -1.115265392024376440e-01
5.814067196846008301e+01, 2.710000000000000000e+02, 2.750000000000000000e+02, -1.146681318560274360e-01
5.817259979248046875e+01, 2.860000000000000000e+02, 2.490000000000000000e+02, -1.146681318560274360e-01
5.820510482788085938e+01, 2.990000000000000000e+02, 2.590000000000000000e+02, -1.146681318560274360e-01
5.823672986030578613e+01, 3.130000000000000000e+02, 2.700000000000000000e+02, -1.146681318560274360e-01
5.826872086524963379e+01, 3.300000000000000000e+02, 2.730000000000000000e+02, -1.146681318560274360e-01
5.830034565925598145e+01, 3.480000000000000000e+02, 2.750000000000000000e+02, -1.146681318560274360e-01
5.833448481559753418e+01, 3.680000000000000000e+02, 2.780000000000000000e+02, -1.146681318560274360e-01
5.836472082138061523e+01, 3.900000000000000000e+02, 2.800000000000000000e+02, -1.146681318560274360e-01
5.839855694770812988e+01, 4.120000000000000000e+02, 2.850000000000000000e+02, -1.146681318560274360e-01
5.842878985404968262e+01, 4.250000000000000000e+02, 2.870000000000000000e+02, -1.146681318560274360e-01
5.846103072166442871e+01, 4.520000000000000000e+02, 2.880000000000000000e+02, -1.146681318560274360e-01
5.849267673492431641e+01, 4.800000000000000000e+02, 2.910000000000000000e+02, -1.146681318560274360e-01
5.852456068992614746e+01, 5.080000000000000000e+02, 2.950000000000000000e+02, -1.146681318560274360e-01
5.855693078041076660e+01, 5.380000000000000000e+02, 2.980000000000000000e+02, -1.146681318560274360e-01
5.858795380592346191e+01, 5.690000000000000000e+02, 3.030000000000000000e+02, -1.146681318560274360e-01
5.862116789817810059e+01, 6.020000000000000000e+02, 3.090000000000000000e+02, -1.146681318560274360e-01
5.865288782119750977e+01, 6.360000000000000000e+02, 3.150000000000000000e+02, -1.146681318560274360e-01
5.868657994270324707e+01, 6.720000000000000000e+02, 3.190000000000000000e+02, -1.146681318560274360e-01
5.871696686744689941e+01, 7.110000000000000000e+02, 3.190000000000000000e+02, -1.146681318560274360e-01
5.874868392944335938e+01, 7.500000000000000000e+02, 3.210000000000000000e+02, -1.146681318560274360e-01
5.878055596351623535e+01, 7.920000000000000000e+02, 3.240000000000000000e+02, -1.146681318560274360e-01
5.881268477439880371e+01, 8.370000000000000000e+02, 3.270000000000000000e+02, -1.178097245096172418e-01
5.884488582611083984e+01, 8.600000000000000000e+02, 3.280000000000000000e+02, -2.843141351498762459e-01
5.887648272514343262e+01, 9.060000000000000000e+02, 3.340000000000000000e+02, -4.838052686528281354e-01
5.890874481201171875e+01, 9.520000000000000000e+02, 3.600000000000000000e+02, -5.764822519337270412e-01
5.894062066078186035e+01, 9.790000000000000000e+02, 4.200000000000000000e+02, -5.937610115284709389e-01
5.897250485420227051e+01, 9.680000000000000000e+02, 5.000000000000000000e+02, -5.953318078552658488e-01
5.900482463836669922e+01, 9.620000000000000000e+02, 4.920000000000000000e+02, -5.953318078552658488e-01
5.903652977943420410e+01, 9.650000000000000000e+02, 5.070000000000000000e+02, -5.953318078552658488e-01
5.906826972961425781e+01, 9.670000000000000000e+02, 5.110000000000000000e+02, -5.953318078552658488e-01
5.910065364837646484e+01, 9.690000000000000000e+02, 5.120000000000000000e+02, -5.953318078552658488e-01
5.913267302513122559e+01, 9.700000000000000000e+02, 5.130000000000000000e+02, -5.953318078552658488e-01
5.916510272026062012e+01, 9.710000000000000000e+02, 5.140000000000000000e+02, -5.953318078552658488e-01
5.919673967361450195e+01, 9.720000000000000000e+02, 5.140000000000000000e+02, -5.953318078552658488e-01
5.922880887985229492e+01, 9.720000000000000000e+02, 5.140000000000000000e+02, -5.953318078552658488e-01
5.926078486442565918e+01, 9.720000000000000000e+02, 5.140000000000000000e+02, -5.953318078552658488e-01
5.929258394241333008e+01, 9.720000000000000000e+02, 5.140000000000000000e+02, -5.953318078552658488e-01
5.932530570030212402e+01, 9.710000000000000000e+02, 5.140000000000000000e+02, -5.953318078552658488e-01
5.935677790641784668e+01, 9.720000000000000000e+02, 5.140000000000000000e+02, -5.953318078552658488e-01
5.938842487335205078e+01, 9.720000000000000000e+02, 5.140000000000000000e+02, -5.953318078552658488e-01
5.942047572135925293e+01, 9.720000000000000000e+02, 5.140000000000000000e+02, -5.953318078552658488e-01
5.945228290557861328e+01, 9.720000000000000000e+02, 5.140000000000000000e+02, -5.953318078552658488e-01
5.948471498489379883e+01, 9.720000000000000000e+02, 5.140000000000000000e+02, -5.953318078552658488e-01
5.951678895950317383e+01, 9.720000000000000000e+02, 5.140000000000000000e+02, -5.953318078552658488e-01
5.954841971397399902e+01, 9.720000000000000000e+02, 5.140000000000000000e+02, -5.953318078552658488e-01
5.958058595657348633e+01, 9.710000000000000000e+02, 5.140000000000000000e+02, -5.953318078552658488e-01
5.961279582977294922e+01, 9.720000000000000000e+02, 5.140000000000000000e+02, -5.953318078552658488e-01
5.964455866813659668e+01, 9.720000000000000000e+02, 5.140000000000000000e+02, -4.445353604829556660e-01
5.967656660079956055e+01, 9.730000000000000000e+02, 5.140000000000000000e+02, -2.167698930976957317e-01
5.970873379707336426e+01, 9.890000000000000000e+02, 4.490000000000000000e+02, -1.727875959474385950e-02
5.974077272415161133e+01, 9.920000000000000000e+02, 3.660000000000000000e+02, 5.340707511102648491e-02
5.977177381515502930e+01, 9.790000000000000000e+02, 3.030000000000000000e+02, 6.283185307179586787e-02
5.980480480194091797e+01, 9.610000000000000000e+02, 2.560000000000000000e+02, 6.283185307179586787e-02
5.983648276329040527e+01, 9.480000000000000000e+02, 2.440000000000000000e+02, 6.126105674500096493e-02
5.986860895156860352e+01, 9.320000000000000000e+02, 2.660000000000000000e+02, 6.283185307179586787e-02
5.990072178840637207e+01, 9.160000000000000000e+02, 2.890000000000000000e+02, 6.283185307179586787e-02
5.993250989913940430e+01, 9.020000000000000000e+02, 2.930000000000000000e+02, 6.283185307179586787e-02
5.996499991416931152e+01, 8.870000000000000000e+02, 2.950000000000000000e+02, 6.126105674500096493e-02
5.999663281440734863e+01, 8.720000000000000000e+02, 2.950000000000000000e+02, 6.283185307179586787e-02
6.002842879295349121e+01, 8.640000000000000000e+02, 2.950000000000000000e+02, 6.283185307179586787e-02
6.006042790412902832e+01, 8.480000000000000000e+02, 2.960000000000000000e+02, 6.126105674500096493e-02
6.009260487556457520e+01, 8.320000000000000000e+02, 2.980000000000000000e+02, 6.283185307179586787e-02
6.012459588050842285e+01, 8.140000000000000000e+02, 2.990000000000000000e+02, 6.283185307179586787e-02
6.015665674209594727e+01, 7.960000000000000000e+02, 3.000000000000000000e+02, 6.283185307179586787e-02
6.018872976303100586e+01, 7.770000000000000000e+02, 3.010000000000000000e+02, 6.283185307179586787e-02
6.022048091888427734e+01, 7.560000000000000000e+02, 3.020000000000000000e+02, 6.283185307179586787e-02
6.025276374816894531e+01, 7.350000000000000000e+02, 3.050000000000000000e+02, 6.283185307179586787e-02
6.028460979461669922e+01, 7.120000000000000000e+02, 3.070000000000000000e+02, 6.283185307179586787e-02
6.031646585464477539e+01, 6.870000000000000000e+02, 3.100000000000000000e+02, 6.283185307179586787e-02
6.034852981567382812e+01, 6.610000000000000000e+02, 3.130000000000000000e+02, 6.283185307179586787e-02
6.038031172752380371e+01, 6.350000000000000000e+02, 3.140000000000000000e+02, 6.283185307179586787e-02
6.041626596450805664e+01, 6.070000000000000000e+02, 3.130000000000000000e+02, -2.434734306532089665e+00
6.043670487403869629e+01, 5.790000000000000000e+02, 3.120000000000000000e+02, -2.434734306532089665e+00
6.045282673835754395e+01, 5.640000000000000000e+02, 3.120000000000000000e+02, -1.288052987971815277e-01
6.047686886787414551e+01, 5.480000000000000000e+02, 3.100000000000000000e+02, -2.937389131106456497e-01
6.050851988792419434e+01, 5.340000000000000000e+02, 3.000000000000000000e+02, -5.152211951887261110e-01
6.054045271873474121e+01, 5.120000000000000000e+02, 2.700000000000000000e+02, -6.958627727701391930e-01
6.057147789001464844e+01, 5.030000000000000000e+02, 2.260000000000000000e+02, -7.508406442079604837e-01
6.060445380210876465e+01, 5.050000000000000000e+02, 1.860000000000000000e+02, -7.571238295151401232e-01
6.063639879226684570e+01, 5.090000000000000000e+02, 1.750000000000000000e+02, -7.571238295151401232e-01
6.066847991943359375e+01, 5.190000000000000000e+02, 1.850000000000000000e+02, -7.571238295151401232e-01
6.070044970512390137e+01, 5.400000000000000000e+02, 2.040000000000000000e+02, -7.571238295151401232e-01
6.073234891891479492e+01, 5.690000000000000000e+02, 2.310000000000000000e+02, -7.571238295151401232e-01
6.076443171501159668e+01, 6.080000000000000000e+02, 2.660000000000000000e+02, -7.571238295151401232e-01
6.079665875434875488e+01, 6.560000000000000000e+02, 3.130000000000000000e+02, -7.571238295151401232e-01
6.082816672325134277e+01, 6.840000000000000000e+02, 3.370000000000000000e+02, -7.571238295151401232e-01
6.086051368713378906e+01, 7.490000000000000000e+02, 3.910000000000000000e+02, -7.571238295151401232e-01
6.089250993728637695e+01, 8.300000000000000000e+02, 4.610000000000000000e+02, -7.571238295151401232e-01
6.092445278167724609e+01, 9.260000000000000000e+02, 5.430000000000000000e+02, -7.571238295151401232e-01
6.095626878738403320e+01, 9.320000000000000000e+02, 5.500000000000000000e+02, -7.571238295151401232e-01
6.098834776878356934e+01, 9.250000000000000000e+02, 5.440000000000000000e+02, -7.571238295151401232e-01
6.102057981491088867e+01, 9.420000000000000000e+02, 5.600000000000000000e+02, -7.571238295151401232e-01
6.105264282226562500e+01, 9.440000000000000000e+02, 5.610000000000000000e+02, -7.571238295151401232e-01
6.108451080322265625e+01, 9.470000000000000000e+02, 5.650000000000000000e+02, -7.571238295151401232e-01
6.111645793914794922e+01, 9.480000000000000000e+02, 5.650000000000000000e+02, -7.571238295151401232e-01
6.114846587181091309e+01, 9.500000000000000000e+02, 5.660000000000000000e+02, -7.571238295151401232e-01
6.118070292472839355e+01, 9.500000000000000000e+02, 5.670000000000000000e+02, -7.571238295151401232e-01
6.121257591247558594e+01, 9.510000000000000000e+02, 5.680000000000000000e+02, -7.571238295151401232e-01
6.124427485466003418e+01, 9.520000000000000000e+02, 5.680000000000000000e+02, -7.335618846132166970e-01
6.127643084526062012e+01, 9.510000000000000000e+02, 5.680000000000000000e+02, -7.225663103256524389e-01
6.130841374397277832e+01, 9.510000000000000000e+02, 5.670000000000000000e+02, -7.194247176720626191e-01
6.134034585952758789e+01, 9.510000000000000000e+02, 5.640000000000000000e+02, -7.194247176720626191e-01
6.137248897552490234e+01, 9.530000000000000000e+02, 5.640000000000000000e+02, -7.194247176720626191e-01
6.140434885025024414e+01, 9.520000000000000000e+02, 5.640000000000000000e+02, -7.194247176720626191e-01
6.143632364273071289e+01, 9.520000000000000000e+02, 5.640000000000000000e+02, -7.194247176720626191e-01
6.146853494644165039e+01, 9.520000000000000000e+02, 5.640000000000000000e+02, -7.194247176720626191e-01
6.150049877166748047e+01, 9.520000000000000000e+02, 5.640000000000000000e+02, -7.194247176720626191e-01
6.153248476982116699e+01, 9.520000000000000000e+02, 5.640000000000000000e+02, -7.194247176720626191e-01
6.156465578079223633e+01, 9.510000000000000000e+02, 5.630000000000000000e+02, -7.194247176720626191e-01
6.159666204452514648e+01, 9.510000000000000000e+02, 5.640000000000000000e+02, -7.194247176720626191e-01
6.162842583656311035e+01, 9.530000000000000000e+02, 5.640000000000000000e+02, -7.194247176720626191e-01
6.166020393371582031e+01, 9.520000000000000000e+02, 5.640000000000000000e+02, -7.194247176720626191e-01
6.169240760803222656e+01, 9.520000000000000000e+02, 5.640000000000000000e+02, -7.194247176720626191e-01
6.172435188293457031e+01, 9.510000000000000000e+02, 5.630000000000000000e+02, -7.194247176720626191e-01
6.175653195381164551e+01, 9.520000000000000000e+02, 5.640000000000000000e+02, -7.194247176720626191e-01
6.178863692283630371e+01, 9.520000000000000000e+02, 5.630000000000000000e+02, -7.194247176720626191e-01
6.182065677642822266e+01, 9.520000000000000000e+02, 5.640000000000000000e+02, -7.194247176720626191e-01
6.185248875617980957e+01, 9.520000000000000000e+02, 5.630000000000000000e+02, -7.194247176720626191e-01
6.188445591926574707e+01, 9.520000000000000000e+02, 5.640000000000000000e+02, -7.194247176720626191e-01
6.191618204116821289e+01, 9.520000000000000000e+02, 5.630000000000000000e+02, -7.194247176720626191e-01
6.194847488403320312e+01, 9.530000000000000000e+02, 5.640000000000000000e+02, -7.194247176720626191e-01
6.198068976402282715e+01, 9.520000000000000000e+02, 5.640000000000000000e+02, -7.194247176720626191e-01
6.201266789436340332e+01, 9.520000000000000000e+02, 5.650000000000000000e+02, -7.162831250184729104e-01
6.204469990730285645e+01, 9.530000000000000000e+02, 5.630000000000000000e+02, -6.173229564303943651e-01
6.207652974128723145e+01, 9.530000000000000000e+02, 5.610000000000000000e+02, -5.592034923389831436e-01
6.210878896713256836e+01, 9.710000000000000000e+02, 5.150000000000000000e+02, -5.497787143782137953e-01
6.214072084426879883e+01, 9.790000000000000000e+02, 4.930000000000000000e+02, -5.497787143782137953e-01
6.217259287834167480e+01, 9.750000000000000000e+02, 5.050000000000000000e+02, -5.497787143782137953e-01
6.220449185371398926e+01, 9.740000000000000000e+02, 5.060000000000000000e+02, -5.497787143782137953e-01
6.223649692535400391e+01, 9.760000000000000000e+02, 5.050000000000000000e+02, -5.497787143782137953e-01
6.226845383644104004e+01, 9.750000000000000000e+02, 5.060000000000000000e+02, -5.497787143782137953e-01
6.230019092559814453e+01, 9.740000000000000000e+02, 5.050000000000000000e+02, -5.497787143782137953e-01
6.233244895935058594e+01, 9.750000000000000000e+02, 5.060000000000000000e+02, -5.497787143782137953e-01
6.236455488204956055e+01, 9.750000000000000000e+02, 5.060000000000000000e+02, -5.497787143782137953e-01
6.239625382423400879e+01, 9.750000000000000000e+02, 5.060000000000000000e+02, -5.497787143782137953e-01
6.242834568023681641e+01, 9.750000000000000000e+02, 5.060000000000000000e+02, -5.497787143782137953e-01
6.246024870872497559e+01, 9.750000000000000000e+02, 5.070000000000000000e+02, -5.497787143782137953e-01
6.249258089065551758e+01, 9.750000000000000000e+02, 5.050000000000000000e+02, -5.497787143782137953e-01
6.252423071861267090e+01, 9.750000000000000000e+02, 5.060000000000000000e+02, -5.497787143782137953e-01
6.255627083778381348e+01, 9.750000000000000000e+02, 5.050000000000000000e+02, -5.497787143782137953e-01
6.258845686912536621e+01, 9.750000000000000000e+02, 5.060000000000000000e+02, -5.497787143782137953e-01
6.262029480934143066e+01, 9.750000000000000000e+02, 5.050000000000000000e+02, -5.497787143782137953e-01
6.265224885940551758e+01, 9.750000000000000000e+02, 5.060000000000000000e+02, -5.497787143782137953e-01
6.268415164947509766e+01, 9.750000000000000000e+02, 5.060000000000000000e+02, -5.482079180514188854e-01
6.271655774116516113e+01, 9.750000000000000000e+02, 5.060000000000000000e+02, -5.497787143782137953e-01
6.274838399887084961e+01, 9.760000000000000000e+02, 5.060000000000000000e+02, -5.497787143782137953e-01
6.278051686286926270e+01, 9.750000000000000000e+02, 5.060000000000000000e+02, -5.497787143782137953e-01
6.281318497657775879e+01, 9.740000000000000000e+02, 5.050000000000000000e+02, -5.450663253978290657e-01
6.284445166587829590e+01, 9.750000000000000000e+02, 5.060000000000000000e+02, -3.769911184307751517e-01
6.287597894668579102e+01, 9.760000000000000000e+02, 5.040000000000000000e+02, -1.586504290062845657e-01
6.290874171257019043e+01, 9.910000000000000000e+02, 4.310000000000000000e+02, 5.183627878423158891e-02
6.294032692909240723e+01, 9.900000000000000000e+02, 3.550000000000000000e+02, 1.288052987971815277e-01
6.297228288650512695e+01, 9.740000000000000000e+02, 2.870000000000000000e+02, 1.413716694115406958e-01
6.300447893142700195e+01, 9.570000000000000000e+02, 2.460000000000000000e+02, 1.413716694115406958e-01
6.303650569915771484e+01, 9.420000000000000000e+02, 2.400000000000000000e+02, 1.413716694115406958e-01
6.306828069686889648e+01, 9.260000000000000000e+02, 2.660000000000000000e+02, 1.413716694115406958e-01
6.310024666786193848e+01, 9.080000000000000000e+02, 2.710000000000000000e+02, 1.413716694115406958e-01
6.313231372833251953e+01, 8.870000000000000000e+02, 2.740000000000000000e+02, 1.413716694115406958e-01
6.316444373130798340e+01, 8.640000000000000000e+02, 2.770000000000000000e+02, 1.413716694115406958e-01
6.319617366790771484e+01, 8.400000000000000000e+02, 2.810000000000000000e+02, 1.413716694115406958e-01
6.322813796997070312e+01, 8.270000000000000000e+02, 2.830000000000000000e+02, 1.413716694115406958e-01
6.326024079322814941e+01, 7.980000000000000000e+02, 2.870000000000000000e+02, 1.413716694115406958e-01
6.329236769676208496e+01, 7.680000000000000000e+02, 2.920000000000000000e+02, 1.413716694115406958e-01
6.332460784912109375e+01, 7.350000000000000000e+02, 2.960000000000000000e+02, 1.413716694115406958e-01
6.335920095443725586e+01, 7.000000000000000000e+02, 3.020000000000000000e+02, 1.413716694115406958e-01
6.338854980468750000e+01, 6.610000000000000000e+02, 3.090000000000000000e+02, 1.413716694115406958e-01
6.342060685157775879e+01, 6.200000000000000000e+02, 3.130000000000000000e+02, 1.413716694115406958e-01
6.345255088806152344e+01, 5.780000000000000000e+02, 3.150000000000000000e+02, 1.413716694115406958e-01
6.348430991172790527e+01, 5.330000000000000000e+02, 3.190000000000000000e+02, 1.413716694115406958e-01
6.351635789871215820e+01, 4.830000000000000000e+02, 3.270000000000000000e+02, 1.413716694115406958e-01
6.354828071594238281e+01, 4.330000000000000000e+02, 3.300000000000000000e+02, 1.413716694115406958e-01
6.357995271682739258e+01, 3.770000000000000000e+02, 3.350000000000000000e+02, 1.413716694115406958e-01
6.361241078376770020e+01, 3.180000000000000000e+02, 3.410000000000000000e+02, 1.413716694115406958e-01
6.364422678947448730e+01, 2.870000000000000000e+02, 3.440000000000000000e+02, 2.293362637120548719e-01
6.367594790458679199e+01, 2.550000000000000000e+02, 3.470000000000000000e+02, 2.937389131106456497e-01
6.370877480506896973e+01, 2.590000000000000000e+02, 3.650000000000000000e+02, 3.094468763785946375e-01
6.374034976959228516e+01, 2.530000000000000000e+02, 4.020000000000000000e+02, 3.094468763785946375e-01
6.377238082885742188e+01, 2.470000000000000000e+02, 4.100000000000000000e+02, 3.110176727053895473e-01
6.380439090728759766e+01, 2.450000000000000000e+02, 4.100000000000000000e+02, 3.110176727053895473e-01
6.383646082878112793e+01, 2.440000000000000000e+02, 4.110000000000000000e+02, 3.110176727053895473e-01
6.386858081817626953e+01, 2.440000000000000000e+02, 4.110000000000000000e+02, 3.110176727053895473e-01
6.390058684349060059e+01, 2.430000000000000000e+02, 4.110000000000000000e+02, 3.110176727053895473e-01
6.393268394470214844e+01, 2.420000000000000000e+02, 4.110000000000000000e+02, 3.110176727053895473e-01
6.396411371231079102e+01, 2.430000000000000000e+02, 4.110000000000000000e+02, 3.110176727053895473e-01
6.399657702445983887e+01, 2.430000000000000000e+02, 4.110000000000000000e+02, 3.110176727053895473e-01
6.402832484245300293e+01, 2.430000000000000000e+02, 4.110000000000000000e+02, 3.110176727053895473e-01
6.406008172035217285e+01, 2.430000000000000000e+02, 4.110000000000000000e+02, 3.110176727053895473e-01
6.409225177764892578e+01, 2.430000000000000000e+02, 4.110000000000000000e+02, 3.110176727053895473e-01
6.412435889244079590e+01, 2.430000000000000000e+02, 4.110000000000000000e+02, 3.110176727053895473e-01
6.415636396408081055e+01, 2.430000000000000000e+02, 4.100000000000000000e+02, 3.110176727053895473e-01
6.418829894065856934e+01, 2.440000000000000000e+02, 4.110000000000000000e+02, 3.110176727053895473e-01
6.422017478942871094e+01, 2.440000000000000000e+02, 4.110000000000000000e+02, 3.110176727053895473e-01
6.425220775604248047e+01, 2.430000000000000000e+02, 4.110000000000000000e+02, 3.110176727053895473e-01
6.428439378738403320e+01, 2.430000000000000000e+02, 4.100000000000000000e+02, 3.110176727053895473e-01
6.431637287139892578e+01, 2.430000000000000000e+02, 4.110000000000000000e+02, 3.110176727053895473e-01
6.434872603416442871e+01, 2.430000000000000000e+02, 4.110000000000000000e+02, 3.110176727053895473e-01
6.437999057769775391e+01, 2.420000000000000000e+02, 4.110000000000000000e+02, 3.110176727053895473e-01
6.441257476806640625e+01, 2.420000000000000000e+02, 4.110000000000000000e+02, 3.110176727053895473e-01
6.444442272186279297e+01, 2.420000000000000000e+02, 4.110000000000000000e+02, 4.445353604829556660e-01
6.447599577903747559e+01, 2.430000000000000000e+02, 4.110000000000000000e+02, 5.340707511102649185e-01
6.450824594497680664e+01, 2.450000000000000000e+02, 4.340000000000000000e+02, 5.544911033585984139e-01
6.454021191596984863e+01, 2.560000000000000000e+02, 4.920000000000000000e+02, 5.576326960121882337e-01
6.457218265533447266e+01, 2.600000000000000000e+02, 5.030000000000000000e+02, 5.576326960121882337e-01
6.460451984405517578e+01, 2.590000000000000000e+02, 5.030000000000000000e+02, 5.576326960121882337e-01
6.463664674758911133e+01, 2.600000000000000000e+02, 5.030000000000000000e+02, 5.576326960121882337e-01
6.466815590858459473e+01, 2.590000000000000000e+02, 5.030000000000000000e+02, 5.576326960121882337e-01
6.470020079612731934e+01, 2.590000000000000000e+02, 5.030000000000000000e+02, 5.576326960121882337e-01
6.473228383064270020e+01, 2.590000000000000000e+02, 5.030000000000000000e+02, 5.576326960121882337e-01
6.476437091827392578e+01, 2.590000000000000000e+02, 5.030000000000000000e+02, 5.576326960121882337e-01
6.479626584053039551e+01, 2.590000000000000000e+02, 5.030000000000000000e+02, 5.576326960121882337e-01
6.482830572128295898e+01, 2.600000000000000000e+02, 5.030000000000000000e+02, 5.576326960121882337e-01
6.486056971549987793e+01, 2.590000000000000000e+02, 5.030000000000000000e+02, 5.576326960121882337e-01
6.489216089248657227e+01, 2.590000000000000000e+02, 5.040000000000000000e+02, 5.576326960121882337e-01
6.492451477050781250e+01, 2.590000000000000000e+02, 5.030000000000000000e+02, 5.576326960121882337e-01
6.495642495155334473e+01, 2.590000000000000000e+02, 5.030000000000000000e+02, 5.576326960121882337e-01
6.498845982551574707e+01, 2.600000000000000000e+02, 5.030000000000000000e+02, 5.576326960121882337e-01
6.502062368392944336e+01, 2.590000000000000000e+02, 5.030000000000000000e+02, 5.576326960121882337e-01
6.505224967002868652e+01, 2.600000000000000000e+02, 5.030000000000000000e+02, 5.576326960121882337e-01
6.508408880233764648e+01, 2.590000000000000000e+02, 5.030000000000000000e+02, 5.576326960121882337e-01
6.511617875099182129e+01, 2.590000000000000000e+02, 5.030000000000000000e+02, 5.576326960121882337e-01
6.514838075637817383e+01, 2.590000000000000000e+02, 5.030000000000000000e+02, 5.576326960121882337e-01
6.518005466461181641e+01, 2.600000000000000000e+02, 5.040000000000000000e+02, 5.576326960121882337e-01
6.521240973472595215e+01, 2.590000000000000000e+02, 5.030000000000000000e+02, 5.576326960121882337e-01
6.524440288543701172e+01, 2.600000000000000000e+02, 5.030000000000000000e+02, 7.162831250184729104e-01
6.527587890625000000e+01, 2.600000000000000000e+02, 5.030000000000000000e+02, 8.702211650443727464e-01
6.530826282501220703e+01, 2.660000000000000000e+02, 5.240000000000000000e+02, 9.142034621946297790e-01
6.534004473686218262e+01, 2.880000000000000000e+02, 5.720000000000000000e+02, 9.220574438286042174e-01
6.537172389030456543e+01, 3.220000000000000000e+02, 6.250000000000000000e+02, 9.204866475018093075e-01
6.540435290336608887e+01, 3.250000000000000000e+02, 6.280000000000000000e+02, 9.204866475018093075e-01
6.543633103370666504e+01, 3.240000000000000000e+02, 6.280000000000000000e+02, 9.204866475018093075e-01
6.546831059455871582e+01, 3.240000000000000000e+02, 6.290000000000000000e+02, 9.204866475018093075e-01
6.549999380111694336e+01, 3.250000000000000000e+02, 6.280000000000000000e+02, 9.204866475018093075e-01
6.553225684165954590e+01, 3.240000000000000000e+02, 6.280000000000000000e+02, 9.204866475018093075e-01
6.556427693367004395e+01, 3.250000000000000000e+02, 6.270000000000000000e+02, 9.204866475018093075e-01
6.559623599052429199e+01, 3.250000000000000000e+02, 6.270000000000000000e+02, 9.204866475018093075e-01
6.562817883491516113e+01, 3.250000000000000000e+02, 6.270000000000000000e+02, 9.204866475018093075e-01
6.566049098968505859e+01, 3.250000000000000000e+02, 6.280000000000000000e+02, 9.204866475018093075e-01
6.569199681282043457e+01, 3.250000000000000000e+02, 6.270000000000000000e+02, 9.204866475018093075e-01
6.572439599037170410e+01, 3.240000000000000000e+02, 6.280000000000000000e+02, 9.204866475018093075e-01
6.575633978843688965e+01, 3.250000000000000000e+02, 6.280000000000000000e+02, 9.204866475018093075e-01
6.578836679458618164e+01, 3.250000000000000000e+02, 6.280000000000000000e+02, 9.204866475018093075e-01
6.582048273086547852e+01, 3.250000000000000000e+02, 6.280000000000000000e+02, 9.204866475018093075e-01
6.585232877731323242e+01, 3.250000000000000000e+02, 6.270000000000000000e+02, 9.204866475018093075e-01
6.588438487052917480e+01, 3.250000000000000000e+02, 6.270000000000000000e+02, 9.204866475018093075e-01
6.591615986824035645e+01, 3.250000000000000000e+02, 6.280000000000000000e+02, 9.204866475018093075e-01
6.594805288314819336e+01, 3.250000000000000000e+02, 6.280000000000000000e+02, 9.204866475018093075e-01
6.598048472404479980e+01, 3.250000000000000000e+02, 6.270000000000000000e+02, 9.204866475018093075e-01
6.601231884956359863e+01, 3.250000000000000000e+02, 6.280000000000000000e+02, 9.204866475018093075e-01
6.604438877105712891e+01, 3.250000000000000000e+02, 6.280000000000000000e+02, 7.728317927830891110e-01
6.607611489295959473e+01, 3.250000000000000000e+02, 6.270000000000000000e+02, 6.597344572538564877e-01
6.610835099220275879e+01, 2.800000000000000000e+02, 5.540000000000000000e+02, 6.330309196983433528e-01
6.614026975631713867e+01, 2.560000000000000000e+02, 4.790000000000000000e+02, 6.298893270447535331e-01
6.617220187187194824e+01, 2.480000000000000000e+02, 4.390000000000000000e+02, 6.283185307179586232e-01
6.620444273948669434e+01, 2.480000000000000000e+02, 4.350000000000000000e+02, 6.283185307179586232e-01
6.623627185821533203e+01, 2.540000000000000000e+02, 4.670000000000000000e+02, 6.283185307179586232e-01
6.626830577850341797e+01, 2.710000000000000000e+02, 5.300000000000000000e+02, 6.267477343911637133e-01
6.630017375946044922e+01, 2.700000000000000000e+02, 5.330000000000000000e+02, 6.267477343911637133e-01
6.633229684829711914e+01, 2.690000000000000000e+02, 5.330000000000000000e+02, 6.283185307179586232e-01
6.636430168151855469e+01, 2.700000000000000000e+02, 5.330000000000000000e+02, 6.267477343911637133e-01
6.639631175994873047e+01, 2.700000000000000000e+02, 5.330000000000000000e+02, 6.267477343911637133e-01
6.642823386192321777e+01, 2.700000000000000000e+02, 5.330000000000000000e+02, 6.283185307179586232e-01
6.645979189872741699e+01, 2.710000000000000000e+02, 5.330000000000000000e+02, 6.267477343911637133e-01
6.649255681037902832e+01, 2.710000000000000000e+02, 5.330000000000000000e+02, 6.267477343911637133e-01
6.652419996261596680e+01, 2.700000000000000000e+02, 5.320000000000000000e+02, 6.267477343911637133e-01
6.655627799034118652e+01, 2.710000000000000000e+02, 5.320000000000000000e+02, 6.267477343911637133e-01
6.658845067024230957e+01, 2.700000000000000000e+02, 5.330000000000000000e+02, 6.283185307179586232e-01
6.662042284011840820e+01, 2.710000000000000000e+02, 5.330000000000000000e+02, 6.267477343911637133e-01
6.665248990058898926e+01, 2.700000000000000000e+02, 5.330000000000000000e+02, 6.267477343911637133e-01
6.668421196937561035e+01, 2.700000000000000000e+02, 5.330000000000000000e+02, 6.267477343911637133e-01
6.671659374237060547e+01, 2.710000000000000000e+02, 5.330000000000000000e+02, 6.267477343911637133e-01
6.674818778038024902e+01, 2.700000000000000000e+02, 5.320000000000000000e+02, 6.267477343911637133e-01
6.678021097183227539e+01, 2.700000000000000000e+02, 5.330000000000000000e+02, 6.267477343911637133e-01
6.681225967407226562e+01, 2.700000000000000000e+02, 5.330000000000000000e+02, 6.220353454107790947e-01
6.684408283233642578e+01, 2.690000000000000000e+02, 5.330000000000000000e+02, 4.586725274241097439e-01
6.687630367279052734e+01, 2.690000000000000000e+02, 5.310000000000000000e+02, 3.644247478164160392e-01
6.690801262855529785e+01, 2.490000000000000000e+02, 4.500000000000000000e+02, 3.471459882216721415e-01
6.694045591354370117e+01, 2.450000000000000000e+02, 3.850000000000000000e+02, 3.471459882216721415e-01
6.697204780578613281e+01, 2.490000000000000000e+02, 3.540000000000000000e+02, 3.471459882216721415e-01
6.700426483154296875e+01, 2.530000000000000000e+02, 3.610000000000000000e+02, 3.471459882216721415e-01
6.703615283966064453e+01, 2.540000000000000000e+02, 4.060000000000000000e+02, 3.455751918948772317e-01
6.706831073760986328e+01, 2.510000000000000000e+02, 4.270000000000000000e+02, 3.471459882216721415e-01
6.710013484954833984e+01, 2.490000000000000000e+02, 4.320000000000000000e+02, 3.471459882216721415e-01
6.713255500793457031e+01, 2.490000000000000000e+02, 4.310000000000000000e+02, 3.471459882216721415e-01
6.716433382034301758e+01, 2.500000000000000000e+02, 4.320000000000000000e+02, 3.471459882216721415e-01
6.719624185562133789e+01, 2.490000000000000000e+02, 4.320000000000000000e+02, 3.471459882216721415e-01
6.722786784172058105e+01, 2.490000000000000000e+02, 4.310000000000000000e+02, 3.471459882216721415e-01
6.725964975357055664e+01, 2.490000000000000000e+02, 4.320000000000000000e+02, 3.471459882216721415e-01
6.729213476181030273e+01, 2.510000000000000000e+02, 4.310000000000000000e+02, 3.471459882216721415e-01
6.732435774803161621e+01, 2.530000000000000000e+02, 4.310000000000000000e+02, 3.471459882216721415e-01
6.735641980171203613e+01, 2.530000000000000000e+02, 4.310000000000000000e+02, 3.471459882216721415e-01
6.738821887969970703e+01, 2.550000000000000000e+02, 4.310000000000000000e+02, 3.471459882216721415e-01
6.741974186897277832e+01, 2.550000000000000000e+02, 4.300000000000000000e+02, 3.471459882216721415e-01
6.745231175422668457e+01, 2.550000000000000000e+02, 4.300000000000000000e+02, 3.471459882216721415e-01
6.748432087898254395e+01, 2.550000000000000000e+02, 4.300000000000000000e+02, 3.471459882216721415e-01
6.751597476005554199e+01, 2.550000000000000000e+02, 4.300000000000000000e+02, 3.455751918948772317e-01
6.754829287528991699e+01, 2.550000000000000000e+02, 4.300000000000000000e+02, 3.471459882216721415e-01
6.758021092414855957e+01, 2.550000000000000000e+02, 4.300000000000000000e+02, 3.455751918948772317e-01
6.761357688903808594e+01, 2.550000000000000000e+02, 4.300000000000000000e+02, 3.471459882216721415e-01
6.764417362213134766e+01, 2.550000000000000000e+02, 4.300000000000000000e+02, 3.675663404700058035e-01
6.767624497413635254e+01, 2.560000000000000000e+02, 4.310000000000000000e+02, 3.754203221039802418e-01
6.770838499069213867e+01, 2.550000000000000000e+02, 4.310000000000000000e+02, 3.754203221039802418e-01
6.774023175239562988e+01, 2.560000000000000000e+02, 4.340000000000000000e+02, 3.754203221039802418e-01
6.777211380004882812e+01, 2.560000000000000000e+02, 4.340000000000000000e+02, 3.754203221039802418e-01
6.780422878265380859e+01, 2.560000000000000000e+02, 4.350000000000000000e+02, 3.754203221039802418e-01
6.783617091178894043e+01, 2.560000000000000000e+02, 4.350000000000000000e+02, 3.754203221039802418e-01
6.786797070503234863e+01, 2.560000000000000000e+02, 4.340000000000000000e+02, 3.754203221039802418e-01
6.790011477470397949e+01, 2.560000000000000000e+02, 4.340000000000000000e+02, 3.754203221039802418e-01
6.793215274810791016e+01, 2.560000000000000000e+02, 4.340000000000000000e+02, 3.754203221039802418e-01
6.796410179138183594e+01, 2.560000000000000000e+02, 4.340000000000000000e+02, 3.754203221039802418e-01
6.799606871604919434e+01, 2.560000000000000000e+02, 4.340000000000000000e+02, 3.754203221039802418e-01
6.802815794944763184e+01, 2.560000000000000000e+02, 4.340000000000000000e+02, 3.754203221039802418e-01
6.806022500991821289e+01, 2.560000000000000000e+02, 4.340000000000000000e+02, 3.754203221039802418e-01
6.809203672409057617e+01, 2.550000000000000000e+02, 4.340000000000000000e+02, 3.754203221039802418e-01
6.812385773658752441e+01, 2.560000000000000000e+02, 4.340000000000000000e+02, 3.754203221039802418e-01
6.815592670440673828e+01, 2.560000000000000000e+02, 4.340000000000000000e+02, 3.754203221039802418e-01
6.818828964233398438e+01, 2.550000000000000000e+02, 4.340000000000000000e+02, 3.754203221039802418e-01
6.822014784812927246e+01, 2.550000000000000000e+02, 4.340000000000000000e+02, 3.754203221039802418e-01
6.825212478637695312e+01, 2.560000000000000000e+02, 4.340000000000000000e+02, 3.754203221039802418e-01
6.828404569625854492e+01, 2.560000000000000000e+02, 4.340000000000000000e+02, 3.754203221039802418e-01
6.831659269332885742e+01, 2.560000000000000000e+02, 4.340000000000000000e+02, 3.754203221039802418e-01
6.834786772727966309e+01, 2.560000000000000000e+02, 4.340000000000000000e+02, 3.754203221039802418e-01
6.838017582893371582e+01, 2.550000000000000000e+02, 4.340000000000000000e+02, 3.754203221039802418e-01
6.841224670410156250e+01, 2.570000000000000000e+02, 4.340000000000000000e+02, 3.738495257771853875e-01
6.844428682327270508e+01, 2.560000000000000000e+02, 4.350000000000000000e+02, 3.330088212805180636e-01
6.847618269920349121e+01, 2.560000000000000000e+02, 4.340000000000000000e+02, 3.110176727053895473e-01
6.850762391090393066e+01, 2.540000000000000000e+02, 4.220000000000000000e+02, 3.078760800517997276e-01
6.854040074348449707e+01, 2.550000000000000000e+02, 4.160000000000000000e+02, 3.078760800517997276e-01
6.857204389572143555e+01, 2.540000000000000000e+02, 4.160000000000000000e+02, 3.078760800517997276e-01
6.860391664505004883e+01, 2.550000000000000000e+02, 4.160000000000000000e+02, 3.078760800517997276e-01
6.863624382019042969e+01, 2.540000000000000000e+02, 4.160000000000000000e+02, 3.078760800517997276e-01
6.866825079917907715e+01, 2.540000000000000000e+02, 4.160000000000000000e+02, 3.078760800517997276e-01
6.870002079010009766e+01, 2.540000000000000000e+02, 4.160000000000000000e+02, 3.078760800517997276e-01
6.873168158531188965e+01, 2.540000000000000000e+02, 4.160000000000000000e+02, 3.078760800517997276e-01
6.876421284675598145e+01, 2.550000000000000000e+02, 4.160000000000000000e+02, 3.078760800517997276e-01
6.879619479179382324e+01, 2.540000000000000000e+02, 4.160000000000000000e+02, 3.078760800517997276e-01
6.882796692848205566e+01, 2.550000000000000000e+02, 4.160000000000000000e+02, 3.078760800517997276e-01
6.886019086837768555e+01, 2.540000000000000000e+02, 4.160000000000000000e+02, 3.078760800517997276e-01
6.889233088493347168e+01, 2.540000000000000000e+02, 4.160000000000000000e+02, 3.078760800517997276e-01
6.892417383193969727e+01, 2.540000000000000000e+02, 4.160000000000000000e+02, 3.078760800517997276e-01
6.895605564117431641e+01, 2.540000000000000000e+02, 4.170000000000000000e+02, 3.078760800517997276e-01
6.898810076713562012e+01, 2.550000000000000000e+02, 4.150000000000000000e+02, 3.078760800517997276e-01
6.902014183998107910e+01, 2.540000000000000000e+02, 4.160000000000000000e+02, 3.078760800517997276e-01
6.905220198631286621e+01, 2.540000000000000000e+02, 4.160000000000000000e+02, 3.078760800517997276e-01
6.908438682556152344e+01, 2.540000000000000000e+02, 4.160000000000000000e+02, 3.078760800517997276e-01
6.911535787582397461e+01, 2.540000000000000000e+02, 4.160000000000000000e+02, 3.078760800517997276e-01
6.914837193489074707e+01, 2.550000000000000000e+02, 4.160000000000000000e+02, 3.078760800517997276e-01
6.918008685111999512e+01, 2.550000000000000000e+02, 4.150000000000000000e+02, 3.078760800517997276e-01
6.921267080307006836e+01, 2.550000000000000000e+02, 4.150000000000000000e+02, 3.110176727053895473e-01
6.924403572082519531e+01, 2.550000000000000000e+02, 4.150000000000000000e+02, 4.806636759992383157e-01
6.927599382400512695e+01, 2.550000000000000000e+02, 4.150000000000000000e+02, 7.099999397112932709e-01
6.930790090560913086e+01, 2.570000000000000000e+02, 4.370000000000000000e+02, 8.969247025998858813e-01
6.933994483947753906e+01, 2.680000000000000000e+02, 4.900000000000000000e+02, 9.566149630180920127e-01
6.937207603454589844e+01, 3.000000000000000000e+02, 5.720000000000000000e+02, 9.644689446520664511e-01
6.940435361862182617e+01, 3.390000000000000000e+02, 6.270000000000000000e+02, 9.628981483252715412e-01
6.943555283546447754e+01, 3.400000000000000000e+02, 6.290000000000000000e+02, 9.628981483252715412e-01
6.946841287612915039e+01, 3.430000000000000000e+02, 6.330000000000000000e+02, 9.628981483252715412e-01
6.950038290023803711e+01, 3.430000000000000000e+02, 6.330000000000000000e+02, 9.628981483252715412e-01
6.953232169151306152e+01, 3.420000000000000000e+02, 6.330000000000000000e+02, 9.628981483252715412e-01
6.956403684616088867e+01, 3.420000000000000000e+02, 6.340000000000000000e+02, 9.628981483252715412e-01
6.959585785865783691e+01, 3.410000000000000000e+02, 6.350000000000000000e+02, 9.628981483252715412e-01
6.962785267829895020e+01, 3.410000000000000000e+02, 6.340000000000000000e+02, 9.628981483252715412e-01
6.966013574600219727e+01, 3.420000000000000000e+02, 6.340000000000000000e+02, 9.628981483252715412e-01
6.969222974777221680e+01, 3.420000000000000000e+02, 6.340000000000000000e+02, 9.628981483252715412e-01
6.972415995597839355e+01, 3.410000000000000000e+02, 6.350000000000000000e+02, 9.628981483252715412e-01
6.975634360313415527e+01, 3.410000000000000000e+02, 6.340000000000000000e+02, 9.628981483252715412e-01
6.978783774375915527e+01, 3.410000000000000000e+02, 6.340000000000000000e+02, 9.628981483252715412e-01
6.982039594650268555e+01, 3.420000000000000000e+02, 6.350000000000000000e+02, 9.628981483252715412e-01
6.985216999053955078e+01, 3.420000000000000000e+02, 6.340000000000000000e+02, 9.628981483252715412e-01
6.988400673866271973e+01, 3.420000000000000000e+02, 6.350000000000000000e+02, 9.628981483252715412e-01
6.991590499877929688e+01, 3.420000000000000000e+02, 6.340000000000000000e+02, 9.628981483252715412e-01
6.994812798500061035e+01, 3.420000000000000000e+02, 6.340000000000000000e+02, 9.628981483252715412e-01
6.998005986213684082e+01, 3.420000000000000000e+02, 6.350000000000000000e+02, 9.628981483252715412e-01
7.001233792304992676e+01, 3.410000000000000000e+02, 6.350000000000000000e+02, 9.581857593448869226e-01
7.004433083534240723e+01, 3.410000000000000000e+02, 6.340000000000000000e+02, 7.775441817634738406e-01
7.007596278190612793e+01, 3.390000000000000000e+02, 6.310000000000000000e+02, 5.544911033585984139e-01
7.010811185836791992e+01, 2.890000000000000000e+02, 5.570000000000000000e+02, 4.335397861953914633e-01
7.014022088050842285e+01, 2.660000000000000000e+02, 4.880000000000000000e+02, 4.115486376202628915e-01
7.017155790328979492e+01, 2.550000000000000000e+02, 4.420000000000000000e+02, 4.115486376202628915e-01
7.020392870903015137e+01, 2.540000000000000000e+02, 4.300000000000000000e+02, 4.115486376202628915e-01
7.023639678955078125e+01, 2.560000000000000000e+02, 4.520000000000000000e+02, 4.099778412934680372e-01
7.026786279678344727e+01, 2.570000000000000000e+02, 4.520000000000000000e+02, 4.099778412934680372e-01
7.029987192153930664e+01, 2.570000000000000000e+02, 4.530000000000000000e+02, 4.115486376202628915e-01
7.033207774162292480e+01, 2.570000000000000000e+02, 4.530000000000000000e+02, 4.115486376202628915e-01
7.036377978324890137e+01, 2.580000000000000000e+02, 4.530000000000000000e+02, 4.115486376202628915e-01
7.039555287361145020e+01, 2.570000000000000000e+02, 4.530000000000000000e+02, 4.115486376202628915e-01
7.042820477485656738e+01, 2.570000000000000000e+02, 4.530000000000000000e+02, 4.115486376202628915e-01
7.046012282371520996e+01, 2.580000000000000000e+02, 4.540000000000000000e+02, 4.115486376202628915e-01
7.049220466613769531e+01, 2.580000000000000000e+02, 4.520000000000000000e+02, 4.115486376202628915e-01
7.052327871322631836e+01, 2.570000000000000000e+02, 4.530000000000000000e+02, 4.099778412934680372e-01
7.055622291564941406e+01, 2.570000000000000000e+02, 4.530000000000000000e+02, 4.099778412934680372e-01
7.058778285980224609e+01, 2.570000000000000000e+02, 4.530000000000000000e+02, 4.115486376202628915e-01
7.061971569061279297e+01, 2.580000000000000000e+02, 4.530000000000000000e+02, 4.115486376202628915e-01
7.065211272239685059e+01, 2.580000000000000000e+02, 4.530000000000000000e+02, 4.115486376202628915e-01
7.068388080596923828e+01, 2.580000000000000000e+02, 4.530000000000000000e+02, 4.115486376202628915e-01
7.071592497825622559e+01, 2.570000000000000000e+02, 4.530000000000000000e+02, 4.099778412934680372e-01
7.074777388572692871e+01, 2.570000000000000000e+02, 4.520000000000000000e+02, 4.115486376202628915e-01
7.078009486198425293e+01, 2.570000000000000000e+02, 4.520000000000000000e+02, 4.115486376202628915e-01
7.081224966049194336e+01, 2.570000000000000000e+02, 4.530000000000000000e+02, 4.099778412934680372e-01
7.084403085708618164e+01, 2.570000000000000000e+02, 4.530000000000000000e+02, 4.021238596594935433e-01
7.087594866752624512e+01, 2.570000000000000000e+02, 4.520000000000000000e+02, 3.974114706791088136e-01
7.090801882743835449e+01, 2.570000000000000000e+02, 4.510000000000000000e+02, 3.958406743523139593e-01
7.094010877609252930e+01, 2.570000000000000000e+02, 4.500000000000000000e+02, 3.958406743523139593e-01
7.097202682495117188e+01, 2.570000000000000000e+02, 4.490000000000000000e+02, 3.958406743523139593e-01
7.100390481948852539e+01, 2.570000000000000000e+02, 4.500000000000000000e+02, 3.958406743523139593e-01
7.103599476814270020e+01, 2.570000000000000000e+02, 4.490000000000000000e+02, 3.958406743523139593e-01
7.106816887855529785e+01, 2.570000000000000000e+02, 4.490000000000000000e+02, 3.958406743523139593e-01
7.109992885589599609e+01, 2.580000000000000000e+02, 4.490000000000000000e+02, 3.958406743523139593e-01
7.113206195831298828e+01, 2.570000000000000000e+02, 4.490000000000000000e+02, 3.958406743523139593e-01
7.116398692131042480e+01, 2.570000000000000000e+02, 4.490000000000000000e+02, 3.958406743523139593e-01
7.119604682922363281e+01, 2.570000000000000000e+02, 4.490000000000000000e+02, 3.958406743523139593e-01
7.122811269760131836e+01, 2.570000000000000000e+02, 4.490000000000000000e+02, 3.958406743523139593e-01
7.125985884666442871e+01, 2.570000000000000000e+02, 4.500000000000000000e+02, 3.958406743523139593e-01
7.129221773147583008e+01, 2.570000000000000000e+02, 4.500000000000000000e+02, 3.958406743523139593e-01
7.132574796676635742e+01, 2.570000000000000000e+02, 4.490000000000000000e+02, 3.958406743523139593e-01
7.135517787933349609e+01, 2.570000000000000000e+02, 4.500000000000000000e+02, 3.958406743523139593e-01
7.138775277137756348e+01, 2.570000000000000000e+02, 4.490000000000000000e+02, 3.958406743523139593e-01
7.142005181312561035e+01, 2.570000000000000000e+02, 4.490000000000000000e+02, 3.958406743523139593e-01
7.145226597785949707e+01, 2.570000000000000000e+02, 4.490000000000000000e+02, 3.958406743523139593e-01
7.148438501358032227e+01, 2.570000000000000000e+02, 4.500000000000000000e+02, 3.958406743523139593e-01
7.151538181304931641e+01, 2.570000000000000000e+02, 4.500000000000000000e+02, 3.958406743523139593e-01
7.154793882369995117e+01, 2.570000000000000000e+02, 4.500000000000000000e+02, 3.958406743523139593e-01
7.157989382743835449e+01, 2.570000000000000000e+02, 4.490000000000000000e+02, 3.958406743523139593e-01
7.161269974708557129e+01, 2.570000000000000000e+02, 4.490000000000000000e+02, 4.005530633326986334e-01
7.164369082450866699e+01, 2.570000000000000000e+02, 4.490000000000000000e+02, 5.293583621298801889e-01
7.167608594894409180e+01, 2.570000000000000000e+02, 4.500000000000000000e+02, 6.094689747964199267e-01
7.170798492431640625e+01, 2.600000000000000000e+02, 4.690000000000000000e+02, 6.283185307179586232e-01
7.173982572555541992e+01, 2.740000000000000000e+02, 5.180000000000000000e+02, 6.330309196983433528e-01
7.177161288261413574e+01, 2.770000000000000000e+02, 5.290000000000000000e+02, 6.330309196983433528e-01
7.180404567718505859e+01, 2.760000000000000000e+02, 5.280000000000000000e+02, 6.330309196983433528e-01
7.183634781837463379e+01, 2.770000000000000000e+02, 5.290000000000000000e+02, 6.330309196983433528e-01
7.186815381050109863e+01, 2.760000000000000000e+02, 5.280000000000000000e+02, 6.330309196983433528e-01
7.190012073516845703e+01, 2.760000000000000000e+02, 5.280000000000000000e+02, 6.330309196983433528e-01
7.193197584152221680e+01, 2.770000000000000000e+02, 5.280000000000000000e+02, 6.330309196983433528e-01
7.196395373344421387e+01, 2.760000000000000000e+02, 5.290000000000000000e+02, 6.330309196983433528e-01
7.199602484703063965e+01, 2.760000000000000000e+02, 5.280000000000000000e+02, 6.330309196983433528e-01
7.202777075767517090e+01, 2.760000000000000000e+02, 5.290000000000000000e+02, 6.330309196983433528e-01
7.205986094474792480e+01, 2.760000000000000000e+02, 5.290000000000000000e+02, 6.330309196983433528e-01
7.209191989898681641e+01, 2.760000000000000000e+02, 5.290000000000000000e+02, 6.330309196983433528e-01
7.212408781051635742e+01, 2.760000000000000000e+02, 5.280000000000000000e+02, 6.330309196983433528e-01
7.215590286254882812e+01, 2.770000000000000000e+02, 5.290000000000000000e+02, 6.330309196983433528e-01
7.218807864189147949e+01, 2.770000000000000000e+02, 5.290000000000000000e+02, 6.330309196983433528e-01
7.221964287757873535e+01, 2.770000000000000000e+02, 5.280000000000000000e+02, 6.330309196983433528e-01
7.225219202041625977e+01, 2.770000000000000000e+02, 5.290000000000000000e+02, 6.330309196983433528e-01
7.228404092788696289e+01, 2.760000000000000000e+02, 5.290000000000000000e+02, 6.330309196983433528e-01
7.231593275070190430e+01, 2.760000000000000000e+02, 5.290000000000000000e+02, 6.330309196983433528e-01
7.234828472137451172e+01, 2.760000000000000000e+02, 5.290000000000000000e+02, 6.330309196983433528e-01
7.237984991073608398e+01, 2.760000000000000000e+02, 5.290000000000000000e+02, 6.330309196983433528e-01
7.241194391250610352e+01, 2.760000000000000000e+02, 5.290000000000000000e+02, 6.346017160251382627e-01
7.244400477409362793e+01, 2.760000000000000000e+02, 5.290000000000000000e+02, 7.995353303386023569e-01
7.247568774223327637e+01, 2.760000000000000000e+02, 5.290000000000000000e+02, 9.236282401553991273e-01
7.250791668891906738e+01, 2.860000000000000000e+02, 5.510000000000000000e+02, 9.550441666912971028e-01
7.254010081291198730e+01, 3.090000000000000000e+02, 5.940000000000000000e+02, 9.597565556716818325e-01
7.257190084457397461e+01, 3.350000000000000000e+02, 6.300000000000000000e+02, 9.597565556716818325e-01
7.260357403755187988e+01, 3.370000000000000000e+02, 6.310000000000000000e+02, 9.581857593448869226e-01
7.263585782051086426e+01, 3.390000000000000000e+02, 6.340000000000000000e+02, 9.581857593448869226e-01
7.266794586181640625e+01, 3.390000000000000000e+02, 6.330000000000000000e+02, 9.581857593448869226e-01
7.269972991943359375e+01, 3.390000000000000000e+02, 6.350000000000000000e+02, 9.581857593448869226e-01
7.273172974586486816e+01, 3.390000000000000000e+02, 6.340000000000000000e+02, 9.581857593448869226e-01
7.276385378837585449e+01, 3.390000000000000000e+02, 6.340000000000000000e+02, 9.581857593448869226e-01
7.279577875137329102e+01, 3.390000000000000000e+02, 6.340000000000000000e+02, 9.581857593448869226e-01
7.282759881019592285e+01, 3.400000000000000000e+02, 6.340000000000000000e+02, 9.581857593448869226e-01
7.285981369018554688e+01, 3.400000000000000000e+02, 6.330000000000000000e+02, 9.581857593448869226e-01
7.289177966117858887e+01, 3.400000000000000000e+02, 6.330000000000000000e+02, 9.597565556716818325e-01
7.292367267608642578e+01, 3.410000000000000000e+02, 6.340000000000000000e+02, 9.581857593448869226e-01
7.295572400093078613e+01, 3.410000000000000000e+02, 6.330000000000000000e+02, 9.581857593448869226e-01
7.298818778991699219e+01, 3.410000000000000000e+02, 6.320000000000000000e+02, 9.581857593448869226e-01
7.301984977722167969e+01, 3.410000000000000000e+02, 6.320000000000000000e+02, 9.581857593448869226e-01
7.305162978172302246e+01, 3.410000000000000000e+02, 6.330000000000000000e+02, 9.581857593448869226e-01
7.308367681503295898e+01, 3.400000000000000000e+02, 6.320000000000000000e+02, 9.581857593448869226e-01
7.311609482765197754e+01, 3.410000000000000000e+02, 6.320000000000000000e+02, 9.581857593448869226e-01
7.314797186851501465e+01, 3.410000000000000000e+02, 6.320000000000000000e+02, 9.581857593448869226e-01
7.317995691299438477e+01, 3.410000000000000000e+02, 6.320000000000000000e+02, 9.581857593448869226e-01
7.321200180053710938e+01, 3.410000000000000000e+02, 6.320000000000000000e+02, 9.581857593448869226e-01
7.324309182167053223e+01, 3.410000000000000000e+02, 6.320000000000000000e+02, 1.003738852821938865e+00
7.327579593658447266e+01, 3.410000000000000000e+02, 6.330000000000000000e+02, 1.036725575684631862e+00
7.330798673629760742e+01, 3.490000000000000000e+02, 6.410000000000000000e+02, 1.044579557318606300e+00
7.334004092216491699e+01, 3.590000000000000000e+02, 6.510000000000000000e+02, 1.047721149972196120e+00
7.337195897102355957e+01, 3.620000000000000000e+02, 6.540000000000000000e+02, 1.047721149972196120e+00
7.340386891365051270e+01, 3.620000000000000000e+02, 6.530000000000000000e+02, 1.047721149972196120e+00
7.343488168716430664e+01, 3.620000000000000000e+02, 6.540000000000000000e+02, 1.047721149972196120e+00
7.346813893318176270e+01, 3.620000000000000000e+02, 6.530000000000000000e+02, 1.047721149972196120e+00
7.350021290779113770e+01, 3.620000000000000000e+02, 6.530000000000000000e+02, 1.047721149972196120e+00
7.353161764144897461e+01, 3.630000000000000000e+02, 6.530000000000000000e+02, 1.047721149972196120e+00
7.356374979019165039e+01, 3.630000000000000000e+02, 6.540000000000000000e+02, 1.047721149972196120e+00
7.359586477279663086e+01, 3.630000000000000000e+02, 6.540000000000000000e+02, 1.047721149972196120e+00
7.362757682800292969e+01, 3.630000000000000000e+02, 6.530000000000000000e+02, 1.047721149972196120e+00
7.365969467163085938e+01, 3.620000000000000000e+02, 6.530000000000000000e+02, 1.047721149972196120e+00
7.369239282608032227e+01, 3.620000000000000000e+02, 6.530000000000000000e+02, 1.047721149972196120e+00
7.372407603263854980e+01, 3.630000000000000000e+02, 6.530000000000000000e+02, 1.047721149972196120e+00
7.375588083267211914e+01, 3.620000000000000000e+02, 6.530000000000000000e+02, 1.047721149972196120e+00
7.378688979148864746e+01, 3.620000000000000000e+02, 6.530000000000000000e+02, 1.047721149972196120e+00
7.381978178024291992e+01, 3.620000000000000000e+02, 6.530000000000000000e+02, 1.047721149972196120e+00
7.385204887390136719e+01, 3.620000000000000000e+02, 6.530000000000000000e+02, 1.047721149972196120e+00
7.388408875465393066e+01, 3.630000000000000000e+02, 6.540000000000000000e+02, 1.047721149972196120e+00
7.391617894172668457e+01, 3.620000000000000000e+02, 6.540000000000000000e+02, 1.047721149972196120e+00
7.394798469543457031e+01, 3.620000000000000000e+02, 6.530000000000000000e+02, 1.047721149972196120e+00
7.397990393638610840e+01, 3.630000000000000000e+02, 6.540000000000000000e+02, 1.047721149972196120e+00
7.401184582710266113e+01, 3.620000000000000000e+02, 6.530000000000000000e+02, 1.047721149972196120e+00
7.404381895065307617e+01, 3.630000000000000000e+02, 6.530000000000000000e+02, 9.786061115932205290e-01
7.407600784301757812e+01, 3.620000000000000000e+02, 6.530000000000000000e+02, 9.189158511750143976e-01
7.410777759552001953e+01, 3.360000000000000000e+02, 6.280000000000000000e+02, 9.079202768874501395e-01
7.413973188400268555e+01, 3.190000000000000000e+02, 6.060000000000000000e+02, 9.047786842338603197e-01
7.417164063453674316e+01, 3.200000000000000000e+02, 6.080000000000000000e+02, 9.047786842338603197e-01
7.420379972457885742e+01, 3.300000000000000000e+02, 6.190000000000000000e+02, 9.047786842338603197e-01
7.423583269119262695e+01, 3.300000000000000000e+02, 6.190000000000000000e+02, 9.032078879070654098e-01
7.426779961585998535e+01, 3.290000000000000000e+02, 6.190000000000000000e+02, 9.047786842338603197e-01
7.429980182647705078e+01, 3.290000000000000000e+02, 6.180000000000000000e+02, 9.032078879070654098e-01
7.433234381675720215e+01, 3.300000000000000000e+02, 6.190000000000000000e+02, 9.032078879070654098e-01
7.436380076408386230e+01, 3.290000000000000000e+02, 6.190000000000000000e+02, 9.032078879070654098e-01
7.439583587646484375e+01, 3.290000000000000000e+02, 6.180000000000000000e+02, 9.032078879070654098e-01
7.442761969566345215e+01, 3.290000000000000000e+02, 6.190000000000000000e+02, 9.032078879070654098e-01
7.445959496498107910e+01, 3.290000000000000000e+02, 6.190000000000000000e+02, 9.047786842338603197e-01
7.449175763130187988e+01, 3.290000000000000000e+02, 6.190000000000000000e+02, 9.032078879070654098e-01
7.452382373809814453e+01, 3.290000000000000000e+02, 6.180000000000000000e+02, 9.032078879070654098e-01
7.455572891235351562e+01, 3.290000000000000000e+02, 6.190000000000000000e+02, 9.032078879070654098e-01
7.458752369880676270e+01, 3.300000000000000000e+02, 6.190000000000000000e+02, 9.032078879070654098e-01
7.462002372741699219e+01, 3.300000000000000000e+02, 6.190000000000000000e+02, 9.032078879070654098e-01
7.465175080299377441e+01, 3.300000000000000000e+02, 6.190000000000000000e+02, 9.032078879070654098e-01
7.468384170532226562e+01, 3.300000000000000000e+02, 6.180000000000000000e+02, 9.032078879070654098e-01
7.471591281890869141e+01, 3.300000000000000000e+02, 6.190000000000000000e+02, 9.032078879070654098e-01
7.474773883819580078e+01, 3.300000000000000000e+02, 6.190000000000000000e+02, 9.047786842338603197e-01
7.477963185310363770e+01, 3.290000000000000000e+02, 6.190000000000000000e+02, 9.032078879070654098e-01
7.481184887886047363e+01, 3.290000000000000000e+02, 6.180000000000000000e+02, 9.016370915802704999e-01
7.484291672706604004e+01, 3.290000000000000000e+02, 6.190000000000000000e+02, 8.388052385084747709e-01
7.487578701972961426e+01, 3.280000000000000000e+02, 6.170000000000000000e+02, 8.026769229921921767e-01
7.490758180618286133e+01, 3.080000000000000000e+02, 5.880000000000000000e+02, 7.948229413582176273e-01
7.493944501876831055e+01, 3.030000000000000000e+02, 5.810000000000000000e+02, 7.916813487046279185e-01
7.497185277938842773e+01, 3.060000000000000000e+02, 5.850000000000000000e+02, 7.916813487046279185e-01
7.500374984741210938e+01, 3.060000000000000000e+02, 5.850000000000000000e+02, 7.916813487046279185e-01
7.503585672378540039e+01, 3.050000000000000000e+02, 5.860000000000000000e+02, 7.916813487046279185e-01
7.506764578819274902e+01, 3.050000000000000000e+02, 5.860000000000000000e+02, 7.916813487046279185e-01
7.509953689575195312e+01, 3.040000000000000000e+02, 5.860000000000000000e+02, 7.916813487046279185e-01
7.513199162483215332e+01, 3.050000000000000000e+02, 5.850000000000000000e+02, 7.916813487046279185e-01
7.516376876831054688e+01, 3.050000000000000000e+02, 5.850000000000000000e+02, 7.916813487046279185e-01
7.519574666023254395e+01, 3.050000000000000000e+02, 5.850000000000000000e+02, 7.916813487046279185e-01
7.522799682617187500e+01, 3.050000000000000000e+02, 5.850000000000000000e+02, 7.916813487046279185e-01
7.525963187217712402e+01, 3.050000000000000000e+02, 5.850000000000000000e+02, 7.916813487046279185e-01
7.529182004928588867e+01, 3.050000000000000000e+02, 5.850000000000000000e+02, 7.916813487046279185e-01
7.532371973991394043e+01, 3.050000000000000000e+02, 5.850000000000000000e+02, 7.916813487046279185e-01
7.535510873794555664e+01, 3.050000000000000000e+02, 5.850000000000000000e+02, 7.916813487046279185e-01
7.538773465156555176e+01, 3.050000000000000000e+02, 5.850000000000000000e+02, 7.916813487046279185e-01
7.541939091682434082e+01, 3.050000000000000000e+02, 5.860000000000000000e+02, 7.916813487046279185e-01
7.545212793350219727e+01, 3.050000000000000000e+02, 5.850000000000000000e+02, 7.916813487046279185e-01
7.548427796363830566e+01, 3.060000000000000000e+02, 5.860000000000000000e+02, 7.916813487046279185e-01
7.551571989059448242e+01, 3.050000000000000000e+02, 5.850000000000000000e+02, 7.916813487046279185e-01
7.554793286323547363e+01, 3.050000000000000000e+02, 5.850000000000000000e+02, 7.916813487046279185e-01
7.558067369461059570e+01, 3.050000000000000000e+02, 5.850000000000000000e+02, 7.916813487046279185e-01
7.561455178260803223e+01, 3.050000000000000000e+02, 5.850000000000000000e+02, -2.434734306532089665e+00
7.563827872276306152e+01, 3.060000000000000000e+02, 5.860000000000000000e+02, -2.434734306532089665e+00
7.565539574623107910e+01, 3.060000000000000000e+02, 5.860000000000000000e+02, 6.000441968356504674e-01
7.569254493713378906e+01, 2.950000000000000000e+02, 5.670000000000000000e+02, 4.586725274241097439e-01
7.572294783592224121e+01, 2.660000000000000000e+02, 4.870000000000000000e+02, 4.382521751757761930e-01
7.575503897666931152e+01, 2.560000000000000000e+02, 4.370000000000000000e+02, 4.382521751757761930e-01
7.578757667541503906e+01, 2.550000000000000000e+02, 4.220000000000000000e+02, 4.382521751757761930e-01
7.581956887245178223e+01, 2.570000000000000000e+02, 4.410000000000000000e+02, 4.366813788489812831e-01
7.585229778289794922e+01, 2.600000000000000000e+02, 4.620000000000000000e+02, 4.382521751757761930e-01
7.588370776176452637e+01, 2.600000000000000000e+02, 4.630000000000000000e+02, 4.366813788489812831e-01
7.591505265235900879e+01, 2.600000000000000000e+02, 4.620000000000000000e+02, 4.366813788489812831e-01
7.594680976867675781e+01, 2.600000000000000000e+02, 4.640000000000000000e+02, 4.366813788489812831e-01
7.597970294952392578e+01, 2.600000000000000000e+02, 4.630000000000000000e+02, 4.366813788489812831e-01
7.601212787628173828e+01, 2.600000000000000000e+02, 4.630000000000000000e+02, 4.382521751757761930e-01
7.604321789741516113e+01, 2.600000000000000000e+02, 4.630000000000000000e+02, 5.105088062083413813e-01
7.607667779922485352e+01, 2.600000000000000000e+02, 4.630000000000000000e+02, 5.576326960121882337e-01
7.610780167579650879e+01, 2.630000000000000000e+02, 4.770000000000000000e+02, 5.654866776461627831e-01
7.614005279541015625e+01, 2.690000000000000000e+02, 4.980000000000000000e+02, 5.670574739729576930e-01
7.617158865928649902e+01, 2.710000000000000000e+02, 5.040000000000000000e+02, 5.670574739729576930e-01
7.620351576805114746e+01, 2.710000000000000000e+02, 5.040000000000000000e+02, 5.670574739729576930e-01
7.623514699935913086e+01, 2.710000000000000000e+02, 5.030000000000000000e+02, 5.670574739729576930e-01
7.626698803901672363e+01, 2.700000000000000000e+02, 5.040000000000000000e+02, 5.670574739729576930e-01
7.629997992515563965e+01, 2.700000000000000000e+02, 5.050000000000000000e+02, 5.670574739729576930e-01
7.633191680908203125e+01, 2.710000000000000000e+02, 5.050000000000000000e+02, 5.670574739729576930e-01
7.636362600326538086e+01, 2.700000000000000000e+02, 5.040000000000000000e+02, 5.670574739729576930e-01
7.639586877822875977e+01, 2.700000000000000000e+02, 5.040000000000000000e+02, 5.670574739729576930e-01
7.642794680595397949e+01, 2.700000000000000000e+02, 5.040000000000000000e+02, 5.670574739729576930e-01
7.645952486991882324e+01, 2.710000000000000000e+02, 5.040000000000000000e+02, 5.670574739729576930e-01
7.649183177947998047e+01, 2.700000000000000000e+02, 5.040000000000000000e+02, 5.670574739729576930e-01
7.652420401573181152e+01, 2.710000000000000000e+02, 5.050000000000000000e+02, 5.670574739729576930e-01
7.655571484565734863e+01, 2.690000000000000000e+02, 5.040000000000000000e+02, 5.670574739729576930e-01
7.658785772323608398e+01, 2.710000000000000000e+02, 5.040000000000000000e+02, 5.670574739729576930e-01
7.662122583389282227e+01, 2.710000000000000000e+02, 5.040000000000000000e+02, 5.670574739729576930e-01
7.665244579315185547e+01, 2.710000000000000000e+02, 5.040000000000000000e+02, 5.670574739729576930e-01
7.668293285369873047e+01, 2.710000000000000000e+02, 5.040000000000000000e+02, 5.670574739729576930e-01
7.671598792076110840e+01, 2.700000000000000000e+02, 5.030000000000000000e+02, 5.670574739729576930e-01
7.674782180786132812e+01, 2.710000000000000000e+02, 5.040000000000000000e+02, 5.670574739729576930e-01
7.677976274490356445e+01, 2.710000000000000000e+02, 5.040000000000000000e+02, 5.670574739729576930e-01
7.681225585937500000e+01, 2.710000000000000000e+02, 5.040000000000000000e+02, -2.434734306532089665e+00
7.682857489585876465e+01, 2.710000000000000000e+02, 5.050000000000000000e+02, 4.963716392671873034e-01
7.685983586311340332e+01, 2.700000000000000000e+02, 5.040000000000000000e+02, 2.843141351498762459e-01
7.689301395416259766e+01, 2.630000000000000000e+02, 4.760000000000000000e+02, 1.036725575684631778e-01
7.692404770851135254e+01, 2.530000000000000000e+02, 3.820000000000000000e+02, 5.497787143782138786e-02
7.695569992065429688e+01, 2.600000000000000000e+02, 3.220000000000000000e+02, 5.026548245743669291e-02
7.698798489570617676e+01, 2.680000000000000000e+02, 2.980000000000000000e+02, 5.026548245743669291e-02
7.701958990097045898e+01, 2.750000000000000000e+02, 3.090000000000000000e+02, 5.026548245743669291e-02
7.705174684524536133e+01, 2.790000000000000000e+02, 3.190000000000000000e+02, 5.026548245743669291e-02
7.708367991447448730e+01, 2.800000000000000000e+02, 3.210000000000000000e+02, 5.026548245743669291e-02
7.711563491821289062e+01, 2.790000000000000000e+02, 3.210000000000000000e+02, 5.026548245743669291e-02
7.714798998832702637e+01, 2.770000000000000000e+02, 3.220000000000000000e+02, 5.026548245743669291e-02
7.717973875999450684e+01, 2.720000000000000000e+02, 3.220000000000000000e+02, 5.026548245743669291e-02
7.721218776702880859e+01, 2.660000000000000000e+02, 3.220000000000000000e+02, 5.026548245743669291e-02
7.724383997917175293e+01, 2.630000000000000000e+02, 3.230000000000000000e+02, 8.168140899333461991e-02
7.727617788314819336e+01, 2.600000000000000000e+02, 3.220000000000000000e+02, 1.005309649148733858e-01
7.730879378318786621e+01, 2.600000000000000000e+02, 3.260000000000000000e+02, 1.036725575684631778e-01
7.733952474594116211e+01, 2.580000000000000000e+02, 3.330000000000000000e+02, 1.036725575684631778e-01
7.737154984474182129e+01, 2.580000000000000000e+02, 3.350000000000000000e+02, 1.036725575684631778e-01
7.740336370468139648e+01, 2.570000000000000000e+02, 3.350000000000000000e+02, 1.052433538952580738e-01
7.743569779396057129e+01, 2.580000000000000000e+02, 3.350000000000000000e+02, 1.036725575684631778e-01
7.746799063682556152e+01, 2.580000000000000000e+02, 3.340000000000000000e+02, 1.036725575684631778e-01
7.749971985816955566e+01, 2.560000000000000000e+02, 3.350000000000000000e+02, 1.036725575684631778e-01
7.753144979476928711e+01, 2.570000000000000000e+02, 3.350000000000000000e+02, 1.036725575684631778e-01
7.756406784057617188e+01, 2.580000000000000000e+02, 3.340000000000000000e+02, 1.036725575684631778e-01
7.759549689292907715e+01, 2.580000000000000000e+02, 3.350000000000000000e+02, 1.036725575684631778e-01
7.762785363197326660e+01, 2.580000000000000000e+02, 3.350000000000000000e+02, 1.052433538952580738e-01
7.765943384170532227e+01, 2.580000000000000000e+02, 3.350000000000000000e+02, 1.036725575684631778e-01
7.769171380996704102e+01, 2.590000000000000000e+02, 3.350000000000000000e+02, 1.036725575684631778e-01
7.772365474700927734e+01, 2.590000000000000000e+02, 3.350000000000000000e+02, 1.036725575684631778e-01
7.775537586212158203e+01, 2.590000000000000000e+02, 3.340000000000000000e+02, 1.036725575684631778e-01
7.778757500648498535e+01, 2.590000000000000000e+02, 3.360000000000000000e+02, 1.036725575684631778e-01
7.781955790519714355e+01, 2.590000000000000000e+02, 3.340000000000000000e+02, 1.036725575684631778e-01
7.785161590576171875e+01, 2.590000000000000000e+02, 3.350000000000000000e+02, 1.036725575684631778e-01
7.788359880447387695e+01, 2.590000000000000000e+02, 3.350000000000000000e+02, 1.036725575684631778e-01
7.791554379463195801e+01, 2.590000000000000000e+02, 3.350000000000000000e+02, 1.052433538952580738e-01
7.794743490219116211e+01, 2.580000000000000000e+02, 3.350000000000000000e+02, 1.036725575684631778e-01
7.797943282127380371e+01, 2.590000000000000000e+02, 3.350000000000000000e+02, 1.052433538952580738e-01
7.801253390312194824e+01, 2.590000000000000000e+02, 3.360000000000000000e+02, -2.434734306532089665e+00
7.804189062118530273e+01, 2.590000000000000000e+02, 3.350000000000000000e+02, -2.434734306532089665e+00
7.806837773323059082e+01, 2.580000000000000000e+02, 3.400000000000000000e+02, -2.434734306532089665e+00
7.808611083030700684e+01, 2.580000000000000000e+02, 3.530000000000000000e+02, -2.434734306532089665e+00
7.810259294509887695e+01, 2.560000000000000000e+02, 3.760000000000000000e+02, 2.560398012675681456e-01
7.813971567153930664e+01, 2.550000000000000000e+02, 3.830000000000000000e+02, 2.324778563656446917e-01
7.817137789726257324e+01, 2.570000000000000000e+02, 3.900000000000000000e+02, 2.261946710584650799e-01
7.820355463027954102e+01, 2.550000000000000000e+02, 3.880000000000000000e+02, 2.261946710584650799e-01
7.823603296279907227e+01, 2.550000000000000000e+02, 3.870000000000000000e+02, 2.261946710584650799e-01
7.826768779754638672e+01, 2.550000000000000000e+02, 3.870000000000000000e+02, 2.261946710584650799e-01
7.829962277412414551e+01, 2.540000000000000000e+02, 3.870000000000000000e+02, 2.261946710584650799e-01
7.833199691772460938e+01, 2.540000000000000000e+02, 3.860000000000000000e+02, 2.261946710584650799e-01
7.836340475082397461e+01, 2.540000000000000000e+02, 3.860000000000000000e+02, 2.261946710584650799e-01
7.839561486244201660e+01, 2.540000000000000000e+02, 3.870000000000000000e+02, 2.261946710584650799e-01
7.842789292335510254e+01, 2.540000000000000000e+02, 3.870000000000000000e+02, 2.261946710584650799e-01
7.845931172370910645e+01, 2.540000000000000000e+02, 3.870000000000000000e+02, 2.261946710584650799e-01
7.849151182174682617e+01, 2.540000000000000000e+02, 3.870000000000000000e+02, 2.261946710584650799e-01
7.852339887619018555e+01, 2.540000000000000000e+02, 3.880000000000000000e+02, 2.261946710584650799e-01
7.855589985847473145e+01, 2.550000000000000000e+02, 3.880000000000000000e+02, 2.261946710584650799e-01
7.858754467964172363e+01, 2.540000000000000000e+02, 3.870000000000000000e+02, 2.261946710584650799e-01
7.861975669860839844e+01, 2.540000000000000000e+02, 3.870000000000000000e+02, 2.261946710584650799e-01
7.865173673629760742e+01, 2.530000000000000000e+02, 3.870000000000000000e+02, 2.261946710584650799e-01
7.868364167213439941e+01, 2.530000000000000000e+02, 3.860000000000000000e+02, 2.261946710584650799e-01
7.871545290946960449e+01, 2.530000000000000000e+02, 3.870000000000000000e+02, 2.261946710584650799e-01
7.874755191802978516e+01, 2.530000000000000000e+02, 3.870000000000000000e+02, 2.261946710584650799e-01
7.877968573570251465e+01, 2.540000000000000000e+02, 3.870000000000000000e+02, 2.261946710584650799e-01
7.881226968765258789e+01, 2.540000000000000000e+02, 3.870000000000000000e+02, -2.434734306532089665e+00
7.884006381034851074e+01, 2.540000000000000000e+02, 3.870000000000000000e+02, -2.434734306532089665e+00
7.885746884346008301e+01, 2.530000000000000000e+02, 3.860000000000000000e+02, -2.434734306532089665e+00
7.887375473976135254e+01, 2.540000000000000000e+02, 3.690000000000000000e+02, -4.398229715025710196e-02
7.890733885765075684e+01, 2.590000000000000000e+02, 3.270000000000000000e+02, -5.026548245743669291e-02
7.893963789939880371e+01, 2.750000000000000000e+02, 2.690000000000000000e+02, -5.026548245743669291e-02
7.897168469429016113e+01, 2.910000000000000000e+02, 2.440000000000000000e+02, -5.026548245743669291e-02
7.900330376625061035e+01, 3.050000000000000000e+02, 2.540000000000000000e+02, -5.026548245743669291e-02
7.903546786308288574e+01, 3.190000000000000000e+02, 2.880000000000000000e+02, -5.026548245743669291e-02
7.906744384765625000e+01, 3.310000000000000000e+02, 2.900000000000000000e+02, -5.026548245743669291e-02
7.909977698326110840e+01, 3.430000000000000000e+02, 2.910000000000000000e+02, -5.026548245743669291e-02
7.913145279884338379e+01, 3.560000000000000000e+02, 2.920000000000000000e+02, -5.026548245743669291e-02
7.916324782371520996e+01, 3.700000000000000000e+02, 2.930000000000000000e+02, -5.026548245743669291e-02
7.919538283348083496e+01, 3.840000000000000000e+02, 2.940000000000000000e+02, -5.026548245743669291e-02
7.922744178771972656e+01, 3.910000000000000000e+02, 2.940000000000000000e+02, -5.026548245743669291e-02
7.925951695442199707e+01, 4.050000000000000000e+02, 2.950000000000000000e+02, -5.026548245743669291e-02
7.929237985610961914e+01, 4.200000000000000000e+02, 2.970000000000000000e+02, -5.026548245743669291e-02
7.932342576980590820e+01, 4.360000000000000000e+02, 2.980000000000000000e+02, -5.026548245743669291e-02
7.935490584373474121e+01, 4.500000000000000000e+02, 3.000000000000000000e+02, -5.026548245743669291e-02
7.938746380805969238e+01, 4.670000000000000000e+02, 3.020000000000000000e+02, -5.026548245743669291e-02
7.941970777511596680e+01, 4.870000000000000000e+02, 3.010000000000000000e+02, -5.026548245743669291e-02
7.945130276679992676e+01, 5.040000000000000000e+02, 3.020000000000000000e+02, -5.026548245743669291e-02
7.948486185073852539e+01, 5.230000000000000000e+02, 3.030000000000000000e+02, -5.026548245743669291e-02
7.951565265655517578e+01, 5.420000000000000000e+02, 3.040000000000000000e+02, -5.026548245743669291e-02
7.954742670059204102e+01, 5.620000000000000000e+02, 3.050000000000000000e+02, -5.026548245743669291e-02
7.958149671554565430e+01, 5.830000000000000000e+02, 3.070000000000000000e+02, -5.026548245743669291e-02
7.961222577095031738e+01, 6.050000000000000000e+02, 3.080000000000000000e+02, -4.869468613064178997e-02
7.964393591880798340e+01, 6.140000000000000000e+02, 3.110000000000000000e+02, 1.146681318560274360e-01
7.967542195320129395e+01, 6.360000000000000000e+02, 3.140000000000000000e+02, 3.267256359733384796e-01
7.970755195617675781e+01, 6.560000000000000000e+02, 3.090000000000000000e+02, 4.256858045614169694e-01
7.973939180374145508e+01, 6.700000000000000000e+02, 2.940000000000000000e+02, 4.429645641561608116e-01
7.977152895927429199e+01, 6.800000000000000000e+02, 2.820000000000000000e+02, 4.429645641561608116e-01
7.980375385284423828e+01, 6.840000000000000000e+02, 2.790000000000000000e+02, 4.429645641561608116e-01
7.983574581146240234e+01, 6.800000000000000000e+02, 2.810000000000000000e+02, 4.429645641561608116e-01
7.986729288101196289e+01, 6.700000000000000000e+02, 2.860000000000000000e+02, 4.429645641561608116e-01
7.989864659309387207e+01, 6.500000000000000000e+02, 2.940000000000000000e+02, 4.429645641561608116e-01
7.993130183219909668e+01, 6.220000000000000000e+02, 3.050000000000000000e+02, 4.429645641561608116e-01
7.996358990669250488e+01, 5.880000000000000000e+02, 3.180000000000000000e+02, 4.429645641561608116e-01
7.999546980857849121e+01, 5.430000000000000000e+02, 3.370000000000000000e+02, 4.429645641561608116e-01
8.002746582031250000e+01, 5.180000000000000000e+02, 3.480000000000000000e+02, 4.429645641561608116e-01
8.005954790115356445e+01, 4.590000000000000000e+02, 3.720000000000000000e+02, 4.429645641561608116e-01
8.009157490730285645e+01, 3.920000000000000000e+02, 4.010000000000000000e+02, 4.429645641561608116e-01
8.012351489067077637e+01, 3.140000000000000000e+02, 4.340000000000000000e+02, 4.429645641561608116e-01
8.015545272827148438e+01, 2.640000000000000000e+02, 4.560000000000000000e+02, 4.429645641561608116e-01
8.018766593933105469e+01, 2.680000000000000000e+02, 4.560000000000000000e+02, 4.429645641561608116e-01
8.021967267990112305e+01, 2.560000000000000000e+02, 4.590000000000000000e+02, 4.429645641561608116e-01
8.025162577629089355e+01, 2.550000000000000000e+02, 4.600000000000000000e+02, 4.429645641561608116e-01
8.028344964981079102e+01, 2.560000000000000000e+02, 4.590000000000000000e+02, 4.429645641561608116e-01
8.031554198265075684e+01, 2.570000000000000000e+02, 4.600000000000000000e+02, 4.429645641561608116e-01
8.034742188453674316e+01, 2.570000000000000000e+02, 4.590000000000000000e+02, 4.429645641561608116e-01
8.037941980361938477e+01, 2.570000000000000000e+02, 4.590000000000000000e+02, 4.429645641561608116e-01
8.041176581382751465e+01, 2.570000000000000000e+02, 4.590000000000000000e+02, 4.476769531365454857e-01
8.044346976280212402e+01, 2.580000000000000000e+02, 4.580000000000000000e+02, 6.220353454107790947e-01
8.047579979896545410e+01, 2.580000000000000000e+02, 4.600000000000000000e+02, 8.545132017764237586e-01
8.050753569602966309e+01, 2.640000000000000000e+02, 4.860000000000000000e+02, 1.013163630782708324e+00
8.053936100006103516e+01, 2.830000000000000000e+02, 5.420000000000000000e+02, 1.052433538952580738e+00
8.057197999954223633e+01, 3.270000000000000000e+02, 6.170000000000000000e+02, 1.057145927932965357e+00
8.060354280471801758e+01, 3.600000000000000000e+02, 6.520000000000000000e+02, 1.055575131606170558e+00
8.063552165031433105e+01, 3.610000000000000000e+02, 6.530000000000000000e+02, 1.057145927932965357e+00
8.066726684570312500e+01, 3.660000000000000000e+02, 6.560000000000000000e+02, 1.055575131606170558e+00
8.069957566261291504e+01, 3.660000000000000000e+02, 6.560000000000000000e+02, 1.055575131606170558e+00
8.073073267936706543e+01, 3.660000000000000000e+02, 6.560000000000000000e+02, 1.057145927932965357e+00
8.076369786262512207e+01, 3.660000000000000000e+02, 6.560000000000000000e+02, 1.055575131606170558e+00
8.079540562629699707e+01, 3.650000000000000000e+02, 6.560000000000000000e+02, 1.055575131606170558e+00
8.082753086090087891e+01, 3.660000000000000000e+02, 6.560000000000000000e+02, 1.055575131606170558e+00
8.085938286781311035e+01, 3.660000000000000000e+02, 6.560000000000000000e+02, 1.055575131606170558e+00
8.089177274703979492e+01, 3.660000000000000000e+02, 6.560000000000000000e+02, 1.055575131606170558e+00
8.092356991767883301e+01, 3.660000000000000000e+02, 6.560000000000000000e+02, 1.055575131606170558e+00
8.095546984672546387e+01, 3.660000000000000000e+02, 6.560000000000000000e+02, 1.055575131606170558e+00
8.098765587806701660e+01, 3.660000000000000000e+02, 6.560000000000000000e+02, 1.055575131606170558e+00
8.101962065696716309e+01, 3.660000000000000000e+02, 6.560000000000000000e+02, 1.055575131606170558e+00
8.105132794380187988e+01, 3.660000000000000000e+02, 6.560000000000000000e+02, 1.055575131606170558e+00
8.108330702781677246e+01, 3.660000000000000000e+02, 6.560000000000000000e+02, 1.055575131606170558e+00
8.111556768417358398e+01, 3.660000000000000000e+02, 6.560000000000000000e+02, 1.055575131606170558e+00
8.114756679534912109e+01, 3.660000000000000000e+02, 6.560000000000000000e+02, 1.055575131606170558e+00
8.117866969108581543e+01, 3.660000000000000000e+02, 6.570000000000000000e+02, 1.055575131606170558e+00
8.121191883087158203e+01, 3.660000000000000000e+02, 6.560000000000000000e+02, 1.055575131606170558e+00
8.124349379539489746e+01, 3.660000000000000000e+02, 6.560000000000000000e+02, 1.060287520586555177e+00
8.127593588829040527e+01, 3.660000000000000000e+02, 6.560000000000000000e+02, 1.063429113240144996e+00
8.130741977691650391e+01, 3.660000000000000000e+02, 6.560000000000000000e+02, 1.064999909566940017e+00
8.133954977989196777e+01, 3.670000000000000000e+02, 6.560000000000000000e+02, 1.064999909566940017e+00
8.137142682075500488e+01, 3.670000000000000000e+02, 6.570000000000000000e+02, 1.064999909566940017e+00
8.140327072143554688e+01, 3.670000000000000000e+02, 6.570000000000000000e+02, 1.064999909566940017e+00
8.143565797805786133e+01, 3.670000000000000000e+02, 6.570000000000000000e+02, 1.064999909566940017e+00
8.146726775169372559e+01, 3.670000000000000000e+02, 6.570000000000000000e+02, 1.064999909566940017e+00
8.149924564361572266e+01, 3.670000000000000000e+02, 6.560000000000000000e+02, 1.064999909566940017e+00
8.153103065490722656e+01, 3.670000000000000000e+02, 6.560000000000000000e+02, 1.064999909566940017e+00
8.156355667114257812e+01, 3.670000000000000000e+02, 6.570000000000000000e+02, 1.063429113240144996e+00
8.159554362297058105e+01, 3.670000000000000000e+02, 6.560000000000000000e+02, 1.064999909566940017e+00
8.162754082679748535e+01, 3.670000000000000000e+02, 6.570000000000000000e+02, 1.064999909566940017e+00
8.165930700302124023e+01, 3.670000000000000000e+02, 6.570000000000000000e+02, 1.064999909566940017e+00
8.169153881072998047e+01, 3.670000000000000000e+02, 6.570000000000000000e+02, 1.064999909566940017e+00
8.172329068183898926e+01, 3.660000000000000000e+02, 6.560000000000000000e+02, 1.063429113240144996e+00
8.175554084777832031e+01, 3.670000000000000000e+02, 6.570000000000000000e+02, 1.064999909566940017e+00
8.178765988349914551e+01, 3.670000000000000000e+02, 6.570000000000000000e+02, 1.063429113240144996e+00
8.181931185722351074e+01, 3.670000000000000000e+02, 6.560000000000000000e+02, 1.064999909566940017e+00
8.185138082504272461e+01, 3.670000000000000000e+02, 6.560000000000000000e+02, 1.064999909566940017e+00
8.188319897651672363e+01, 3.670000000000000000e+02, 6.570000000000000000e+02, 1.064999909566940017e+00
8.191540384292602539e+01, 3.670000000000000000e+02, 6.570000000000000000e+02, 1.064999909566940017e+00
8.194737482070922852e+01, 3.660000000000000000e+02, 6.560000000000000000e+02, 1.063429113240144996e+00
8.197936081886291504e+01, 3.670000000000000000e+02, 6.570000000000000000e+02, 1.064999909566940017e+00
8.201165390014648438e+01, 3.670000000000000000e+02, 6.570000000000000000e+02, 1.061858316913350198e+00
8.204316282272338867e+01, 3.670000000000000000e+02, 6.560000000000000000e+02, 9.896016858807847871e-01
8.207538294792175293e+01, 3.660000000000000000e+02, 6.560000000000000000e+02, 9.456193887305276435e-01
8.210760498046875000e+01, 3.400000000000000000e+02, 6.320000000000000000e+02, 9.361946107697582953e-01
8.213931798934936523e+01, 3.320000000000000000e+02, 6.220000000000000000e+02, 9.346238144429633854e-01
8.217112970352172852e+01, 3.350000000000000000e+02, 6.270000000000000000e+02, 9.346238144429633854e-01
8.220343780517578125e+01, 3.360000000000000000e+02, 6.270000000000000000e+02, 9.346238144429633854e-01
8.223543763160705566e+01, 3.360000000000000000e+02, 6.270000000000000000e+02, 9.346238144429633854e-01
8.226744079589843750e+01, 3.360000000000000000e+02, 6.270000000000000000e+02, 9.346238144429633854e-01
8.229935264587402344e+01, 3.360000000000000000e+02, 6.270000000000000000e+02, 9.346238144429633854e-01
8.233125090599060059e+01, 3.360000000000000000e+02, 6.270000000000000000e+02, 9.346238144429633854e-01
8.236336588859558105e+01, 3.360000000000000000e+02, 6.270000000000000000e+02, 9.346238144429633854e-01
8.239512586593627930e+01, 3.360000000000000000e+02, 6.270000000000000000e+02, 9.346238144429633854e-01
8.242743778228759766e+01, 3.350000000000000000e+02, 6.270000000000000000e+02, 9.346238144429633854e-01
8.245954203605651855e+01, 3.360000000000000000e+02, 6.270000000000000000e+02, 9.346238144429633854e-01
8.249129867553710938e+01, 3.350000000000000000e+02, 6.270000000000000000e+02, 9.346238144429633854e-01
8.252324986457824707e+01, 3.360000000000000000e+02, 6.270000000000000000e+02, 9.346238144429633854e-01
8.255533480644226074e+01, 3.360000000000000000e+02, 6.270000000000000000e+02, 9.346238144429633854e-01
8.258746480941772461e+01, 3.360000000000000000e+02, 6.270000000000000000e+02, 9.346238144429633854e-01
8.261918997764587402e+01, 3.360000000000000000e+02, 6.270000000000000000e+02, 9.346238144429633854e-01
8.265128970146179199e+01, 3.360000000000000000e+02, 6.270000000000000000e+02, 9.346238144429633854e-01
8.268274092674255371e+01, 3.360000000000000000e+02, 6.270000000000000000e+02, 9.346238144429633854e-01
8.271530270576477051e+01, 3.360000000000000000e+02, 6.270000000000000000e+02, 9.346238144429633854e-01
8.274731183052062988e+01, 3.360000000000000000e+02, 6.270000000000000000e+02, 9.346238144429633854e-01
8.277907371520996094e+01, 3.360000000000000000e+02, 6.270000000000000000e+02, 9.346238144429633854e-01
8.281149697303771973e+01, 3.350000000000000000e+02, 6.260000000000000000e+02, 9.377654070965532052e-01
8.284337472915649414e+01, 3.360000000000000000e+02, 6.270000000000000000e+02, 1.107411410390402029e+00
8.287517285346984863e+01, 3.360000000000000000e+02, 6.280000000000000000e+02, 1.225221134900019271e+00
8.290722894668579102e+01, 3.470000000000000000e+02, 6.410000000000000000e+02, 1.242499894494763168e+00
8.293931484222412109e+01, 3.710000000000000000e+02, 6.590000000000000000e+02, 1.242499894494763168e+00
8.297131180763244629e+01, 4.100000000000000000e+02, 6.750000000000000000e+02, 1.242499894494763168e+00
8.300333881378173828e+01, 4.080000000000000000e+02, 6.750000000000000000e+02, 1.242499894494763168e+00
8.303515172004699707e+01, 4.120000000000000000e+02, 6.760000000000000000e+02, 1.242499894494763168e+00
8.306730175018310547e+01, 4.120000000000000000e+02, 6.760000000000000000e+02, 1.242499894494763168e+00
8.309902000427246094e+01, 4.120000000000000000e+02, 6.760000000000000000e+02, 1.242499894494763168e+00
8.313133883476257324e+01, 4.120000000000000000e+02, 6.760000000000000000e+02, 1.242499894494763168e+00
8.316340303421020508e+01, 4.120000000000000000e+02, 6.760000000000000000e+02, 1.242499894494763168e+00
8.319539976119995117e+01, 4.120000000000000000e+02, 6.760000000000000000e+02, 1.242499894494763168e+00
8.322687172889709473e+01, 4.120000000000000000e+02, 6.760000000000000000e+02, 1.242499894494763168e+00
8.325953888893127441e+01, 4.120000000000000000e+02, 6.760000000000000000e+02, 1.242499894494763168e+00
8.329110503196716309e+01, 4.120000000000000000e+02, 6.760000000000000000e+02, 1.240929098167968370e+00
8.332329177856445312e+01, 4.120000000000000000e+02, 6.760000000000000000e+02, 1.242499894494763168e+00
8.335530495643615723e+01, 4.130000000000000000e+02, 6.760000000000000000e+02, 1.240929098167968370e+00
8.338764381408691406e+01, 4.120000000000000000e+02, 6.760000000000000000e+02, 1.242499894494763168e+00
8.341925287246704102e+01, 4.120000000000000000e+02, 6.760000000000000000e+02, 1.240929098167968370e+00
8.345145583152770996e+01, 4.120000000000000000e+02, 6.760000000000000000e+02, 1.242499894494763168e+00
8.348340463638305664e+01, 4.130000000000000000e+02, 6.760000000000000000e+02, 1.242499894494763168e+00
8.351519584655761719e+01, 4.120000000000000000e+02, 6.760000000000000000e+02, 1.242499894494763168e+00
8.354720687866210938e+01, 4.120000000000000000e+02, 6.760000000000000000e+02, 1.240929098167968370e+00
8.357925081253051758e+01, 4.120000000000000000e+02, 6.760000000000000000e+02, 1.242499894494763168e+00
8.361155772209167480e+01, 4.120000000000000000e+02, 6.760000000000000000e+02, -2.434734306532089665e+00
8.362797284126281738e+01, 4.120000000000000000e+02, 6.760000000000000000e+02, 1.174955652442582599e+00
8.365950584411621094e+01, 4.130000000000000000e+02, 6.760000000000000000e+02, 9.786061115932205290e-01
8.369201993942260742e+01, 3.850000000000000000e+02, 6.680000000000000000e+02, 8.827875356587319144e-01
8.372356081008911133e+01, 3.170000000000000000e+02, 6.070000000000000000e+02, 8.686503687175778365e-01
8.375531697273254395e+01, 2.870000000000000000e+02, 5.520000000000000000e+02, 8.655087760639881278e-01
8.378753280639648438e+01, 2.760000000000000000e+02, 5.260000000000000000e+02, 8.655087760639881278e-01
8.381955671310424805e+01, 2.780000000000000000e+02, 5.320000000000000000e+02, 8.670795723907829267e-01
8.385126972198486328e+01, 2.930000000000000000e+02, 5.640000000000000000e+02, 8.655087760639881278e-01
8.388339090347290039e+01, 3.180000000000000000e+02, 6.070000000000000000e+02, 8.655087760639881278e-01
8.391508388519287109e+01, 3.180000000000000000e+02, 6.060000000000000000e+02, 8.655087760639881278e-01
8.394762802124023438e+01, 3.170000000000000000e+02, 6.070000000000000000e+02, 8.655087760639881278e-01
8.397927093505859375e+01, 3.190000000000000000e+02, 6.070000000000000000e+02, 8.655087760639881278e-01
8.401230573654174805e+01, 3.190000000000000000e+02, 6.060000000000000000e+02, 8.655087760639881278e-01
8.404388976097106934e+01, 3.190000000000000000e+02, 6.060000000000000000e+02, 8.435176274888595005e-01
8.407511973381042480e+01, 3.190000000000000000e+02, 6.060000000000000000e+02, 8.278096642209105127e-01
8.410725569725036621e+01, 3.140000000000000000e+02, 5.980000000000000000e+02, 8.246680715673206929e-01
8.413926076889038086e+01, 3.120000000000000000e+02, 5.960000000000000000e+02, 8.246680715673206929e-01
8.417130494117736816e+01, 3.130000000000000000e+02, 5.960000000000000000e+02, 8.246680715673206929e-01
8.420352578163146973e+01, 3.120000000000000000e+02, 5.960000000000000000e+02, 8.246680715673206929e-01
8.423524880409240723e+01, 3.130000000000000000e+02, 5.960000000000000000e+02, 8.246680715673206929e-01
8.426748967170715332e+01, 3.120000000000000000e+02, 5.950000000000000000e+02, 8.246680715673206929e-01
8.429920363426208496e+01, 3.130000000000000000e+02, 5.960000000000000000e+02, 8.246680715673206929e-01
8.433113169670104980e+01, 3.120000000000000000e+02, 5.960000000000000000e+02, 8.246680715673206929e-01
8.436350798606872559e+01, 3.130000000000000000e+02, 5.960000000000000000e+02, 8.246680715673206929e-01
8.439550995826721191e+01, 3.130000000000000000e+02, 5.960000000000000000e+02, 8.246680715673206929e-01
8.442749285697937012e+01, 3.120000000000000000e+02, 5.960000000000000000e+02, 8.246680715673206929e-01
8.445952987670898438e+01, 3.130000000000000000e+02, 5.970000000000000000e+02, 8.246680715673206929e-01
8.449126195907592773e+01, 3.120000000000000000e+02, 5.960000000000000000e+02, 8.246680715673206929e-01
8.452366280555725098e+01, 3.120000000000000000e+02, 5.960000000000000000e+02, 8.246680715673206929e-01
8.455545592308044434e+01, 3.110000000000000000e+02, 5.960000000000000000e+02, 8.246680715673206929e-01
8.458738183975219727e+01, 3.120000000000000000e+02, 5.970000000000000000e+02, 8.246680715673206929e-01
8.461918163299560547e+01, 3.120000000000000000e+02, 5.960000000000000000e+02, 8.246680715673206929e-01
8.465150690078735352e+01, 3.120000000000000000e+02, 5.970000000000000000e+02, 8.246680715673206929e-01
8.468307876586914062e+01, 3.110000000000000000e+02, 5.960000000000000000e+02, 8.246680715673206929e-01
8.471541976928710938e+01, 3.130000000000000000e+02, 5.970000000000000000e+02, 8.246680715673206929e-01
8.474735474586486816e+01, 3.120000000000000000e+02, 5.960000000000000000e+02, 8.246680715673206929e-01
8.477943873405456543e+01, 3.130000000000000000e+02, 5.970000000000000000e+02, 8.246680715673206929e-01
8.481209397315979004e+01, 3.120000000000000000e+02, 5.960000000000000000e+02, -2.434734306532089665e+00
8.484238791465759277e+01, 3.120000000000000000e+02, 5.960000000000000000e+02, -2.434734306532089665e+00
8.487588977813720703e+01, 2.980000000000000000e+02, 5.720000000000000000e+02, -2.434734306532089665e+00
8.490743494033813477e+01, 2.650000000000000000e+02, 4.910000000000000000e+02, -2.434734306532089665e+00
8.492979478836059570e+01, 2.530000000000000000e+02, 4.140000000000000000e+02, -2.434734306532089665e+00
8.494796586036682129e+01, 2.530000000000000000e+02, 3.810000000000000000e+02, 1.005309649148733858e-01
8.497157669067382812e+01, 2.550000000000000000e+02, 3.550000000000000000e+02, 4.241150082346220596e-02
8.500328588485717773e+01, 2.580000000000000000e+02, 3.380000000000000000e+02, 5.026548245743669291e-02
8.503473782539367676e+01, 2.650000000000000000e+02, 3.110000000000000000e+02, 5.969026041820606893e-02
8.506627774238586426e+01, 2.730000000000000000e+02, 3.090000000000000000e+02, 6.126105674500096493e-02
8.509934592247009277e+01, 2.760000000000000000e+02, 3.190000000000000000e+02, 6.126105674500096493e-02
8.513100695610046387e+01, 2.770000000000000000e+02, 3.200000000000000000e+02, 6.126105674500096493e-02
8.516337466239929199e+01, 2.760000000000000000e+02, 3.200000000000000000e+02, 6.126105674500096493e-02
8.519526672363281250e+01, 2.740000000000000000e+02, 3.210000000000000000e+02, 6.126105674500096493e-02
8.522709178924560547e+01, 2.720000000000000000e+02, 3.200000000000000000e+02, 6.126105674500096493e-02
8.525935268402099609e+01, 2.660000000000000000e+02, 3.200000000000000000e+02, 6.126105674500096493e-02
8.529139876365661621e+01, 2.610000000000000000e+02, 3.210000000000000000e+02, 6.126105674500096493e-02
8.532342481613159180e+01, 2.610000000000000000e+02, 3.210000000000000000e+02, 6.126105674500096493e-02
8.535512185096740723e+01, 2.610000000000000000e+02, 3.210000000000000000e+02, 6.126105674500096493e-02
8.538725280761718750e+01, 2.610000000000000000e+02, 3.200000000000000000e+02, 6.126105674500096493e-02
8.541916966438293457e+01, 2.610000000000000000e+02, 3.210000000000000000e+02, 6.126105674500096493e-02
8.545114684104919434e+01, 2.620000000000000000e+02, 3.210000000000000000e+02, 6.126105674500096493e-02
8.548325300216674805e+01, 2.600000000000000000e+02, 3.210000000000000000e+02, 6.126105674500096493e-02
8.551483964920043945e+01, 2.610000000000000000e+02, 3.210000000000000000e+02, 6.126105674500096493e-02
8.554712295532226562e+01, 2.600000000000000000e+02, 3.200000000000000000e+02, 6.126105674500096493e-02
8.557904386520385742e+01, 2.600000000000000000e+02, 3.210000000000000000e+02, 6.126105674500096493e-02
8.561156463623046875e+01, 2.610000000000000000e+02, 3.200000000000000000e+02, 5.811946409141117292e-02
8.564330863952636719e+01, 2.610000000000000000e+02, 3.210000000000000000e+02, -1.052433538952580738e-01
8.567497682571411133e+01, 2.610000000000000000e+02, 3.200000000000000000e+02, -2.403318379996191578e-01
8.570737266540527344e+01, 2.790000000000000000e+02, 2.600000000000000000e+02, -2.796017461694915718e-01
8.573927187919616699e+01, 3.180000000000000000e+02, 1.880000000000000000e+02, -2.827433388230813915e-01
8.577125382423400879e+01, 3.550000000000000000e+02, 1.500000000000000000e+02, -2.827433388230813915e-01
8.580303263664245605e+01, 3.900000000000000000e+02, 1.480000000000000000e+02, -2.827433388230813915e-01
8.583488893508911133e+01, 4.290000000000000000e+02, 1.770000000000000000e+02, -2.827433388230813915e-01
8.586755585670471191e+01, 4.670000000000000000e+02, 2.450000000000000000e+02, -2.827433388230813915e-01
8.589915394783020020e+01, 5.090000000000000000e+02, 2.610000000000000000e+02, -2.827433388230813915e-01
8.593140769004821777e+01, 5.550000000000000000e+02, 2.830000000000000000e+02, -2.827433388230813915e-01
8.596328186988830566e+01, 6.040000000000000000e+02, 3.010000000000000000e+02, -2.827433388230813915e-01
8.599521279335021973e+01, 6.590000000000000000e+02, 3.190000000000000000e+02, -2.827433388230813915e-01
8.602738785743713379e+01, 6.890000000000000000e+02, 3.260000000000000000e+02, -2.827433388230813915e-01
8.605950880050659180e+01, 7.510000000000000000e+02, 3.390000000000000000e+02, -2.827433388230813915e-01
8.609129595756530762e+01, 8.200000000000000000e+02, 3.570000000000000000e+02, -2.827433388230813915e-01
8.612308979034423828e+01, 8.950000000000000000e+02, 3.750000000000000000e+02, -2.827433388230813915e-01
8.615529084205627441e+01, 9.750000000000000000e+02, 3.940000000000000000e+02, -2.827433388230813915e-01
8.618726563453674316e+01, 9.780000000000000000e+02, 3.950000000000000000e+02, -2.827433388230813915e-01
8.621914601325988770e+01, 9.750000000000000000e+02, 3.940000000000000000e+02, -2.827433388230813915e-01
8.625061297416687012e+01, 9.890000000000000000e+02, 3.970000000000000000e+02, -2.827433388230813915e-01
8.628291583061218262e+01, 9.920000000000000000e+02, 3.990000000000000000e+02, -2.827433388230813915e-01
8.631523370742797852e+01, 9.930000000000000000e+02, 3.990000000000000000e+02, -2.827433388230813915e-01
8.634676671028137207e+01, 9.940000000000000000e+02, 4.000000000000000000e+02, -2.827433388230813915e-01
8.637931966781616211e+01, 9.930000000000000000e+02, 4.000000000000000000e+02, -2.827433388230813915e-01
8.641132378578186035e+01, 9.930000000000000000e+02, 4.000000000000000000e+02, -2.843141351498762459e-01
8.644317078590393066e+01, 9.930000000000000000e+02, 3.990000000000000000e+02, -4.335397861953914633e-01
8.647513389587402344e+01, 9.920000000000000000e+02, 4.000000000000000000e+02, -5.670574739729576930e-01
8.650715804100036621e+01, 9.910000000000000000e+02, 4.220000000000000000e+02, -6.031857894892402872e-01
8.653846883773803711e+01, 9.830000000000000000e+02, 4.800000000000000000e+02, -6.063273821428301069e-01
8.657106781005859375e+01, 9.730000000000000000e+02, 5.100000000000000000e+02, -6.063273821428301069e-01
8.660331487655639648e+01, 9.710000000000000000e+02, 5.160000000000000000e+02, -6.063273821428301069e-01
8.663506197929382324e+01, 9.710000000000000000e+02, 5.160000000000000000e+02, -6.063273821428301069e-01
8.666719579696655273e+01, 9.710000000000000000e+02, 5.170000000000000000e+02, -6.063273821428301069e-01
8.669880700111389160e+01, 9.710000000000000000e+02, 5.170000000000000000e+02, -6.063273821428301069e-01
8.673045563697814941e+01, 9.710000000000000000e+02, 5.160000000000000000e+02, -6.063273821428301069e-01
8.676325488090515137e+01, 9.710000000000000000e+02, 5.160000000000000000e+02, -6.063273821428301069e-01
8.679528760910034180e+01, 9.720000000000000000e+02, 5.170000000000000000e+02, -6.063273821428301069e-01
8.682708573341369629e+01, 9.710000000000000000e+02, 5.160000000000000000e+02, -6.063273821428301069e-01
8.685889887809753418e+01, 9.710000000000000000e+02, 5.170000000000000000e+02, -6.063273821428301069e-01
8.689126276969909668e+01, 9.710000000000000000e+02, 5.160000000000000000e+02, -6.063273821428301069e-01
8.692352581024169922e+01, 9.710000000000000000e+02, 5.160000000000000000e+02, -6.063273821428301069e-01
8.695525288581848145e+01, 9.700000000000000000e+02, 5.160000000000000000e+02, -6.063273821428301069e-01
8.698707079887390137e+01, 9.700000000000000000e+02, 5.160000000000000000e+02, -6.063273821428301069e-01
8.701901793479919434e+01, 9.710000000000000000e+02, 5.170000000000000000e+02, -6.063273821428301069e-01
8.705122780799865723e+01, 9.710000000000000000e+02, 5.170000000000000000e+02, -6.063273821428301069e-01
8.708304691314697266e+01, 9.720000000000000000e+02, 5.170000000000000000e+02, -6.063273821428301069e-01
8.711521267890930176e+01, 9.710000000000000000e+02, 5.170000000000000000e+02, -6.063273821428301069e-01
8.714719986915588379e+01, 9.720000000000000000e+02, 5.170000000000000000e+02, -6.063273821428301069e-01
8.717911767959594727e+01, 9.700000000000000000e+02, 5.160000000000000000e+02, -6.063273821428301069e-01
8.721125984191894531e+01, 9.710000000000000000e+02, 5.170000000000000000e+02, -2.434734306532089665e+00
8.724069404602050781e+01, 9.710000000000000000e+02, 5.170000000000000000e+02, -2.434734306532089665e+00
8.725821375846862793e+01, 9.700000000000000000e+02, 5.160000000000000000e+02, -2.434734306532089665e+00
8.727436780929565430e+01, 9.690000000000000000e+02, 5.240000000000000000e+02, -8.655087760639881278e-01
8.730727481842041016e+01, 9.630000000000000000e+02, 5.360000000000000000e+02, -9.157742585214246889e-01
8.733889102935791016e+01, 9.410000000000000000e+02, 5.820000000000000000e+02, -9.251990364821940371e-01
8.737088274955749512e+01, 9.140000000000000000e+02, 6.200000000000000000e+02, -9.267698328089889470e-01
8.740318989753723145e+01, 9.130000000000000000e+02, 6.230000000000000000e+02, -9.267698328089889470e-01
8.743521976470947266e+01, 9.120000000000000000e+02, 6.230000000000000000e+02, -9.267698328089889470e-01
8.746699476242065430e+01, 9.140000000000000000e+02, 6.230000000000000000e+02, -9.267698328089889470e-01
8.749904274940490723e+01, 9.130000000000000000e+02, 6.220000000000000000e+02, -9.267698328089889470e-01
8.753140091896057129e+01, 9.130000000000000000e+02, 6.230000000000000000e+02, -9.267698328089889470e-01
8.756316280364990234e+01, 9.130000000000000000e+02, 6.220000000000000000e+02, -9.267698328089889470e-01
8.759545588493347168e+01, 9.140000000000000000e+02, 6.220000000000000000e+02, -9.267698328089889470e-01
8.762706995010375977e+01, 9.130000000000000000e+02, 6.220000000000000000e+02, -9.267698328089889470e-01
8.765952181816101074e+01, 9.130000000000000000e+02, 6.230000000000000000e+02, -9.267698328089889470e-01
8.769101881980895996e+01, 9.130000000000000000e+02, 6.230000000000000000e+02, -9.251990364821940371e-01
8.772292876243591309e+01, 9.130000000000000000e+02, 6.220000000000000000e+02, -9.267698328089889470e-01
8.775517892837524414e+01, 9.120000000000000000e+02, 6.230000000000000000e+02, -9.267698328089889470e-01
8.778698182106018066e+01, 9.120000000000000000e+02, 6.230000000000000000e+02, -9.267698328089889470e-01
8.781937384605407715e+01, 9.120000000000000000e+02, 6.230000000000000000e+02, -9.267698328089889470e-01
8.785084080696105957e+01, 9.130000000000000000e+02, 6.230000000000000000e+02, -9.251990364821940371e-01
8.788318061828613281e+01, 9.130000000000000000e+02, 6.230000000000000000e+02, -9.267698328089889470e-01
8.791509461402893066e+01, 9.130000000000000000e+02, 6.220000000000000000e+02, -9.267698328089889470e-01
8.794711971282958984e+01, 9.130000000000000000e+02, 6.230000000000000000e+02, -9.267698328089889470e-01
8.797927665710449219e+01, 9.130000000000000000e+02, 6.230000000000000000e+02, -9.267698328089889470e-01
8.801160478591918945e+01, 9.130000000000000000e+02, 6.220000000000000000e+02, -9.267698328089889470e-01
8.804317688941955566e+01, 9.120000000000000000e+02, 6.220000000000000000e+02, -9.424777960769379348e-01
8.807514882087707520e+01, 9.130000000000000000e+02, 6.230000000000000000e+02, -9.550441666912971028e-01
8.810711765289306641e+01, 9.080000000000000000e+02, 6.280000000000000000e+02, -9.566149630180920127e-01
8.813912081718444824e+01, 9.060000000000000000e+02, 6.290000000000000000e+02, -9.566149630180920127e-01
8.817129588127136230e+01, 9.060000000000000000e+02, 6.290000000000000000e+02, -9.566149630180920127e-01
8.820314979553222656e+01, 9.060000000000000000e+02, 6.300000000000000000e+02, -9.566149630180920127e-01
8.823508977890014648e+01, 9.060000000000000000e+02, 6.290000000000000000e+02, -9.566149630180920127e-01
8.826702594757080078e+01, 9.070000000000000000e+02, 6.300000000000000000e+02, -9.566149630180920127e-01
8.829904675483703613e+01, 9.060000000000000000e+02, 6.290000000000000000e+02, -9.566149630180920127e-01
8.833109569549560547e+01, 9.070000000000000000e+02, 6.290000000000000000e+02, -9.566149630180920127e-01
8.836289262771606445e+01, 9.060000000000000000e+02, 6.300000000000000000e+02, -9.566149630180920127e-01
8.839496088027954102e+01, 9.060000000000000000e+02, 6.290000000000000000e+02, -9.566149630180920127e-01
8.842721199989318848e+01, 9.060000000000000000e+02, 6.300000000000000000e+02, -9.566149630180920127e-01
8.845888686180114746e+01, 9.060000000000000000e+02, 6.300000000000000000e+02, -9.566149630180920127e-01
8.849093580245971680e+01, 9.070000000000000000e+02, 6.300000000000000000e+02, -9.566149630180920127e-01
8.852312183380126953e+01, 9.070000000000000000e+02, 6.300000000000000000e+02, -9.566149630180920127e-01
8.855524182319641113e+01, 9.060000000000000000e+02, 6.300000000000000000e+02, -9.566149630180920127e-01
8.858725285530090332e+01, 9.060000000000000000e+02, 6.300000000000000000e+02, -9.566149630180920127e-01
8.861915874481201172e+01, 9.060000000000000000e+02, 6.290000000000000000e+02, -9.566149630180920127e-01
8.865106296539306641e+01, 9.070000000000000000e+02, 6.300000000000000000e+02, -9.566149630180920127e-01
8.868297290802001953e+01, 9.060000000000000000e+02, 6.300000000000000000e+02, -9.566149630180920127e-01
8.871507573127746582e+01, 9.070000000000000000e+02, 6.300000000000000000e+02, -9.566149630180920127e-01
8.874697375297546387e+01, 9.060000000000000000e+02, 6.300000000000000000e+02, -9.566149630180920127e-01
8.877880382537841797e+01, 9.060000000000000000e+02, 6.290000000000000000e+02, -9.566149630180920127e-01
8.881154203414916992e+01, 9.070000000000000000e+02, 6.300000000000000000e+02, -9.566149630180920127e-01
8.884305572509765625e+01, 9.070000000000000000e+02, 6.290000000000000000e+02, -1.091703447122452930e+00
8.887497758865356445e+01, 9.060000000000000000e+02, 6.300000000000000000e+02, -1.189092819383736677e+00
8.890692400932312012e+01, 8.930000000000000000e+02, 6.440000000000000000e+02, -1.211083967958865193e+00
8.893880081176757812e+01, 8.670000000000000000e+02, 6.610000000000000000e+02, -1.212654764285660214e+00
8.897093486785888672e+01, 8.340000000000000000e+02, 6.740000000000000000e+02, -1.212654764285660214e+00
8.900285387039184570e+01, 8.330000000000000000e+02, 6.750000000000000000e+02, -1.212654764285660214e+00
8.903477883338928223e+01, 8.310000000000000000e+02, 6.760000000000000000e+02, -1.212654764285660214e+00
8.906698966026306152e+01, 8.310000000000000000e+02, 6.750000000000000000e+02, -1.212654764285660214e+00
8.909880089759826660e+01, 8.320000000000000000e+02, 6.750000000000000000e+02, -1.212654764285660214e+00
8.913113594055175781e+01, 8.310000000000000000e+02, 6.750000000000000000e+02, -1.212654764285660214e+00
8.916297602653503418e+01, 8.310000000000000000e+02, 6.750000000000000000e+02, -1.212654764285660214e+00
8.919512176513671875e+01, 8.310000000000000000e+02, 6.760000000000000000e+02, -1.212654764285660214e+00
8.922689771652221680e+01, 8.320000000000000000e+02, 6.750000000000000000e+02, -1.212654764285660214e+00
8.925912070274353027e+01, 8.320000000000000000e+02, 6.760000000000000000e+02, -1.212654764285660214e+00
8.929084968566894531e+01, 8.310000000000000000e+02, 6.750000000000000000e+02, -1.212654764285660214e+00
8.932313394546508789e+01, 8.320000000000000000e+02, 6.760000000000000000e+02, -1.212654764285660214e+00
8.935497498512268066e+01, 8.310000000000000000e+02, 6.760000000000000000e+02, -1.212654764285660214e+00
8.938691687583923340e+01, 8.320000000000000000e+02, 6.750000000000000000e+02, -1.212654764285660214e+00
8.941869163513183594e+01, 8.320000000000000000e+02, 6.760000000000000000e+02, -1.212654764285660214e+00
8.945075297355651855e+01, 8.320000000000000000e+02, 6.750000000000000000e+02, -1.212654764285660214e+00
8.948278093338012695e+01, 8.320000000000000000e+02, 6.750000000000000000e+02, -1.212654764285660214e+00
8.951507091522216797e+01, 8.320000000000000000e+02, 6.750000000000000000e+02, -1.212654764285660214e+00
8.954668068885803223e+01, 8.310000000000000000e+02, 6.760000000000000000e+02, -1.212654764285660214e+00
8.957877397537231445e+01, 8.320000000000000000e+02, 6.750000000000000000e+02, -1.212654764285660214e+00
8.961113691329956055e+01, 8.310000000000000000e+02, 6.750000000000000000e+02, -1.212654764285660214e+00
8.964278197288513184e+01, 8.320000000000000000e+02, 6.760000000000000000e+02, -1.069712298547324636e+00
8.967478489875793457e+01, 8.320000000000000000e+02, 6.750000000000000000e+02, -8.450884238156544104e-01
8.970622372627258301e+01, 8.980000000000000000e+02, 6.400000000000000000e+02, -6.738716241950105656e-01
8.973799777030944824e+01, 9.440000000000000000e+02, 5.800000000000000000e+02, -6.267477343911637133e-01
8.977086997032165527e+01, 9.700000000000000000e+02, 5.150000000000000000e+02, -6.220353454107790947e-01
8.980264282226562500e+01, 9.810000000000000000e+02, 4.780000000000000000e+02, -6.204645490839841848e-01
8.983470797538757324e+01, 9.830000000000000000e+02, 4.740000000000000000e+02, -6.220353454107790947e-01
8.986679291725158691e+01, 9.760000000000000000e+02, 5.030000000000000000e+02, -6.204645490839841848e-01
8.989905881881713867e+01, 9.670000000000000000e+02, 5.290000000000000000e+02, -6.188937527571892749e-01
8.993101382255554199e+01, 9.680000000000000000e+02, 5.300000000000000000e+02, -6.188937527571892749e-01
8.996295285224914551e+01, 9.680000000000000000e+02, 5.290000000000000000e+02, -6.188937527571892749e-01
8.999490690231323242e+01, 9.670000000000000000e+02, 5.290000000000000000e+02, -6.188937527571892749e-01
9.002707576751708984e+01, 9.670000000000000000e+02, 5.290000000000000000e+02, -6.188937527571892749e-01
9.006530475616455078e+01, 9.660000000000000000e+02, 5.290000000000000000e+02, -6.188937527571892749e-01
9.009098386764526367e+01, 9.660000000000000000e+02, 5.290000000000000000e+02, -6.188937527571892749e-01
9.012309193611145020e+01, 9.660000000000000000e+02, 5.280000000000000000e+02, -6.188937527571892749e-01
9.015503692626953125e+01, 9.660000000000000000e+02, 5.290000000000000000e+02, -6.188937527571892749e-01
9.018710780143737793e+01, 9.660000000000000000e+02, 5.290000000000000000e+02, -6.188937527571892749e-01
9.021872782707214355e+01, 9.660000000000000000e+02, 5.280000000000000000e+02, -6.188937527571892749e-01
9.025109887123107910e+01, 9.660000000000000000e+02, 5.290000000000000000e+02, -6.188937527571892749e-01
9.028316903114318848e+01, 9.660000000000000000e+02, 5.290000000000000000e+02, -6.188937527571892749e-01
9.031496882438659668e+01, 9.670000000000000000e+02, 5.290000000000000000e+02, -6.188937527571892749e-01
9.034696078300476074e+01, 9.660000000000000000e+02, 5.290000000000000000e+02, -6.188937527571892749e-01
9.037874674797058105e+01, 9.660000000000000000e+02, 5.290000000000000000e+02, -6.188937527571892749e-01
9.041207599639892578e+01, 9.670000000000000000e+02, 5.290000000000000000e+02, -2.434734306532089665e+00
9.044120693206787109e+01, 9.660000000000000000e+02, 5.300000000000000000e+02, -2.434734306532089665e+00
9.045874881744384766e+01, 9.670000000000000000e+02, 5.290000000000000000e+02, -2.434734306532089665e+00
9.048652482032775879e+01, 9.610000000000000000e+02, 5.420000000000000000e+02, -1.047721149972196120e+00
9.052311396598815918e+01, 9.530000000000000000e+02, 5.590000000000000000e+02, -1.165530874481813139e+00
9.055501079559326172e+01, 9.210000000000000000e+02, 6.110000000000000000e+02, -1.179668041422967217e+00
9.058695673942565918e+01, 8.680000000000000000e+02, 6.600000000000000000e+02, -1.179668041422967217e+00
9.061921787261962891e+01, 8.480000000000000000e+02, 6.690000000000000000e+02, -1.179668041422967217e+00
9.065099978446960449e+01, 8.430000000000000000e+02, 6.720000000000000000e+02, -1.179668041422967217e+00
9.068279981613159180e+01, 8.410000000000000000e+02, 6.730000000000000000e+02, -1.179668041422967217e+00
9.071484971046447754e+01, 8.400000000000000000e+02, 6.730000000000000000e+02, -1.181238837749762238e+00
9.074707078933715820e+01, 8.400000000000000000e+02, 6.730000000000000000e+02, -1.179668041422967217e+00
9.077870178222656250e+01, 8.400000000000000000e+02, 6.730000000000000000e+02, -1.179668041422967217e+00
9.081151103973388672e+01, 8.400000000000000000e+02, 6.730000000000000000e+02, -1.179668041422967217e+00
9.084269881248474121e+01, 8.410000000000000000e+02, 6.730000000000000000e+02, -1.185951226730146857e+00
9.087476682662963867e+01, 8.410000000000000000e+02, 6.730000000000000000e+02, -1.190663615710531698e+00
9.090706682205200195e+01, 8.390000000000000000e+02, 6.730000000000000000e+02, -1.190663615710531698e+00
9.093889689445495605e+01, 8.400000000000000000e+02, 6.730000000000000000e+02, -1.190663615710531698e+00
9.097055172920227051e+01, 8.400000000000000000e+02, 6.720000000000000000e+02, -1.190663615710531698e+00
9.100287580490112305e+01, 8.400000000000000000e+02, 6.730000000000000000e+02, -1.190663615710531698e+00
9.103481388092041016e+01, 8.400000000000000000e+02, 6.730000000000000000e+02, -1.190663615710531698e+00
9.106672263145446777e+01, 8.400000000000000000e+02, 6.720000000000000000e+02, -1.190663615710531698e+00
9.109856271743774414e+01, 8.400000000000000000e+02, 6.730000000000000000e+02, -1.190663615710531698e+00
9.113093781471252441e+01, 8.400000000000000000e+02, 6.730000000000000000e+02, -1.190663615710531698e+00
9.116278672218322754e+01, 8.400000000000000000e+02, 6.730000000000000000e+02, -1.190663615710531698e+00
9.119490194320678711e+01, 8.410000000000000000e+02, 6.730000000000000000e+02, -1.190663615710531698e+00
9.122660779953002930e+01, 8.410000000000000000e+02, 6.730000000000000000e+02, -1.190663615710531698e+00
9.125922274589538574e+01, 8.400000000000000000e+02, 6.730000000000000000e+02, -1.190663615710531698e+00
9.129079604148864746e+01, 8.410000000000000000e+02, 6.730000000000000000e+02, -1.190663615710531698e+00
9.132259774208068848e+01, 8.410000000000000000e+02, 6.730000000000000000e+02, -1.190663615710531698e+00
9.135453391075134277e+01, 8.390000000000000000e+02, 6.730000000000000000e+02, -1.190663615710531698e+00
9.138707470893859863e+01, 8.400000000000000000e+02, 6.730000000000000000e+02, -1.190663615710531698e+00
9.141874885559082031e+01, 8.400000000000000000e+02, 6.730000000000000000e+02, -1.190663615710531698e+00
9.145100593566894531e+01, 8.400000000000000000e+02, 6.730000000000000000e+02, -1.190663615710531698e+00
9.148290085792541504e+01, 8.410000000000000000e+02, 6.730000000000000000e+02, -1.190663615710531698e+00
9.151447486877441406e+01, 8.400000000000000000e+02, 6.730000000000000000e+02, -1.190663615710531698e+00
9.154657196998596191e+01, 8.400000000000000000e+02, 6.730000000000000000e+02, -1.190663615710531698e+00
9.157889580726623535e+01, 8.400000000000000000e+02, 6.730000000000000000e+02, -1.190663615710531698e+00
9.161009669303894043e+01, 8.410000000000000000e+02, 6.730000000000000000e+02, -2.434734306532089665e+00
9.164071393013000488e+01, 8.400000000000000000e+02, 6.730000000000000000e+02, -2.434734306532089665e+00
9.165833187103271484e+01, 8.400000000000000000e+02, 6.730000000000000000e+02, -2.434734306532089665e+00
9.167427468299865723e+01, 8.430000000000000000e+02, 6.720000000000000000e+02, -1.148252114887069464e+00
9.170673990249633789e+01, 8.500000000000000000e+02, 6.690000000000000000e+02, -1.118406984677966287e+00
9.173909783363342285e+01, 8.560000000000000000e+02, 6.680000000000000000e+02, -1.107411410390402029e+00
9.177064585685729980e+01, 8.590000000000000000e+02, 6.650000000000000000e+02, -1.105840614063607008e+00
9.180293297767639160e+01, 8.610000000000000000e+02, 6.650000000000000000e+02, -1.107411410390402029e+00
9.183515787124633789e+01, 8.610000000000000000e+02, 6.650000000000000000e+02, -1.105840614063607008e+00
9.186666083335876465e+01, 8.610000000000000000e+02, 6.650000000000000000e+02, -1.105840614063607008e+00
9.189873266220092773e+01, 8.610000000000000000e+02, 6.650000000000000000e+02, -1.105840614063607008e+00
9.193076086044311523e+01, 8.610000000000000000e+02, 6.650000000000000000e+02, -1.107411410390402029e+00
9.196299076080322266e+01, 8.610000000000000000e+02, 6.650000000000000000e+02, -1.105840614063607008e+00
9.199481177330017090e+01, 8.610000000000000000e+02, 6.650000000000000000e+02, -1.105840614063607008e+00
9.202688169479370117e+01, 8.610000000000000000e+02, 6.650000000000000000e+02, -1.107411410390402029e+00
9.205897188186645508e+01, 8.610000000000000000e+02, 6.650000000000000000e+02, -1.105840614063607008e+00
9.209086179733276367e+01, 8.600000000000000000e+02, 6.650000000000000000e+02, -1.107411410390402029e+00
9.212287592887878418e+01, 8.610000000000000000e+02, 6.650000000000000000e+02, -1.105840614063607008e+00
9.215473198890686035e+01, 8.610000000000000000e+02, 6.650000000000000000e+02, -1.105840614063607008e+00
9.218680500984191895e+01, 8.610000000000000000e+02, 6.650000000000000000e+02, -1.105840614063607008e+00
9.221905994415283203e+01, 8.610000000000000000e+02, 6.650000000000000000e+02, -1.105840614063607008e+00
9.225063085556030273e+01, 8.610000000000000000e+02, 6.650000000000000000e+02, -1.105840614063607008e+00
9.228247976303100586e+01, 8.610000000000000000e+02, 6.650000000000000000e+02, -1.105840614063607008e+00
9.231469488143920898e+01, 8.610000000000000000e+02, 6.650000000000000000e+02, -1.107411410390402029e+00
9.234710288047790527e+01, 8.610000000000000000e+02, 6.650000000000000000e+02, -1.105840614063607008e+00
9.237892460823059082e+01, 8.610000000000000000e+02, 6.650000000000000000e+02, -1.105840614063607008e+00
9.241123199462890625e+01, 8.610000000000000000e+02, 6.650000000000000000e+02, -1.104269817736812209e+00
9.244288158416748047e+01, 8.610000000000000000e+02, 6.650000000000000000e+02, -9.409069997501430249e-01
9.247458982467651367e+01, 8.650000000000000000e+02, 6.620000000000000000e+02, -7.414158662471911354e-01
9.250715279579162598e+01, 9.240000000000000000e+02, 6.100000000000000000e+02, -6.565928646002667790e-01
9.253888177871704102e+01, 9.580000000000000000e+02, 5.480000000000000000e+02, -6.471680866394973197e-01
9.257055878639221191e+01, 9.730000000000000000e+02, 5.130000000000000000e+02, -6.455972903127024098e-01
9.260287570953369141e+01, 9.730000000000000000e+02, 5.120000000000000000e+02, -6.455972903127024098e-01
9.263456892967224121e+01, 9.650000000000000000e+02, 5.370000000000000000e+02, -6.440264939859075000e-01
9.266689372062683105e+01, 9.640000000000000000e+02, 5.360000000000000000e+02, -6.440264939859075000e-01
9.269865393638610840e+01, 9.640000000000000000e+02, 5.380000000000000000e+02, -6.440264939859075000e-01
9.273084378242492676e+01, 9.640000000000000000e+02, 5.380000000000000000e+02, -6.440264939859075000e-01
9.276267790794372559e+01, 9.640000000000000000e+02, 5.380000000000000000e+02, -6.440264939859075000e-01
9.279463076591491699e+01, 9.640000000000000000e+02, 5.380000000000000000e+02, -6.440264939859075000e-01
9.282659077644348145e+01, 9.630000000000000000e+02, 5.380000000000000000e+02, -6.440264939859075000e-01
9.285897779464721680e+01, 9.640000000000000000e+02, 5.370000000000000000e+02, -6.440264939859075000e-01
9.289087486267089844e+01, 9.640000000000000000e+02, 5.380000000000000000e+02, -6.440264939859075000e-01
9.292272472381591797e+01, 9.640000000000000000e+02, 5.370000000000000000e+02, -6.440264939859075000e-01
9.295438170433044434e+01, 9.630000000000000000e+02, 5.380000000000000000e+02, -6.440264939859075000e-01
9.298646092414855957e+01, 9.640000000000000000e+02, 5.380000000000000000e+02, -6.440264939859075000e-01
9.301825785636901855e+01, 9.630000000000000000e+02, 5.380000000000000000e+02, -6.440264939859075000e-01
9.305082082748413086e+01, 9.630000000000000000e+02, 5.370000000000000000e+02, -6.440264939859075000e-01
9.308270287513732910e+01, 9.640000000000000000e+02, 5.380000000000000000e+02, -6.440264939859075000e-01
9.311484289169311523e+01, 9.640000000000000000e+02, 5.380000000000000000e+02, -6.440264939859075000e-01
9.314674091339111328e+01, 9.640000000000000000e+02, 5.380000000000000000e+02, -6.440264939859075000e-01
9.317864680290222168e+01, 9.640000000000000000e+02, 5.380000000000000000e+02, -6.440264939859075000e-01
9.321271777153015137e+01, 9.640000000000000000e+02, 5.380000000000000000e+02, -2.434734306532089665e+00
9.324197888374328613e+01, 9.630000000000000000e+02, 5.380000000000000000e+02, -2.434734306532089665e+00
9.325895881652832031e+01, 9.620000000000000000e+02, 5.370000000000000000e+02, -8.874999246391164220e-01
9.329075193405151367e+01, 9.620000000000000000e+02, 5.420000000000000000e+02, -1.047721149972196120e+00
9.332216286659240723e+01, 9.490000000000000000e+02, 5.710000000000000000e+02, -1.097986632429632570e+00
9.335472369194030762e+01, 9.150000000000000000e+02, 6.210000000000000000e+02, -1.104269817736812209e+00
9.338704586029052734e+01, 8.690000000000000000e+02, 6.610000000000000000e+02, -1.104269817736812209e+00
9.341891789436340332e+01, 8.710000000000000000e+02, 6.610000000000000000e+02, -1.104269817736812209e+00
9.345071792602539062e+01, 8.640000000000000000e+02, 6.640000000000000000e+02, -1.104269817736812209e+00
9.348289775848388672e+01, 8.640000000000000000e+02, 6.640000000000000000e+02, -1.104269817736812209e+00
9.351461195945739746e+01, 8.640000000000000000e+02, 6.640000000000000000e+02, -1.104269817736812209e+00
9.354669880867004395e+01, 8.650000000000000000e+02, 6.640000000000000000e+02, -1.104269817736812209e+00
9.357838273048400879e+01, 8.650000000000000000e+02, 6.640000000000000000e+02, -1.104269817736812209e+00
9.361092877388000488e+01, 8.640000000000000000e+02, 6.640000000000000000e+02, -1.105840614063607008e+00
9.364258885383605957e+01, 8.640000000000000000e+02, 6.640000000000000000e+02, -1.163960078155018341e+00
9.367446494102478027e+01, 8.640000000000000000e+02, 6.640000000000000000e+02, -1.201659189998095956e+00
9.370666480064392090e+01, 8.540000000000000000e+02, 6.680000000000000000e+02, -1.211083967958865193e+00
9.373847293853759766e+01, 8.350000000000000000e+02, 6.740000000000000000e+02, -1.211083967958865193e+00
9.377094197273254395e+01, 8.330000000000000000e+02, 6.740000000000000000e+02, -1.211083967958865193e+00
9.380274677276611328e+01, 8.330000000000000000e+02, 6.740000000000000000e+02, -1.211083967958865193e+00
9.383458471298217773e+01, 8.320000000000000000e+02, 6.740000000000000000e+02, -1.211083967958865193e+00
9.386631083488464355e+01, 8.330000000000000000e+02, 6.740000000000000000e+02, -1.211083967958865193e+00
9.389894294738769531e+01, 8.330000000000000000e+02, 6.740000000000000000e+02, -1.211083967958865193e+00
9.393072175979614258e+01, 8.330000000000000000e+02, 6.750000000000000000e+02, -1.211083967958865193e+00
9.396247673034667969e+01, 8.330000000000000000e+02, 6.750000000000000000e+02, -1.211083967958865193e+00
9.399457883834838867e+01, 8.330000000000000000e+02, 6.750000000000000000e+02, -1.211083967958865193e+00
9.402656888961791992e+01, 8.330000000000000000e+02, 6.750000000000000000e+02, -1.211083967958865193e+00
9.405864882469177246e+01, 8.330000000000000000e+02, 6.740000000000000000e+02, -1.211083967958865193e+00
9.409049963951110840e+01, 8.330000000000000000e+02, 6.750000000000000000e+02, -1.211083967958865193e+00
9.412238073348999023e+01, 8.320000000000000000e+02, 6.750000000000000000e+02, -1.211083967958865193e+00
9.415471482276916504e+01, 8.330000000000000000e+02, 6.750000000000000000e+02, -1.211083967958865193e+00
9.418667793273925781e+01, 8.330000000000000000e+02, 6.750000000000000000e+02, -1.211083967958865193e+00
9.421881484985351562e+01, 8.330000000000000000e+02, 6.750000000000000000e+02, -1.211083967958865193e+00
9.425047087669372559e+01, 8.330000000000000000e+02, 6.750000000000000000e+02, -1.211083967958865193e+00
9.428257679939270020e+01, 8.330000000000000000e+02, 6.750000000000000000e+02, -1.211083967958865193e+00
9.431461191177368164e+01, 8.320000000000000000e+02, 6.750000000000000000e+02, -1.211083967958865193e+00
9.434683585166931152e+01, 8.320000000000000000e+02, 6.750000000000000000e+02, -1.211083967958865193e+00
9.437862873077392578e+01, 8.330000000000000000e+02, 6.750000000000000000e+02, -1.211083967958865193e+00
9.441103267669677734e+01, 8.330000000000000000e+02, 6.750000000000000000e+02, -2.434734306532089665e+00
9.444120192527770996e+01, 8.330000000000000000e+02, 6.750000000000000000e+02, -2.434734306532089665e+00
9.447342681884765625e+01, 8.590000000000000000e+02, 6.670000000000000000e+02, -2.434734306532089665e+00
9.449077987670898438e+01, 8.970000000000000000e+02, 6.390000000000000000e+02, -7.382742735936013156e-01
9.452255368232727051e+01, 9.250000000000000000e+02, 6.070000000000000000e+02, -5.686282702997524918e-01
9.455459284782409668e+01, 9.620000000000000000e+02, 5.390000000000000000e+02, -5.215043804959056395e-01
9.458661985397338867e+01, 9.820000000000000000e+02, 4.750000000000000000e+02, -5.183627878423159308e-01
9.461873364448547363e+01, 9.890000000000000000e+02, 4.410000000000000000e+02, -5.183627878423159308e-01
9.465083289146423340e+01, 9.910000000000000000e+02, 4.440000000000000000e+02, -5.183627878423159308e-01
9.468272781372070312e+01, 9.840000000000000000e+02, 4.800000000000000000e+02, -5.183627878423159308e-01
9.471484971046447754e+01, 9.800000000000000000e+02, 4.940000000000000000e+02, -5.183627878423159308e-01
9.474671268463134766e+01, 9.800000000000000000e+02, 4.950000000000000000e+02, -5.183627878423159308e-01
9.477853274345397949e+01, 9.800000000000000000e+02, 4.950000000000000000e+02, -5.183627878423159308e-01
9.481124877929687500e+01, 9.810000000000000000e+02, 4.950000000000000000e+02, -5.167919915155210209e-01
9.484253072738647461e+01, 9.820000000000000000e+02, 4.950000000000000000e+02, -3.879866927183394654e-01
9.487459087371826172e+01, 9.820000000000000000e+02, 4.940000000000000000e+02, -3.047344873982099633e-01
9.490641093254089355e+01, 9.940000000000000000e+02, 4.290000000000000000e+02, -2.858849314766711558e-01
9.493874669075012207e+01, 9.940000000000000000e+02, 3.790000000000000000e+02, -2.858849314766711558e-01
9.497045564651489258e+01, 9.930000000000000000e+02, 3.670000000000000000e+02, -2.858849314766711558e-01
9.500267887115478516e+01, 9.930000000000000000e+02, 3.900000000000000000e+02, -2.858849314766711558e-01
9.503452372550964355e+01, 9.950000000000000000e+02, 4.110000000000000000e+02, -2.858849314766711558e-01
9.506626367568969727e+01, 9.960000000000000000e+02, 4.120000000000000000e+02, -2.858849314766711558e-01
9.509858894348144531e+01, 9.950000000000000000e+02, 4.130000000000000000e+02, -2.858849314766711558e-01
9.513069486618041992e+01, 9.950000000000000000e+02, 4.130000000000000000e+02, -2.858849314766711558e-01
9.516244578361511230e+01, 9.960000000000000000e+02, 4.130000000000000000e+02, -2.858849314766711558e-01
9.519443368911743164e+01, 9.960000000000000000e+02, 4.130000000000000000e+02, -2.858849314766711558e-01
9.522693395614624023e+01, 9.960000000000000000e+02, 4.120000000000000000e+02, -2.858849314766711558e-01
9.525867390632629395e+01, 9.950000000000000000e+02, 4.130000000000000000e+02, -2.858849314766711558e-01
9.529076886177062988e+01, 9.950000000000000000e+02, 4.120000000000000000e+02, -2.858849314766711558e-01
9.532296276092529297e+01, 9.960000000000000000e+02, 4.130000000000000000e+02, -2.858849314766711558e-01
9.535468173027038574e+01, 9.950000000000000000e+02, 4.120000000000000000e+02, -2.858849314766711558e-01
9.538644075393676758e+01, 9.960000000000000000e+02, 4.120000000000000000e+02, -2.858849314766711558e-01
9.541886281967163086e+01, 9.960000000000000000e+02, 4.130000000000000000e+02, -2.858849314766711558e-01
9.545071673393249512e+01, 9.960000000000000000e+02, 4.120000000000000000e+02, -2.858849314766711558e-01
9.548285388946533203e+01, 9.960000000000000000e+02, 4.130000000000000000e+02, -2.858849314766711558e-01
9.551487469673156738e+01, 9.970000000000000000e+02, 4.130000000000000000e+02, -2.858849314766711558e-01
9.554667377471923828e+01, 9.950000000000000000e+02, 4.130000000000000000e+02, -2.858849314766711558e-01
9.557876086235046387e+01, 9.950000000000000000e+02, 4.130000000000000000e+02, -2.858849314766711558e-01
9.561113286018371582e+01, 9.950000000000000000e+02, 4.130000000000000000e+02, -2.434734306532089665e+00
9.564164781570434570e+01, 9.960000000000000000e+02, 4.120000000000000000e+02, -2.434734306532089665e+00
9.565867686271667480e+01, 9.960000000000000000e+02, 4.130000000000000000e+02, -4.445353604829556660e-01
9.569088172912597656e+01, 9.950000000000000000e+02, 4.150000000000000000e+02, -4.775220833456485514e-01
9.572293567657470703e+01, 9.910000000000000000e+02, 4.440000000000000000e+02, -4.743804906920587316e-01
9.575458884239196777e+01, 9.850000000000000000e+02, 4.750000000000000000e+02, -4.712388980384689674e-01
9.578676080703735352e+01, 9.850000000000000000e+02, 4.790000000000000000e+02, -4.712388980384689674e-01
9.581887888908386230e+01, 9.850000000000000000e+02, 4.790000000000000000e+02, -4.712388980384689674e-01
9.585064077377319336e+01, 9.850000000000000000e+02, 4.790000000000000000e+02, -4.712388980384689674e-01
9.588283872604370117e+01, 9.850000000000000000e+02, 4.790000000000000000e+02, -4.712388980384689674e-01
9.591448497772216797e+01, 9.850000000000000000e+02, 4.790000000000000000e+02, -4.712388980384689674e-01
9.594662880897521973e+01, 9.840000000000000000e+02, 4.790000000000000000e+02, -4.712388980384689674e-01
9.597865986824035645e+01, 9.840000000000000000e+02, 4.790000000000000000e+02, -4.712388980384689674e-01
9.601139092445373535e+01, 9.850000000000000000e+02, 4.780000000000000000e+02, -4.696681017116740575e-01
9.604289674758911133e+01, 9.850000000000000000e+02, 4.780000000000000000e+02, -3.769911184307751517e-01
9.607446384429931641e+01, 9.840000000000000000e+02, 4.770000000000000000e+02, -3.220132469929537500e-01
9.610683083534240723e+01, 9.920000000000000000e+02, 4.300000000000000000e+02, -3.110176727053895473e-01
9.613860464096069336e+01, 9.940000000000000000e+02, 4.080000000000000000e+02, -3.094468763785946375e-01
9.617058372497558594e+01, 9.930000000000000000e+02, 4.190000000000000000e+02, -3.094468763785946375e-01
9.620260095596313477e+01, 9.930000000000000000e+02, 4.200000000000000000e+02, -3.094468763785946375e-01
9.623461771011352539e+01, 9.930000000000000000e+02, 4.200000000000000000e+02, -3.094468763785946375e-01
9.626689791679382324e+01, 9.930000000000000000e+02, 4.200000000000000000e+02, -3.094468763785946375e-01
9.629871892929077148e+01, 9.930000000000000000e+02, 4.200000000000000000e+02, -3.094468763785946375e-01
9.633042383193969727e+01, 9.930000000000000000e+02, 4.190000000000000000e+02, -3.094468763785946375e-01
9.636246490478515625e+01, 9.930000000000000000e+02, 4.200000000000000000e+02, -3.094468763785946375e-01
9.639459991455078125e+01, 9.940000000000000000e+02, 4.200000000000000000e+02, -3.094468763785946375e-01
9.642597389221191406e+01, 9.930000000000000000e+02, 4.210000000000000000e+02, -3.094468763785946375e-01
9.645862078666687012e+01, 9.940000000000000000e+02, 4.200000000000000000e+02, -3.094468763785946375e-01
9.649056982994079590e+01, 9.940000000000000000e+02, 4.210000000000000000e+02, -3.094468763785946375e-01
9.652283072471618652e+01, 9.940000000000000000e+02, 4.200000000000000000e+02, -3.094468763785946375e-01
9.655441379547119141e+01, 9.940000000000000000e+02, 4.200000000000000000e+02, -3.094468763785946375e-01
9.658679389953613281e+01, 9.940000000000000000e+02, 4.200000000000000000e+02, -3.110176727053895473e-01
9.661871576309204102e+01, 9.940000000000000000e+02, 4.200000000000000000e+02, -3.094468763785946375e-01
9.665053176879882812e+01, 9.940000000000000000e+02, 4.200000000000000000e+02, -3.094468763785946375e-01
9.668261504173278809e+01, 9.940000000000000000e+02, 4.210000000000000000e+02, -3.094468763785946375e-01
9.671434187889099121e+01, 9.930000000000000000e+02, 4.200000000000000000e+02, -3.094468763785946375e-01
9.674676394462585449e+01, 9.940000000000000000e+02, 4.200000000000000000e+02, -3.094468763785946375e-01
9.677850699424743652e+01, 9.930000000000000000e+02, 4.210000000000000000e+02, -3.094468763785946375e-01
9.681143879890441895e+01, 9.930000000000000000e+02, 4.200000000000000000e+02, -3.125884690321844572e-01
9.684288573265075684e+01, 9.930000000000000000e+02, 4.200000000000000000e+02, -4.602433237509046537e-01
9.687485575675964355e+01, 9.930000000000000000e+02, 4.210000000000000000e+02, -5.544911033585984139e-01
9.690660285949707031e+01, 9.920000000000000000e+02, 4.400000000000000000e+02, -5.764822519337270412e-01
9.693865084648132324e+01, 9.800000000000000000e+02, 4.910000000000000000e+02, -5.796238445873168610e-01
9.697098374366760254e+01, 9.760000000000000000e+02, 5.050000000000000000e+02, -5.811946409141117709e-01
9.700262975692749023e+01, 9.750000000000000000e+02, 5.100000000000000000e+02, -5.811946409141117709e-01
9.703453588485717773e+01, 9.740000000000000000e+02, 5.110000000000000000e+02, -5.811946409141117709e-01
9.706656002998352051e+01, 9.740000000000000000e+02, 5.100000000000000000e+02, -5.811946409141117709e-01
9.709860181808471680e+01, 9.750000000000000000e+02, 5.110000000000000000e+02, -5.811946409141117709e-01
9.713060402870178223e+01, 9.750000000000000000e+02, 5.100000000000000000e+02, -5.811946409141117709e-01
9.716240167617797852e+01, 9.750000000000000000e+02, 5.110000000000000000e+02, -5.811946409141117709e-01
9.719458985328674316e+01, 9.740000000000000000e+02, 5.110000000000000000e+02, -5.811946409141117709e-01
9.722662091255187988e+01, 9.750000000000000000e+02, 5.100000000000000000e+02, -5.811946409141117709e-01
9.725868391990661621e+01, 9.750000000000000000e+02, 5.110000000000000000e+02, -5.811946409141117709e-01
9.729077196121215820e+01, 9.750000000000000000e+02, 5.110000000000000000e+02, -5.811946409141117709e-01
9.732261562347412109e+01, 9.750000000000000000e+02, 5.110000000000000000e+02, -5.811946409141117709e-01
9.735459303855895996e+01, 9.740000000000000000e+02, 5.110000000000000000e+02, -5.811946409141117709e-01
9.738687896728515625e+01, 9.740000000000000000e+02, 5.110000000000000000e+02, -5.811946409141117709e-01
9.741848778724670410e+01, 9.750000000000000000e+02, 5.110000000000000000e+02, -5.811946409141117709e-01
9.745008277893066406e+01, 9.750000000000000000e+02, 5.110000000000000000e+02, -5.811946409141117709e-01
9.748240876197814941e+01, 9.740000000000000000e+02, 5.110000000000000000e+02, -5.811946409141117709e-01
9.751459288597106934e+01, 9.740000000000000000e+02, 5.110000000000000000e+02, -5.811946409141117709e-01
9.754631662368774414e+01, 9.750000000000000000e+02, 5.110000000000000000e+02, -5.811946409141117709e-01
9.757847976684570312e+01, 9.750000000000000000e+02, 5.110000000000000000e+02, -5.811946409141117709e-01
9.761075782775878906e+01, 9.750000000000000000e+02, 5.110000000000000000e+02, -2.434734306532089665e+00
9.764150571823120117e+01, 9.740000000000000000e+02, 5.110000000000000000e+02, -2.434734306532089665e+00
9.767394185066223145e+01, 9.730000000000000000e+02, 5.170000000000000000e+02, -2.434734306532089665e+00
9.770402193069458008e+01, 9.590000000000000000e+02, 5.500000000000000000e+02, -2.434734306532089665e+00
9.773624277114868164e+01, 9.250000000000000000e+02, 6.080000000000000000e+02, -2.434734306532089665e+00
9.775425791740417480e+01, 8.980000000000000000e+02, 6.400000000000000000e+02, -2.434734306532089665e+00
9.777007579803466797e+01, 8.680000000000000000e+02, 6.610000000000000000e+02, -1.138827336926300005e+00
9.780234861373901367e+01, 8.710000000000000000e+02, 6.590000000000000000e+02, -1.193805208364121295e+00
9.783441686630249023e+01, 8.670000000000000000e+02, 6.610000000000000000e+02, -1.209513171632070394e+00
9.786622691154479980e+01, 8.500000000000000000e+02, 6.680000000000000000e+02, -1.211083967958865193e+00
9.789816379547119141e+01, 8.340000000000000000e+02, 6.750000000000000000e+02, -1.211083967958865193e+00
9.793058466911315918e+01, 8.320000000000000000e+02, 6.750000000000000000e+02, -1.211083967958865193e+00
9.796257090568542480e+01, 8.320000000000000000e+02, 6.750000000000000000e+02, -1.211083967958865193e+00
9.799447870254516602e+01, 8.320000000000000000e+02, 6.750000000000000000e+02, -1.211083967958865193e+00
9.802641272544860840e+01, 8.320000000000000000e+02, 6.750000000000000000e+02, -1.211083967958865193e+00
9.805869269371032715e+01, 8.310000000000000000e+02, 6.750000000000000000e+02, -1.211083967958865193e+00
9.809018874168395996e+01, 8.310000000000000000e+02, 6.750000000000000000e+02, -1.211083967958865193e+00
9.812219977378845215e+01, 8.320000000000000000e+02, 6.750000000000000000e+02, -1.211083967958865193e+00
9.815473484992980957e+01, 8.320000000000000000e+02, 6.750000000000000000e+02, -1.211083967958865193e+00
9.818672776222229004e+01, 8.320000000000000000e+02, 6.750000000000000000e+02, -1.211083967958865193e+00
9.821823573112487793e+01, 8.330000000000000000e+02, 6.750000000000000000e+02, -1.211083967958865193e+00
9.825054478645324707e+01, 8.320000000000000000e+02, 6.750000000000000000e+02, -1.211083967958865193e+00
9.828246498107910156e+01, 8.320000000000000000e+02, 6.750000000000000000e+02, -1.211083967958865193e+00
9.831455183029174805e+01, 8.310000000000000000e+02, 6.750000000000000000e+02, -1.211083967958865193e+00
9.834638071060180664e+01, 8.310000000000000000e+02, 6.750000000000000000e+02, -1.211083967958865193e+00
9.837826681137084961e+01, 8.320000000000000000e+02, 6.750000000000000000e+02, -1.211083967958865193e+00
9.841134691238403320e+01, 8.320000000000000000e+02, 6.750000000000000000e+02, -2.434734306532089665e+00
9.843925189971923828e+01, 8.310000000000000000e+02, 6.750000000000000000e+02, -2.434734306532089665e+00
9.847290587425231934e+01, 8.590000000000000000e+02, 6.670000000000000000e+02, -2.434734306532089665e+00
9.850422191619873047e+01, 9.190000000000000000e+02, 6.130000000000000000e+02, -2.434734306532089665e+00
9.852334880828857422e+01, 9.360000000000000000e+02, 5.890000000000000000e+02, -9.723229262860410005e-01
9.855463981628417969e+01, 9.480000000000000000e+02, 5.700000000000000000e+02, -9.519025740377072831e-01
9.858638572692871094e+01, 9.550000000000000000e+02, 5.550000000000000000e+02, -9.346238144429633854e-01
9.861853384971618652e+01, 9.500000000000000000e+02, 5.680000000000000000e+02, -9.299114254625787668e-01
9.865050864219665527e+01, 9.270000000000000000e+02, 6.040000000000000000e+02, -9.283406291357838569e-01
9.868244385719299316e+01, 9.090000000000000000e+02, 6.260000000000000000e+02, -9.267698328089889470e-01
9.871439576148986816e+01, 9.090000000000000000e+02, 6.280000000000000000e+02, -9.267698328089889470e-01
9.874639892578125000e+01, 9.080000000000000000e+02, 6.270000000000000000e+02, -9.267698328089889470e-01
9.877850580215454102e+01, 9.080000000000000000e+02, 6.270000000000000000e+02, -9.267698328089889470e-01
9.881108474731445312e+01, 9.080000000000000000e+02, 6.270000000000000000e+02, -9.267698328089889470e-01
9.884246563911437988e+01, 9.080000000000000000e+02, 6.280000000000000000e+02, -9.173450548482194877e-01
9.887442564964294434e+01, 9.080000000000000000e+02, 6.270000000000000000e+02, -9.110618695410399592e-01
9.890646076202392578e+01, 9.110000000000000000e+02, 6.250000000000000000e+02, -9.094910732142450493e-01
9.893841099739074707e+01, 9.110000000000000000e+02, 6.240000000000000000e+02, -9.110618695410399592e-01
9.897054076194763184e+01, 9.110000000000000000e+02, 6.240000000000000000e+02, -9.110618695410399592e-01
9.900257468223571777e+01, 9.110000000000000000e+02, 6.240000000000000000e+02, -9.110618695410399592e-01
9.903420686721801758e+01, 9.120000000000000000e+02, 6.240000000000000000e+02, -9.094910732142450493e-01
9.906657886505126953e+01, 9.110000000000000000e+02, 6.240000000000000000e+02, -9.094910732142450493e-01
9.909847283363342285e+01, 9.110000000000000000e+02, 6.240000000000000000e+02, -9.094910732142450493e-01
9.913057589530944824e+01, 9.110000000000000000e+02, 6.240000000000000000e+02, -9.110618695410399592e-01
9.916251182556152344e+01, 9.110000000000000000e+02, 6.230000000000000000e+02, -9.094910732142450493e-01
9.919463396072387695e+01, 9.110000000000000000e+02, 6.240000000000000000e+02, -9.110618695410399592e-01
9.922626376152038574e+01, 9.110000000000000000e+02, 6.240000000000000000e+02, -9.110618695410399592e-01
9.925846576690673828e+01, 9.110000000000000000e+02, 6.230000000000000000e+02, -9.094910732142450493e-01
9.929035282135009766e+01, 9.110000000000000000e+02, 6.240000000000000000e+02, -9.094910732142450493e-01
9.932255268096923828e+01, 9.110000000000000000e+02, 6.240000000000000000e+02, -9.094910732142450493e-01
9.935437083244323730e+01, 9.100000000000000000e+02, 6.240000000000000000e+02, -9.110618695410399592e-01
9.938640379905700684e+01, 9.120000000000000000e+02, 6.230000000000000000e+02, -9.094910732142450493e-01
9.941816186904907227e+01, 9.110000000000000000e+02, 6.230000000000000000e+02, -9.110618695410399592e-01
9.945036268234252930e+01, 9.110000000000000000e+02, 6.240000000000000000e+02, -9.110618695410399592e-01
9.948238778114318848e+01, 9.110000000000000000e+02, 6.230000000000000000e+02, -9.094910732142450493e-01
9.951430082321166992e+01, 9.110000000000000000e+02, 6.240000000000000000e+02, -9.094910732142450493e-01
9.954623174667358398e+01, 9.110000000000000000e+02, 6.230000000000000000e+02, -9.094910732142450493e-01
9.957847881317138672e+01, 9.110000000000000000e+02, 6.240000000000000000e+02, -9.094910732142450493e-01
9.961099290847778320e+01, 9.110000000000000000e+02, 6.240000000000000000e+02, -9.079202768874501395e-01
9.964223980903625488e+01, 9.120000000000000000e+02, 6.240000000000000000e+02, -7.445574589007809552e-01
9.967423987388610840e+01, 9.160000000000000000e+02, 6.190000000000000000e+02, -5.230751768227005494e-01
9.970664381980895996e+01, 9.600000000000000000e+02, 5.450000000000000000e+02, -4.052654523130833075e-01
9.973834800720214844e+01, 9.820000000000000000e+02, 4.750000000000000000e+02, -3.848451000647496456e-01
9.977043771743774414e+01, 9.910000000000000000e+02, 4.200000000000000000e+02, -3.848451000647496456e-01
9.980276870727539062e+01, 9.930000000000000000e+02, 4.000000000000000000e+02, -3.848451000647496456e-01
9.983431601524353027e+01, 9.920000000000000000e+02, 4.150000000000000000e+02, -3.848451000647496456e-01
9.986612391471862793e+01, 9.870000000000000000e+02, 4.470000000000000000e+02, -3.848451000647496456e-01
9.989759588241577148e+01, 9.870000000000000000e+02, 4.480000000000000000e+02, -3.848451000647496456e-01
9.993034791946411133e+01, 9.870000000000000000e+02, 4.480000000000000000e+02, -3.848451000647496456e-01
9.996254277229309082e+01, 9.870000000000000000e+02, 4.490000000000000000e+02, -3.848451000647496456e-01
9.999411463737487793e+01, 9.880000000000000000e+02, 4.480000000000000000e+02, -3.848451000647496456e-01
1.000264809131622314e+02, 9.880000000000000000e+02, 4.490000000000000000e+02, -3.848451000647496456e-01
1.000584998130798340e+02, 9.870000000000000000e+02, 4.480000000000000000e+02, -3.848451000647496456e-01
1.000905280113220215e+02, 9.880000000000000000e+02, 4.490000000000000000e+02, -3.848451000647496456e-01
1.001221728324890137e+02, 9.880000000000000000e+02, 4.480000000000000000e+02, -3.848451000647496456e-01
1.001546139717102051e+02, 9.870000000000000000e+02, 4.480000000000000000e+02, -3.848451000647496456e-01
1.001863076686859131e+02, 9.880000000000000000e+02, 4.480000000000000000e+02, -3.848451000647496456e-01
1.002183947563171387e+02, 9.870000000000000000e+02, 4.490000000000000000e+02, -3.848451000647496456e-01
1.002503187656402588e+02, 9.880000000000000000e+02, 4.480000000000000000e+02, -3.848451000647496456e-01
1.002823369503021240e+02, 9.890000000000000000e+02, 4.490000000000000000e+02, -3.848451000647496456e-01
1.003145148754119873e+02, 9.880000000000000000e+02, 4.480000000000000000e+02, -3.848451000647496456e-01
1.003465988636016846e+02, 9.880000000000000000e+02, 4.480000000000000000e+02, -3.848451000647496456e-01
1.003782968521118164e+02, 9.870000000000000000e+02, 4.480000000000000000e+02, -3.848451000647496456e-01
1.004102840423583984e+02, 9.880000000000000000e+02, 4.490000000000000000e+02, -3.895574890451343197e-01
1.004424870014190674e+02, 9.880000000000000000e+02, 4.480000000000000000e+02, -5.607742886657780534e-01
1.004744336605072021e+02, 9.880000000000000000e+02, 4.490000000000000000e+02, -7.869689597242431889e-01
1.005066256523132324e+02, 9.840000000000000000e+02, 4.670000000000000000e+02, -9.283406291357838569e-01
1.005379257202148438e+02, 9.710000000000000000e+02, 5.180000000000000000e+02, -9.613273519984766313e-01
1.005703828334808350e+02, 9.330000000000000000e+02, 5.950000000000000000e+02, -9.660397409788613610e-01
1.006020338535308838e+02, 9.080000000000000000e+02, 6.290000000000000000e+02, -9.691813336324511807e-01
1.006335837841033936e+02, 9.010000000000000000e+02, 6.360000000000000000e+02, -9.691813336324511807e-01
1.006664597988128662e+02, 9.010000000000000000e+02, 6.380000000000000000e+02, -9.691813336324511807e-01
1.006983177661895752e+02, 9.010000000000000000e+02, 6.380000000000000000e+02, -9.691813336324511807e-01
1.007304627895355225e+02, 9.000000000000000000e+02, 6.370000000000000000e+02, -9.676105373056562708e-01
1.007624309062957764e+02, 9.000000000000000000e+02, 6.380000000000000000e+02, -9.691813336324511807e-01
1.007941048145294189e+02, 9.000000000000000000e+02, 6.370000000000000000e+02, -9.691813336324511807e-01
1.008265998363494873e+02, 9.000000000000000000e+02, 6.370000000000000000e+02, -9.676105373056562708e-01
1.008581776618957520e+02, 9.000000000000000000e+02, 6.370000000000000000e+02, -9.691813336324511807e-01
1.008904807567596436e+02, 9.000000000000000000e+02, 6.370000000000000000e+02, -9.676105373056562708e-01
1.009223227500915527e+02, 9.000000000000000000e+02, 6.370000000000000000e+02, -9.691813336324511807e-01
1.009547729492187500e+02, 9.000000000000000000e+02, 6.370000000000000000e+02, -9.691813336324511807e-01
1.009864597320556641e+02, 9.000000000000000000e+02, 6.370000000000000000e+02, -9.691813336324511807e-01
1.010186419486999512e+02, 9.000000000000000000e+02, 6.370000000000000000e+02, -9.691813336324511807e-01
1.010503697395324707e+02, 9.000000000000000000e+02, 6.370000000000000000e+02, -9.691813336324511807e-01
1.010827107429504395e+02, 9.000000000000000000e+02, 6.370000000000000000e+02, -9.691813336324511807e-01
1.011143867969512939e+02, 9.000000000000000000e+02, 6.360000000000000000e+02, -9.691813336324511807e-01
1.011462447643280029e+02, 9.000000000000000000e+02, 6.370000000000000000e+02, -9.676105373056562708e-01
1.011781768798828125e+02, 9.000000000000000000e+02, 6.360000000000000000e+02, -9.691813336324511807e-01
1.012120528221130371e+02, 9.010000000000000000e+02, 6.370000000000000000e+02, -2.434734306532089665e+00
1.012393789291381836e+02, 9.000000000000000000e+02, 6.370000000000000000e+02, -2.434734306532089665e+00
1.012690587043762207e+02, 8.990000000000000000e+02, 6.370000000000000000e+02, -9.754645189396307092e-01
1.013065297603607178e+02, 9.020000000000000000e+02, 6.350000000000000000e+02, -1.011592834455913303e+00
1.013386087417602539e+02, 8.970000000000000000e+02, 6.400000000000000000e+02, -1.017876019763092943e+00
1.013703448772430420e+02, 8.910000000000000000e+02, 6.460000000000000000e+02, -1.017876019763092943e+00
1.014023606777191162e+02, 8.900000000000000000e+02, 6.480000000000000000e+02, -1.017876019763092943e+00
1.014345147609710693e+02, 8.890000000000000000e+02, 6.470000000000000000e+02, -1.017876019763092943e+00
1.014663989543914795e+02, 8.890000000000000000e+02, 6.470000000000000000e+02, -1.017876019763092943e+00
1.014971628189086914e+02, 8.900000000000000000e+02, 6.460000000000000000e+02, -1.017876019763092943e+00
1.015301828384399414e+02, 8.890000000000000000e+02, 6.470000000000000000e+02, -1.017876019763092943e+00
1.015618827342987061e+02, 8.890000000000000000e+02, 6.470000000000000000e+02, -1.017876019763092943e+00
1.015943188667297363e+02, 8.890000000000000000e+02, 6.470000000000000000e+02, -1.017876019763092943e+00
1.016262238025665283e+02, 8.890000000000000000e+02, 6.470000000000000000e+02, -1.017876019763092943e+00
1.016585168838500977e+02, 8.890000000000000000e+02, 6.480000000000000000e+02, -1.017876019763092943e+00
1.016903867721557617e+02, 8.900000000000000000e+02, 6.470000000000000000e+02, -1.017876019763092943e+00
1.017224037647247314e+02, 8.890000000000000000e+02, 6.470000000000000000e+02, -1.017876019763092943e+00
1.017544138431549072e+02, 8.890000000000000000e+02, 6.480000000000000000e+02, -1.017876019763092943e+00
1.017862627506256104e+02, 8.890000000000000000e+02, 6.470000000000000000e+02, -1.017876019763092943e+00
1.018182609081268311e+02, 8.890000000000000000e+02, 6.470000000000000000e+02, -1.017876019763092943e+00
1.018504939079284668e+02, 8.890000000000000000e+02, 6.470000000000000000e+02, -1.017876019763092943e+00
1.018824617862701416e+02, 8.890000000000000000e+02, 6.470000000000000000e+02, -1.017876019763092943e+00
1.019146790504455566e+02, 8.890000000000000000e+02, 6.470000000000000000e+02, -1.017876019763092943e+00
1.019462528228759766e+02, 8.900000000000000000e+02, 6.470000000000000000e+02, -1.017876019763092943e+00
1.019783987998962402e+02, 8.890000000000000000e+02, 6.470000000000000000e+02, -1.017876019763092943e+00
1.020112297534942627e+02, 8.900000000000000000e+02, 6.470000000000000000e+02, -2.434734306532089665e+00
1.020421056747436523e+02, 8.890000000000000000e+02, 6.480000000000000000e+02, -2.434734306532089665e+00
1.020729086399078369e+02, 9.030000000000000000e+02, 6.330000000000000000e+02, -2.434734306532089665e+00
1.021053349971771240e+02, 9.520000000000000000e+02, 5.610000000000000000e+02, -2.434734306532089665e+00
1.021342887878417969e+02, 9.720000000000000000e+02, 5.140000000000000000e+02, -2.434734306532089665e+00
1.021692175865173340e+02, 9.770000000000000000e+02, 4.970000000000000000e+02, -2.434734306532089665e+00
1.021860527992248535e+02, 9.760000000000000000e+02, 5.000000000000000000e+02, -2.434734306532089665e+00
1.022021398544311523e+02, 9.810000000000000000e+02, 4.780000000000000000e+02, -4.932300466135975392e-01
1.022340028285980225e+02, 9.850000000000000000e+02, 4.600000000000000000e+02, -5.529203070318035040e-01
1.022663588523864746e+02, 9.870000000000000000e+02, 4.480000000000000000e+02, -5.733406592801372215e-01
1.022984046936035156e+02, 9.840000000000000000e+02, 4.710000000000000000e+02, -5.764822519337270412e-01
1.023302798271179199e+02, 9.740000000000000000e+02, 5.060000000000000000e+02, -5.780530482605219511e-01
1.023622858524322510e+02, 9.730000000000000000e+02, 5.090000000000000000e+02, -5.780530482605219511e-01
1.023941047191619873e+02, 9.740000000000000000e+02, 5.100000000000000000e+02, -5.780530482605219511e-01
1.024260008335113525e+02, 9.740000000000000000e+02, 5.100000000000000000e+02, -5.780530482605219511e-01
1.024585196971893311e+02, 9.740000000000000000e+02, 5.100000000000000000e+02, -5.796238445873168610e-01
1.024901466369628906e+02, 9.730000000000000000e+02, 5.100000000000000000e+02, -5.796238445873168610e-01
1.025222258567810059e+02, 9.730000000000000000e+02, 5.100000000000000000e+02, -5.796238445873168610e-01
1.025542588233947754e+02, 9.730000000000000000e+02, 5.100000000000000000e+02, -5.796238445873168610e-01
1.025862846374511719e+02, 9.730000000000000000e+02, 5.100000000000000000e+02, -5.796238445873168610e-01
1.026186249256134033e+02, 9.740000000000000000e+02, 5.100000000000000000e+02, -5.796238445873168610e-01
1.026502428054809570e+02, 9.730000000000000000e+02, 5.100000000000000000e+02, -5.796238445873168610e-01
1.026823549270629883e+02, 9.740000000000000000e+02, 5.110000000000000000e+02, -5.796238445873168610e-01
1.027141947746276855e+02, 9.740000000000000000e+02, 5.100000000000000000e+02, -5.796238445873168610e-01
1.027460947036743164e+02, 9.740000000000000000e+02, 5.100000000000000000e+02, -5.796238445873168610e-01
1.027782609462738037e+02, 9.730000000000000000e+02, 5.100000000000000000e+02, -5.796238445873168610e-01
1.028112368583679199e+02, 9.740000000000000000e+02, 5.090000000000000000e+02, -5.811946409141117709e-01
1.028426496982574463e+02, 9.720000000000000000e+02, 5.090000000000000000e+02, -7.099999397112932709e-01
1.028740868568420410e+02, 9.720000000000000000e+02, 5.100000000000000000e+02, -7.885397560510380988e-01
1.029064347743988037e+02, 9.630000000000000000e+02, 5.320000000000000000e+02, -8.073893119725767953e-01
1.029382598400115967e+02, 9.420000000000000000e+02, 5.810000000000000000e+02, -8.105309046261666150e-01
1.029700388908386230e+02, 9.380000000000000000e+02, 5.880000000000000000e+02, -8.105309046261666150e-01
1.030025107860565186e+02, 9.370000000000000000e+02, 5.890000000000000000e+02, -8.105309046261666150e-01
1.030344278812408447e+02, 9.380000000000000000e+02, 5.890000000000000000e+02, -8.121017009529615249e-01
1.030664787292480469e+02, 9.370000000000000000e+02, 5.890000000000000000e+02, -8.105309046261666150e-01
1.030984067916870117e+02, 9.380000000000000000e+02, 5.890000000000000000e+02, -8.121017009529615249e-01
1.031302189826965332e+02, 9.370000000000000000e+02, 5.880000000000000000e+02, -8.105309046261666150e-01
1.031619079113006592e+02, 9.370000000000000000e+02, 5.880000000000000000e+02, -8.121017009529615249e-01
1.031943318843841553e+02, 9.380000000000000000e+02, 5.900000000000000000e+02, -8.105309046261666150e-01
1.032263360023498535e+02, 9.380000000000000000e+02, 5.890000000000000000e+02, -8.121017009529615249e-01
1.032578527927398682e+02, 9.380000000000000000e+02, 5.890000000000000000e+02, -8.105309046261666150e-01
1.032904357910156250e+02, 9.370000000000000000e+02, 5.890000000000000000e+02, -8.105309046261666150e-01
1.033221437931060791e+02, 9.380000000000000000e+02, 5.890000000000000000e+02, -8.105309046261666150e-01
1.033542096614837646e+02, 9.380000000000000000e+02, 5.880000000000000000e+02, -8.105309046261666150e-01
1.033864629268646240e+02, 9.380000000000000000e+02, 5.880000000000000000e+02, -8.105309046261666150e-01
1.034180378913879395e+02, 9.370000000000000000e+02, 5.890000000000000000e+02, -8.121017009529615249e-01
1.034502878189086914e+02, 9.380000000000000000e+02, 5.880000000000000000e+02, -8.105309046261666150e-01
1.034825615882873535e+02, 9.370000000000000000e+02, 5.880000000000000000e+02, -8.121017009529615249e-01
1.035141668319702148e+02, 9.370000000000000000e+02, 5.880000000000000000e+02, -8.121017009529615249e-01
1.035461947917938232e+02, 9.370000000000000000e+02, 5.880000000000000000e+02, -8.121017009529615249e-01
1.035782067775726318e+02, 9.380000000000000000e+02, 5.890000000000000000e+02, -8.105309046261666150e-01
1.036109659671783447e+02, 9.370000000000000000e+02, 5.900000000000000000e+02, -8.121017009529615249e-01
1.036422619819641113e+02, 9.380000000000000000e+02, 5.890000000000000000e+02, -9.644689446520664511e-01
1.036741209030151367e+02, 9.370000000000000000e+02, 5.890000000000000000e+02, -1.083849465488478492e+00
1.037063758373260498e+02, 9.230000000000000000e+02, 6.070000000000000000e+02, -1.110553003043991849e+00
1.037382478713989258e+02, 8.950000000000000000e+02, 6.410000000000000000e+02, -1.112123799370786648e+00
1.037702839374542236e+02, 8.640000000000000000e+02, 6.630000000000000000e+02, -1.112123799370786648e+00
1.038023507595062256e+02, 8.620000000000000000e+02, 6.630000000000000000e+02, -1.112123799370786648e+00
1.038342149257659912e+02, 8.600000000000000000e+02, 6.640000000000000000e+02, -1.112123799370786648e+00
1.038661818504333496e+02, 8.600000000000000000e+02, 6.650000000000000000e+02, -1.112123799370786648e+00
1.038982598781585693e+02, 8.600000000000000000e+02, 6.640000000000000000e+02, -1.112123799370786648e+00
1.039300968647003174e+02, 8.610000000000000000e+02, 6.650000000000000000e+02, -1.112123799370786648e+00
1.039620628356933594e+02, 8.600000000000000000e+02, 6.640000000000000000e+02, -1.112123799370786648e+00
1.039940967559814453e+02, 8.600000000000000000e+02, 6.640000000000000000e+02, -1.112123799370786648e+00
1.040259437561035156e+02, 8.610000000000000000e+02, 6.640000000000000000e+02, -1.112123799370786648e+00
1.040582036972045898e+02, 8.610000000000000000e+02, 6.650000000000000000e+02, -1.112123799370786648e+00
1.040903167724609375e+02, 8.600000000000000000e+02, 6.650000000000000000e+02, -1.112123799370786648e+00
1.041220018863677979e+02, 8.600000000000000000e+02, 6.650000000000000000e+02, -1.112123799370786648e+00
1.041543917655944824e+02, 8.600000000000000000e+02, 6.640000000000000000e+02, -1.112123799370786648e+00
1.041862189769744873e+02, 8.610000000000000000e+02, 6.640000000000000000e+02, -1.112123799370786648e+00
1.042181849479675293e+02, 8.600000000000000000e+02, 6.650000000000000000e+02, -1.112123799370786648e+00
1.042501037120819092e+02, 8.610000000000000000e+02, 6.640000000000000000e+02, -1.112123799370786648e+00
1.042821407318115234e+02, 8.610000000000000000e+02, 6.640000000000000000e+02, -1.112123799370786648e+00
1.043138477802276611e+02, 8.600000000000000000e+02, 6.650000000000000000e+02, -1.112123799370786648e+00
1.043462159633636475e+02, 8.600000000000000000e+02, 6.650000000000000000e+02, -1.112123799370786648e+00
1.043778717517852783e+02, 8.600000000000000000e+02, 6.640000000000000000e+02, -1.112123799370786648e+00
1.044102299213409424e+02, 8.610000000000000000e+02, 6.650000000000000000e+02, -1.110553003043991849e+00
1.044420847892761230e+02, 8.610000000000000000e+02, 6.640000000000000000e+02, -9.424777960769379348e-01
1.044742226600646973e+02, 8.650000000000000000e+02, 6.630000000000000000e+02, -7.367034772668064058e-01
1.045065369606018066e+02, 9.280000000000000000e+02, 6.030000000000000000e+02, -6.518804756198820494e-01
1.045383229255676270e+02, 9.610000000000000000e+02, 5.430000000000000000e+02, -6.408849013323177912e-01
1.045700809955596924e+02, 9.710000000000000000e+02, 5.160000000000000000e+02, -6.408849013323177912e-01
1.046022949218750000e+02, 9.700000000000000000e+02, 5.190000000000000000e+02, -6.393141050055228813e-01
1.046342558860778809e+02, 9.640000000000000000e+02, 5.340000000000000000e+02, -6.393141050055228813e-01
1.046662526130676270e+02, 9.640000000000000000e+02, 5.360000000000000000e+02, -6.393141050055228813e-01
1.046982309818267822e+02, 9.640000000000000000e+02, 5.360000000000000000e+02, -6.393141050055228813e-01
1.047300758361816406e+02, 9.630000000000000000e+02, 5.360000000000000000e+02, -6.393141050055228813e-01
1.047621598243713379e+02, 9.630000000000000000e+02, 5.360000000000000000e+02, -6.393141050055228813e-01
1.047934899330139160e+02, 9.640000000000000000e+02, 5.360000000000000000e+02, -6.393141050055228813e-01
1.048262498378753662e+02, 9.630000000000000000e+02, 5.360000000000000000e+02, -6.393141050055228813e-01
1.048585820198059082e+02, 9.630000000000000000e+02, 5.350000000000000000e+02, -6.393141050055228813e-01
1.048902966976165771e+02, 9.630000000000000000e+02, 5.360000000000000000e+02, -6.393141050055228813e-01
1.049223148822784424e+02, 9.630000000000000000e+02, 5.360000000000000000e+02, -6.393141050055228813e-01
1.049542899131774902e+02, 9.640000000000000000e+02, 5.360000000000000000e+02, -6.393141050055228813e-01
1.049861969947814941e+02, 9.640000000000000000e+02, 5.360000000000000000e+02, -6.393141050055228813e-01
1.050184457302093506e+02, 9.640000000000000000e+02, 5.350000000000000000e+02, -6.377433086787280825e-01
1.050504817962646484e+02, 9.630000000000000000e+02, 5.370000000000000000e+02, -6.393141050055228813e-01
1.050822708606719971e+02, 9.630000000000000000e+02, 5.360000000000000000e+02, -6.393141050055228813e-01
1.051141798496246338e+02, 9.640000000000000000e+02, 5.360000000000000000e+02, -6.393141050055228813e-01
1.051462967395782471e+02, 9.640000000000000000e+02, 5.350000000000000000e+02, -6.393141050055228813e-01
1.051781456470489502e+02, 9.640000000000000000e+02, 5.360000000000000000e+02, -6.393141050055228813e-01
1.052110838890075684e+02, 9.650000000000000000e+02, 5.360000000000000000e+02, -6.393141050055228813e-01
1.052413849830627441e+02, 9.640000000000000000e+02, 5.360000000000000000e+02, -6.487388829662922296e-01
1.052742838859558105e+02, 9.640000000000000000e+02, 5.360000000000000000e+02, -6.550220682734718691e-01
1.053053996562957764e+02, 9.640000000000000000e+02, 5.360000000000000000e+02, -6.581636609270615779e-01
1.053380999565124512e+02, 9.630000000000000000e+02, 5.360000000000000000e+02, -6.581636609270615779e-01
1.053703107833862305e+02, 9.630000000000000000e+02, 5.360000000000000000e+02, -6.581636609270615779e-01
1.054020817279815674e+02, 9.640000000000000000e+02, 5.370000000000000000e+02, -6.581636609270615779e-01
1.054343249797821045e+02, 9.630000000000000000e+02, 5.360000000000000000e+02, -6.597344572538564877e-01
1.054659237861633301e+02, 9.630000000000000000e+02, 5.370000000000000000e+02, -6.597344572538564877e-01
1.054981219768524170e+02, 9.630000000000000000e+02, 5.360000000000000000e+02, -6.581636609270615779e-01
1.055301368236541748e+02, 9.630000000000000000e+02, 5.360000000000000000e+02, -6.597344572538564877e-01
1.055621559619903564e+02, 9.640000000000000000e+02, 5.360000000000000000e+02, -6.581636609270615779e-01
1.055944278240203857e+02, 9.630000000000000000e+02, 5.370000000000000000e+02, -6.581636609270615779e-01
1.056258358955383301e+02, 9.630000000000000000e+02, 5.360000000000000000e+02, -6.581636609270615779e-01
1.056583237648010254e+02, 9.630000000000000000e+02, 5.360000000000000000e+02, -6.597344572538564877e-01
1.056901938915252686e+02, 9.630000000000000000e+02, 5.360000000000000000e+02, -6.597344572538564877e-01
1.057225646972656250e+02, 9.640000000000000000e+02, 5.360000000000000000e+02, -6.581636609270615779e-01
1.057542357444763184e+02, 9.630000000000000000e+02, 5.350000000000000000e+02, -6.597344572538564877e-01
1.057860920429229736e+02, 9.630000000000000000e+02, 5.350000000000000000e+02, -6.597344572538564877e-01
1.058183007240295410e+02, 9.630000000000000000e+02, 5.370000000000000000e+02, -6.597344572538564877e-01
1.058503868579864502e+02, 9.630000000000000000e+02, 5.360000000000000000e+02, -6.597344572538564877e-01
1.058820338249206543e+02, 9.630000000000000000e+02, 5.360000000000000000e+02, -6.581636609270615779e-01
1.059139556884765625e+02, 9.630000000000000000e+02, 5.370000000000000000e+02, -6.597344572538564877e-01
1.059460127353668213e+02, 9.630000000000000000e+02, 5.360000000000000000e+02, -6.581636609270615779e-01
1.059780328273773193e+02, 9.630000000000000000e+02, 5.370000000000000000e+02, -6.597344572538564877e-01
1.060103187561035156e+02, 9.640000000000000000e+02, 5.360000000000000000e+02, -2.434734306532089665e+00
1.060408408641815186e+02, 9.640000000000000000e+02, 5.370000000000000000e+02, -2.434734306532089665e+00
1.060577888488769531e+02, 9.630000000000000000e+02, 5.360000000000000000e+02, -2.434734306532089665e+00
1.060743877887725830e+02, 9.630000000000000000e+02, 5.360000000000000000e+02, -6.848671984825749348e-01
1.061062309741973877e+02, 9.630000000000000000e+02, 5.360000000000000000e+02, -7.665486074759094715e-01
1.061379346847534180e+02, 9.600000000000000000e+02, 5.430000000000000000e+02, -7.901105523778330086e-01
1.061700506210327148e+02, 9.460000000000000000e+02, 5.770000000000000000e+02, -7.948229413582176273e-01
1.062021648883819580e+02, 9.410000000000000000e+02, 5.840000000000000000e+02, -7.948229413582176273e-01
1.062343177795410156e+02, 9.410000000000000000e+02, 5.840000000000000000e+02, -7.963937376850125371e-01
1.062664127349853516e+02, 9.410000000000000000e+02, 5.830000000000000000e+02, -7.963937376850125371e-01
1.062979857921600342e+02, 9.410000000000000000e+02, 5.840000000000000000e+02, -7.963937376850125371e-01
1.063299138545989990e+02, 9.410000000000000000e+02, 5.850000000000000000e+02, -7.963937376850125371e-01
1.063620867729187012e+02, 9.410000000000000000e+02, 5.840000000000000000e+02, -7.963937376850125371e-01
1.063939697742462158e+02, 9.410000000000000000e+02, 5.840000000000000000e+02, -7.963937376850125371e-01
1.064260747432708740e+02, 9.410000000000000000e+02, 5.840000000000000000e+02, -7.963937376850125371e-01
1.064580717086791992e+02, 9.410000000000000000e+02, 5.840000000000000000e+02, -7.963937376850125371e-01
1.064905710220336914e+02, 9.400000000000000000e+02, 5.840000000000000000e+02, -7.963937376850125371e-01
1.065220427513122559e+02, 9.410000000000000000e+02, 5.830000000000000000e+02, -7.963937376850125371e-01
1.065542907714843750e+02, 9.410000000000000000e+02, 5.840000000000000000e+02, -7.963937376850125371e-01
1.065862317085266113e+02, 9.410000000000000000e+02, 5.840000000000000000e+02, -7.963937376850125371e-01
1.066182057857513428e+02, 9.410000000000000000e+02, 5.840000000000000000e+02, -7.963937376850125371e-01
1.066505358219146729e+02, 9.410000000000000000e+02, 5.840000000000000000e+02, -7.963937376850125371e-01
1.066820127964019775e+02, 9.410000000000000000e+02, 5.840000000000000000e+02, -7.963937376850125371e-01
1.067139189243316650e+02, 9.410000000000000000e+02, 5.840000000000000000e+02, -7.963937376850125371e-01
1.067460689544677734e+02, 9.420000000000000000e+02, 5.840000000000000000e+02, -7.963937376850125371e-01
1.067778229713439941e+02, 9.410000000000000000e+02, 5.850000000000000000e+02, -7.963937376850125371e-01
1.068101618289947510e+02, 9.410000000000000000e+02, 5.830000000000000000e+02, -7.979645340118074470e-01
1.068420279026031494e+02, 9.400000000000000000e+02, 5.840000000000000000e+02, -9.676105373056562708e-01
1.068739666938781738e+02, 9.400000000000000000e+02, 5.850000000000000000e+02, -1.151393707540659062e+00
1.069063229560852051e+02, 9.250000000000000000e+02, 6.050000000000000000e+02, -1.209513171632070394e+00
1.069380197525024414e+02, 8.950000000000000000e+02, 6.420000000000000000e+02, -1.215796356939250034e+00
1.069700279235839844e+02, 8.470000000000000000e+02, 6.690000000000000000e+02, -1.215796356939250034e+00
1.070023798942565918e+02, 8.340000000000000000e+02, 6.740000000000000000e+02, -1.215796356939250034e+00
1.070341718196868896e+02, 8.290000000000000000e+02, 6.770000000000000000e+02, -1.215796356939250034e+00
1.070663678646087646e+02, 8.290000000000000000e+02, 6.760000000000000000e+02, -1.217367153266044832e+00
1.070977878570556641e+02, 8.290000000000000000e+02, 6.770000000000000000e+02, -1.215796356939250034e+00
1.071301598548889160e+02, 8.290000000000000000e+02, 6.760000000000000000e+02, -1.217367153266044832e+00
1.071619639396667480e+02, 8.280000000000000000e+02, 6.760000000000000000e+02, -1.217367153266044832e+00
1.071932318210601807e+02, 8.290000000000000000e+02, 6.770000000000000000e+02, -1.217367153266044832e+00
1.072260568141937256e+02, 8.280000000000000000e+02, 6.770000000000000000e+02, -1.217367153266044832e+00
1.072579767704010010e+02, 8.280000000000000000e+02, 6.760000000000000000e+02, -1.215796356939250034e+00
1.072902648448944092e+02, 8.280000000000000000e+02, 6.760000000000000000e+02, -1.215796356939250034e+00
1.073221659660339355e+02, 8.280000000000000000e+02, 6.760000000000000000e+02, -1.217367153266044832e+00
1.073540909290313721e+02, 8.290000000000000000e+02, 6.750000000000000000e+02, -1.217367153266044832e+00
1.073857998847961426e+02, 8.290000000000000000e+02, 6.760000000000000000e+02, -1.217367153266044832e+00
1.074177408218383789e+02, 8.280000000000000000e+02, 6.760000000000000000e+02, -1.217367153266044832e+00
1.074498848915100098e+02, 8.290000000000000000e+02, 6.760000000000000000e+02, -1.217367153266044832e+00
1.074821298122406006e+02, 8.280000000000000000e+02, 6.760000000000000000e+02, -1.215796356939250034e+00
1.075138046741485596e+02, 8.280000000000000000e+02, 6.760000000000000000e+02, -1.215796356939250034e+00
1.075459687709808350e+02, 8.280000000000000000e+02, 6.760000000000000000e+02, -1.217367153266044832e+00
1.075779919624328613e+02, 8.290000000000000000e+02, 6.760000000000000000e+02, -1.215796356939250034e+00
1.076106328964233398e+02, 8.280000000000000000e+02, 6.760000000000000000e+02, -1.217367153266044832e+00
1.076420767307281494e+02, 8.290000000000000000e+02, 6.760000000000000000e+02, -1.162389281828223542e+00
1.076739976406097412e+02, 8.280000000000000000e+02, 6.770000000000000000e+02, -1.116836188351171488e+00
1.077061958312988281e+02, 8.590000000000000000e+02, 6.660000000000000000e+02, -1.107411410390402029e+00
1.077385838031768799e+02, 8.730000000000000000e+02, 6.590000000000000000e+02, -1.105840614063607008e+00
1.077702226638793945e+02, 8.700000000000000000e+02, 6.610000000000000000e+02, -1.105840614063607008e+00
1.078018686771392822e+02, 8.600000000000000000e+02, 6.650000000000000000e+02, -1.105840614063607008e+00
1.078342998027801514e+02, 8.610000000000000000e+02, 6.650000000000000000e+02, -1.105840614063607008e+00
1.078658099174499512e+02, 8.610000000000000000e+02, 6.650000000000000000e+02, -1.105840614063607008e+00
1.078979437351226807e+02, 8.610000000000000000e+02, 6.650000000000000000e+02, -1.105840614063607008e+00
1.079297819137573242e+02, 8.600000000000000000e+02, 6.650000000000000000e+02, -1.105840614063607008e+00
1.079619398117065430e+02, 8.610000000000000000e+02, 6.650000000000000000e+02, -1.105840614063607008e+00
1.079937648773193359e+02, 8.610000000000000000e+02, 6.650000000000000000e+02, -1.105840614063607008e+00
1.080257856845855713e+02, 8.610000000000000000e+02, 6.650000000000000000e+02, -1.105840614063607008e+00
1.080578007698059082e+02, 8.610000000000000000e+02, 6.650000000000000000e+02, -1.105840614063607008e+00
1.080901019573211670e+02, 8.610000000000000000e+02, 6.650000000000000000e+02, -1.105840614063607008e+00
1.081218686103820801e+02, 8.600000000000000000e+02, 6.650000000000000000e+02, -1.105840614063607008e+00
1.081541078090667725e+02, 8.600000000000000000e+02, 6.650000000000000000e+02, -1.105840614063607008e+00
1.081860899925231934e+02, 8.610000000000000000e+02, 6.650000000000000000e+02, -1.105840614063607008e+00
1.082177257537841797e+02, 8.610000000000000000e+02, 6.650000000000000000e+02, -1.105840614063607008e+00
1.082500526905059814e+02, 8.610000000000000000e+02, 6.650000000000000000e+02, -1.105840614063607008e+00
1.082821018695831299e+02, 8.600000000000000000e+02, 6.650000000000000000e+02, -1.105840614063607008e+00
1.083139109611511230e+02, 8.610000000000000000e+02, 6.650000000000000000e+02, -1.107411410390402029e+00
1.083458418846130371e+02, 8.600000000000000000e+02, 6.650000000000000000e+02, -1.105840614063607008e+00
1.083777787685394287e+02, 8.610000000000000000e+02, 6.650000000000000000e+02, -1.105840614063607008e+00
1.084101848602294922e+02, 8.610000000000000000e+02, 6.650000000000000000e+02, -1.105840614063607008e+00
1.084419457912445068e+02, 8.600000000000000000e+02, 6.650000000000000000e+02, -1.108982206717196828e+00
1.084739389419555664e+02, 8.610000000000000000e+02, 6.650000000000000000e+02, -1.110553003043991849e+00
1.085061109066009521e+02, 8.610000000000000000e+02, 6.650000000000000000e+02, -1.110553003043991849e+00
1.085379099845886230e+02, 8.610000000000000000e+02, 6.650000000000000000e+02, -1.110553003043991849e+00
1.085700998306274414e+02, 8.610000000000000000e+02, 6.650000000000000000e+02, -1.110553003043991849e+00
1.086020457744598389e+02, 8.610000000000000000e+02, 6.650000000000000000e+02, -1.110553003043991849e+00
1.086339547634124756e+02, 8.610000000000000000e+02, 6.650000000000000000e+02, -1.110553003043991849e+00
1.086659109592437744e+02, 8.610000000000000000e+02, 6.650000000000000000e+02, -1.110553003043991849e+00
1.086979966163635254e+02, 8.600000000000000000e+02, 6.650000000000000000e+02, -1.110553003043991849e+00
1.087299778461456299e+02, 8.610000000000000000e+02, 6.650000000000000000e+02, -1.112123799370786648e+00
1.087617967128753662e+02, 8.600000000000000000e+02, 6.650000000000000000e+02, -1.110553003043991849e+00
1.087937107086181641e+02, 8.610000000000000000e+02, 6.650000000000000000e+02, -1.110553003043991849e+00
1.088254477977752686e+02, 8.610000000000000000e+02, 6.650000000000000000e+02, -1.110553003043991849e+00
1.088581018447875977e+02, 8.610000000000000000e+02, 6.650000000000000000e+02, -1.110553003043991849e+00
1.088900380134582520e+02, 8.610000000000000000e+02, 6.650000000000000000e+02, -1.110553003043991849e+00
1.089219357967376709e+02, 8.610000000000000000e+02, 6.650000000000000000e+02, -1.110553003043991849e+00
1.089539237022399902e+02, 8.610000000000000000e+02, 6.650000000000000000e+02, -1.110553003043991849e+00
1.089859807491302490e+02, 8.610000000000000000e+02, 6.650000000000000000e+02, -1.112123799370786648e+00
1.090178077220916748e+02, 8.610000000000000000e+02, 6.650000000000000000e+02, -1.110553003043991849e+00
1.090502908229827881e+02, 8.600000000000000000e+02, 6.650000000000000000e+02, -1.110553003043991849e+00
1.090819399356842041e+02, 8.610000000000000000e+02, 6.650000000000000000e+02, -1.110553003043991849e+00
1.091140558719635010e+02, 8.610000000000000000e+02, 6.650000000000000000e+02, -1.110553003043991849e+00
1.091459367275238037e+02, 8.600000000000000000e+02, 6.650000000000000000e+02, -1.110553003043991849e+00
1.091778287887573242e+02, 8.610000000000000000e+02, 6.660000000000000000e+02, -1.110553003043991849e+00
1.092111928462982178e+02, 8.600000000000000000e+02, 6.650000000000000000e+02, -1.110553003043991849e+00
1.092420427799224854e+02, 8.610000000000000000e+02, 6.650000000000000000e+02, -9.597565556716818325e-01
1.092739357948303223e+02, 8.620000000000000000e+02, 6.640000000000000000e+02, -8.136724972797564348e-01
1.093058238029479980e+02, 9.260000000000000000e+02, 6.080000000000000000e+02, -7.759733854366789307e-01
1.093384387493133545e+02, 9.590000000000000000e+02, 5.470000000000000000e+02, -7.728317927830891110e-01
1.093698806762695312e+02, 9.700000000000000000e+02, 5.190000000000000000e+02, -7.728317927830891110e-01
1.094017078876495361e+02, 9.700000000000000000e+02, 5.200000000000000000e+02, -7.728317927830891110e-01
1.094339928627014160e+02, 9.580000000000000000e+02, 5.490000000000000000e+02, -7.712609964562942011e-01
1.094660699367523193e+02, 9.420000000000000000e+02, 5.810000000000000000e+02, -7.728317927830891110e-01
1.094977488517761230e+02, 9.420000000000000000e+02, 5.810000000000000000e+02, -7.712609964562942011e-01
1.095298559665679932e+02, 9.430000000000000000e+02, 5.820000000000000000e+02, -7.712609964562942011e-01
1.095617628097534180e+02, 9.430000000000000000e+02, 5.810000000000000000e+02, -7.712609964562942011e-01
1.095937697887420654e+02, 9.420000000000000000e+02, 5.800000000000000000e+02, -7.712609964562942011e-01
1.096258068084716797e+02, 9.430000000000000000e+02, 5.810000000000000000e+02, -7.712609964562942011e-01
1.096581578254699707e+02, 9.420000000000000000e+02, 5.800000000000000000e+02, -7.712609964562942011e-01
1.096899456977844238e+02, 9.420000000000000000e+02, 5.810000000000000000e+02, -7.728317927830891110e-01
1.097219200134277344e+02, 9.420000000000000000e+02, 5.800000000000000000e+02, -7.712609964562942011e-01
1.097542269229888916e+02, 9.420000000000000000e+02, 5.800000000000000000e+02, -7.712609964562942011e-01
1.097861707210540771e+02, 9.410000000000000000e+02, 5.800000000000000000e+02, -7.712609964562942011e-01
1.098179776668548584e+02, 9.430000000000000000e+02, 5.790000000000000000e+02, -7.712609964562942011e-01
1.098498468399047852e+02, 9.420000000000000000e+02, 5.800000000000000000e+02, -7.712609964562942011e-01
1.098819787502288818e+02, 9.420000000000000000e+02, 5.800000000000000000e+02, -7.712609964562942011e-01
1.099138219356536865e+02, 9.430000000000000000e+02, 5.800000000000000000e+02, -7.712609964562942011e-01
1.099456839561462402e+02, 9.410000000000000000e+02, 5.800000000000000000e+02, -7.712609964562942011e-01
1.099777507781982422e+02, 9.420000000000000000e+02, 5.800000000000000000e+02, -7.712609964562942011e-01
1.100117347240447998e+02, 9.420000000000000000e+02, 5.800000000000000000e+02, -2.434734306532089665e+00
1.100418376922607422e+02, 9.420000000000000000e+02, 5.810000000000000000e+02, -2.434734306532089665e+00
1.100729646682739258e+02, 9.500000000000000000e+02, 5.670000000000000000e+02, -2.434734306532089665e+00
1.101049787998199463e+02, 9.650000000000000000e+02, 5.310000000000000000e+02, -2.434734306532089665e+00
1.101377148628234863e+02, 9.750000000000000000e+02, 5.040000000000000000e+02, -6.723008278682157668e-01
1.101696567535400391e+02, 9.760000000000000000e+02, 5.020000000000000000e+02, -6.738716241950105656e-01
1.102022538185119629e+02, 9.690000000000000000e+02, 5.190000000000000000e+02, -6.565928646002667790e-01
1.102341649532318115e+02, 9.600000000000000000e+02, 5.440000000000000000e+02, -6.518804756198820494e-01
1.102661559581756592e+02, 9.590000000000000000e+02, 5.400000000000000000e+02, -6.503096792930871395e-01
1.102979099750518799e+02, 9.610000000000000000e+02, 5.390000000000000000e+02, -6.503096792930871395e-01
1.103297929763793945e+02, 9.620000000000000000e+02, 5.390000000000000000e+02, -6.503096792930871395e-01
1.103616628646850586e+02, 9.600000000000000000e+02, 5.390000000000000000e+02, -6.503096792930871395e-01
1.103938477039337158e+02, 9.610000000000000000e+02, 5.410000000000000000e+02, -6.503096792930871395e-01
1.104259688854217529e+02, 9.620000000000000000e+02, 5.400000000000000000e+02, -6.503096792930871395e-01
1.104583148956298828e+02, 9.610000000000000000e+02, 5.400000000000000000e+02, -6.503096792930871395e-01
1.104901387691497803e+02, 9.610000000000000000e+02, 5.400000000000000000e+02, -6.503096792930871395e-01
1.105220909118652344e+02, 9.610000000000000000e+02, 5.400000000000000000e+02, -6.503096792930871395e-01
1.105539309978485107e+02, 9.620000000000000000e+02, 5.400000000000000000e+02, -6.503096792930871395e-01
1.105856876373291016e+02, 9.610000000000000000e+02, 5.400000000000000000e+02, -6.503096792930871395e-01
1.106180427074432373e+02, 9.620000000000000000e+02, 5.400000000000000000e+02, -6.503096792930871395e-01
1.106495549678802490e+02, 9.620000000000000000e+02, 5.400000000000000000e+02, -6.503096792930871395e-01
1.106814236640930176e+02, 9.610000000000000000e+02, 5.400000000000000000e+02, -6.503096792930871395e-01
1.107137238979339600e+02, 9.610000000000000000e+02, 5.400000000000000000e+02, -6.503096792930871395e-01
1.107457506656646729e+02, 9.620000000000000000e+02, 5.410000000000000000e+02, -6.503096792930871395e-01
1.107775938510894775e+02, 9.610000000000000000e+02, 5.400000000000000000e+02, -6.503096792930871395e-01
1.108101818561553955e+02, 9.610000000000000000e+02, 5.400000000000000000e+02, -2.434734306532089665e+00
1.108405199050903320e+02, 9.600000000000000000e+02, 5.400000000000000000e+02, -2.434734306532089665e+00
1.108719859123229980e+02, 9.600000000000000000e+02, 5.430000000000000000e+02, -2.434734306532089665e+00
1.108890328407287598e+02, 9.540000000000000000e+02, 5.550000000000000000e+02, -2.434734306532089665e+00
1.109053130149841309e+02, 9.470000000000000000e+02, 5.720000000000000000e+02, -7.853981633974482790e-01
1.109372816085815430e+02, 9.360000000000000000e+02, 5.900000000000000000e+02, -7.822565707438584592e-01
1.109701409339904785e+02, 9.430000000000000000e+02, 5.780000000000000000e+02, -7.822565707438584592e-01
1.110019929409027100e+02, 9.420000000000000000e+02, 5.820000000000000000e+02, -7.822565707438584592e-01
1.110345509052276611e+02, 9.400000000000000000e+02, 5.850000000000000000e+02, -7.822565707438584592e-01
1.110659098625183105e+02, 9.400000000000000000e+02, 5.850000000000000000e+02, -7.822565707438584592e-01
1.110980858802795410e+02, 9.400000000000000000e+02, 5.850000000000000000e+02, -7.822565707438584592e-01
1.111295049190521240e+02, 9.400000000000000000e+02, 5.850000000000000000e+02, -7.822565707438584592e-01
1.111617720127105713e+02, 9.400000000000000000e+02, 5.850000000000000000e+02, -7.822565707438584592e-01
1.111939358711242676e+02, 9.400000000000000000e+02, 5.840000000000000000e+02, -7.822565707438584592e-01
1.112259457111358643e+02, 9.390000000000000000e+02, 5.840000000000000000e+02, -7.838273670706533691e-01
1.112577197551727295e+02, 9.390000000000000000e+02, 5.850000000000000000e+02, -7.822565707438584592e-01
1.112897777557373047e+02, 9.400000000000000000e+02, 5.850000000000000000e+02, -7.822565707438584592e-01
1.113223497867584229e+02, 9.400000000000000000e+02, 5.850000000000000000e+02, -7.822565707438584592e-01
1.113541786670684814e+02, 9.400000000000000000e+02, 5.850000000000000000e+02, -7.822565707438584592e-01
1.113863458633422852e+02, 9.400000000000000000e+02, 5.850000000000000000e+02, -7.822565707438584592e-01
1.114180088043212891e+02, 9.400000000000000000e+02, 5.850000000000000000e+02, -7.822565707438584592e-01
1.114502048492431641e+02, 9.400000000000000000e+02, 5.850000000000000000e+02, -7.822565707438584592e-01
1.114818267822265625e+02, 9.400000000000000000e+02, 5.850000000000000000e+02, -7.822565707438584592e-01
1.115138309001922607e+02, 9.400000000000000000e+02, 5.850000000000000000e+02, -7.822565707438584592e-01
1.115458250045776367e+02, 9.400000000000000000e+02, 5.840000000000000000e+02, -7.822565707438584592e-01
1.115782289505004883e+02, 9.400000000000000000e+02, 5.850000000000000000e+02, -7.822565707438584592e-01
1.116098978519439697e+02, 9.390000000000000000e+02, 5.840000000000000000e+02, -7.822565707438584592e-01
1.116418607234954834e+02, 9.400000000000000000e+02, 5.850000000000000000e+02, -9.377654070965532052e-01
1.116742358207702637e+02, 9.400000000000000000e+02, 5.850000000000000000e+02, -1.096415836102837771e+00
1.117060158252716064e+02, 9.270000000000000000e+02, 6.020000000000000000e+02, -1.137256540599504984e+00
1.117381467819213867e+02, 9.010000000000000000e+02, 6.370000000000000000e+02, -1.141968929579889824e+00
1.117699556350708008e+02, 8.570000000000000000e+02, 6.690000000000000000e+02, -1.141968929579889824e+00
1.118019099235534668e+02, 8.560000000000000000e+02, 6.710000000000000000e+02, -1.141968929579889824e+00
1.118336629867553711e+02, 8.520000000000000000e+02, 6.730000000000000000e+02, -1.141968929579889824e+00
1.118658607006072998e+02, 8.510000000000000000e+02, 6.730000000000000000e+02, -1.141968929579889824e+00
1.118975806236267090e+02, 8.520000000000000000e+02, 6.730000000000000000e+02, -1.141968929579889824e+00
1.119299638271331787e+02, 8.500000000000000000e+02, 6.730000000000000000e+02, -1.141968929579889824e+00
1.119616549015045166e+02, 8.510000000000000000e+02, 6.730000000000000000e+02, -1.141968929579889824e+00
1.119938888549804688e+02, 8.520000000000000000e+02, 6.730000000000000000e+02, -1.141968929579889824e+00
1.120259079933166504e+02, 8.510000000000000000e+02, 6.730000000000000000e+02, -1.141968929579889824e+00
1.120576398372650146e+02, 8.510000000000000000e+02, 6.730000000000000000e+02, -1.141968929579889824e+00
1.120901517868041992e+02, 8.520000000000000000e+02, 6.730000000000000000e+02, -1.141968929579889824e+00
1.121220920085906982e+02, 8.520000000000000000e+02, 6.730000000000000000e+02, -1.141968929579889824e+00
1.121538078784942627e+02, 8.510000000000000000e+02, 6.730000000000000000e+02, -1.141968929579889824e+00
1.121860527992248535e+02, 8.510000000000000000e+02, 6.730000000000000000e+02, -1.141968929579889824e+00
1.122180318832397461e+02, 8.510000000000000000e+02, 6.730000000000000000e+02, -1.141968929579889824e+00
1.122498679161071777e+02, 8.520000000000000000e+02, 6.730000000000000000e+02, -1.141968929579889824e+00
1.122815008163452148e+02, 8.510000000000000000e+02, 6.730000000000000000e+02, -1.141968929579889824e+00
1.123134269714355469e+02, 8.510000000000000000e+02, 6.730000000000000000e+02, -1.141968929579889824e+00
1.123458147048950195e+02, 8.510000000000000000e+02, 6.730000000000000000e+02, -1.141968929579889824e+00
1.123777449131011963e+02, 8.520000000000000000e+02, 6.730000000000000000e+02, -1.141968929579889824e+00
1.124101297855377197e+02, 8.520000000000000000e+02, 6.730000000000000000e+02, -2.434734306532089665e+00
1.124389777183532715e+02, 8.520000000000000000e+02, 6.730000000000000000e+02, -2.434734306532089665e+00
1.124725198745727539e+02, 8.810000000000000000e+02, 6.600000000000000000e+02, -2.434734306532089665e+00
1.125012557506561279e+02, 9.390000000000000000e+02, 5.960000000000000000e+02, -2.434734306532089665e+00
1.125216939449310303e+02, 9.570000000000000000e+02, 5.620000000000000000e+02, -4.618141200776995636e-01
1.125537698268890381e+02, 9.720000000000000000e+02, 5.210000000000000000e+02, -3.047344873982099633e-01
1.125859136581420898e+02, 9.900000000000000000e+02, 4.550000000000000000e+02, -2.497566159603885616e-01
1.126179387569427490e+02, 9.950000000000000000e+02, 4.050000000000000000e+02, -2.434734306532089776e-01
1.126498367786407471e+02, 9.920000000000000000e+02, 3.870000000000000000e+02, -2.434734306532089776e-01
1.126817507743835449e+02, 9.940000000000000000e+02, 4.000000000000000000e+02, -2.434734306532089776e-01
1.127137837409973145e+02, 9.940000000000000000e+02, 4.000000000000000000e+02, -2.434734306532089776e-01
1.127457966804504395e+02, 9.940000000000000000e+02, 4.000000000000000000e+02, -2.434734306532089776e-01
1.127774899005889893e+02, 9.930000000000000000e+02, 3.990000000000000000e+02, -2.434734306532089776e-01
1.128105957508087158e+02, 9.940000000000000000e+02, 4.000000000000000000e+02, -2.434734306532089776e-01
1.128418507575988770e+02, 9.930000000000000000e+02, 4.000000000000000000e+02, -2.434734306532089776e-01
1.128741986751556396e+02, 9.940000000000000000e+02, 4.000000000000000000e+02, -2.434734306532089776e-01
1.129055585861206055e+02, 9.920000000000000000e+02, 3.990000000000000000e+02, -2.434734306532089776e-01
1.129377489089965820e+02, 9.930000000000000000e+02, 3.990000000000000000e+02, -2.434734306532089776e-01
1.129698998928070068e+02, 9.930000000000000000e+02, 4.000000000000000000e+02, -2.434734306532089776e-01
1.130017206668853760e+02, 9.930000000000000000e+02, 4.000000000000000000e+02, -2.434734306532089776e-01
1.130334799289703369e+02, 9.930000000000000000e+02, 3.990000000000000000e+02, -2.434734306532089776e-01
1.130655539035797119e+02, 9.930000000000000000e+02, 4.000000000000000000e+02, -2.434734306532089776e-01
1.130975596904754639e+02, 9.930000000000000000e+02, 4.000000000000000000e+02, -2.434734306532089776e-01
1.131295437812805176e+02, 9.930000000000000000e+02, 3.990000000000000000e+02, -2.434734306532089776e-01
1.131615388393402100e+02, 9.930000000000000000e+02, 4.000000000000000000e+02, -2.434734306532089776e-01
1.131931447982788086e+02, 9.930000000000000000e+02, 3.990000000000000000e+02, -2.434734306532089776e-01
1.132261457443237305e+02, 9.930000000000000000e+02, 4.000000000000000000e+02, -2.434734306532089776e-01
1.132579507827758789e+02, 9.930000000000000000e+02, 4.010000000000000000e+02, -2.434734306532089776e-01
1.132899248600006104e+02, 9.930000000000000000e+02, 4.000000000000000000e+02, -2.434734306532089776e-01
1.133219528198242188e+02, 9.930000000000000000e+02, 4.000000000000000000e+02, -2.434734306532089776e-01
1.133536539077758789e+02, 9.930000000000000000e+02, 4.000000000000000000e+02, -2.434734306532089776e-01
1.133856577873229980e+02, 9.920000000000000000e+02, 4.000000000000000000e+02, -2.434734306532089776e-01
1.134176337718963623e+02, 9.930000000000000000e+02, 4.000000000000000000e+02, -2.434734306532089776e-01
1.134497318267822266e+02, 9.940000000000000000e+02, 4.000000000000000000e+02, -2.434734306532089776e-01
1.134806978702545166e+02, 9.930000000000000000e+02, 4.000000000000000000e+02, -2.434734306532089776e-01
1.135138785839080811e+02, 9.930000000000000000e+02, 4.000000000000000000e+02, -2.434734306532089776e-01
1.135457296371459961e+02, 9.930000000000000000e+02, 4.000000000000000000e+02, -2.434734306532089776e-01
1.135777258872985840e+02, 9.940000000000000000e+02, 3.990000000000000000e+02, -2.434734306532089776e-01
1.136120738983154297e+02, 9.920000000000000000e+02, 4.000000000000000000e+02, -2.434734306532089665e+00
1.136412048339843750e+02, 9.930000000000000000e+02, 4.000000000000000000e+02, -2.434734306532089665e+00
1.136726646423339844e+02, 9.920000000000000000e+02, 4.040000000000000000e+02, -2.434734306532089665e+00
1.137057249546051025e+02, 9.900000000000000000e+02, 4.390000000000000000e+02, -8.089601082993717052e-01
1.137377047538757324e+02, 9.850000000000000000e+02, 4.700000000000000000e+02, -9.471901850573225534e-01
1.137698197364807129e+02, 9.610000000000000000e+02, 5.530000000000000000e+02, -9.943140748611695168e-01
1.138019797801971436e+02, 9.080000000000000000e+02, 6.410000000000000000e+02, -9.990264638415542464e-01
1.138337810039520264e+02, 9.090000000000000000e+02, 6.400000000000000000e+02, -9.990264638415542464e-01
1.138656568527221680e+02, 9.000000000000000000e+02, 6.480000000000000000e+02, -9.990264638415542464e-01
1.138975248336791992e+02, 9.000000000000000000e+02, 6.500000000000000000e+02, -9.990264638415542464e-01
1.139295368194580078e+02, 9.000000000000000000e+02, 6.490000000000000000e+02, -9.990264638415542464e-01
1.139616098403930664e+02, 8.990000000000000000e+02, 6.490000000000000000e+02, -9.990264638415542464e-01
1.139936549663543701e+02, 9.000000000000000000e+02, 6.490000000000000000e+02, -9.990264638415542464e-01
1.140255198478698730e+02, 9.000000000000000000e+02, 6.490000000000000000e+02, -9.990264638415542464e-01
1.140576329231262207e+02, 9.010000000000000000e+02, 6.490000000000000000e+02, -9.990264638415542464e-01
1.140898797512054443e+02, 8.980000000000000000e+02, 6.480000000000000000e+02, -9.990264638415542464e-01
1.141222326755523682e+02, 8.990000000000000000e+02, 6.480000000000000000e+02, -9.990264638415542464e-01
1.141537139415740967e+02, 8.980000000000000000e+02, 6.470000000000000000e+02, -9.990264638415542464e-01
1.141857106685638428e+02, 8.980000000000000000e+02, 6.470000000000000000e+02, -9.990264638415542464e-01
1.142178046703338623e+02, 8.990000000000000000e+02, 6.480000000000000000e+02, -9.990264638415542464e-01
1.142497267723083496e+02, 8.990000000000000000e+02, 6.480000000000000000e+02, -9.990264638415542464e-01
1.142818317413330078e+02, 8.990000000000000000e+02, 6.470000000000000000e+02, -9.990264638415542464e-01
1.143134548664093018e+02, 8.990000000000000000e+02, 6.470000000000000000e+02, -9.990264638415542464e-01
1.143456237316131592e+02, 8.990000000000000000e+02, 6.480000000000000000e+02, -9.990264638415542464e-01
1.143777070045471191e+02, 8.990000000000000000e+02, 6.460000000000000000e+02, -9.990264638415542464e-01
1.144114255905151367e+02, 8.990000000000000000e+02, 6.470000000000000000e+02, -2.434734306532089665e+00
1.144418058395385742e+02, 8.990000000000000000e+02, 6.480000000000000000e+02, -2.434734306532089665e+00
1.144730067253112793e+02, 9.150000000000000000e+02, 6.320000000000000000e+02, -2.434734306532089665e+00
1.145049469470977783e+02, 9.600000000000000000e+02, 5.630000000000000000e+02, -2.434734306532089665e+00
1.145373687744140625e+02, 9.760000000000000000e+02, 5.230000000000000000e+02, -2.434734306532089665e+00
1.145684638023376465e+02, 9.790000000000000000e+02, 5.150000000000000000e+02, -2.434734306532089665e+00
1.145859677791595459e+02, 9.770000000000000000e+02, 5.210000000000000000e+02, -7.476990515543707749e-01
1.146178808212280273e+02, 9.710000000000000000e+02, 5.350000000000000000e+02, -6.597344572538564877e-01
1.146499767303466797e+02, 9.600000000000000000e+02, 5.600000000000000000e+02, -6.110397711232147255e-01
1.146814630031585693e+02, 9.780000000000000000e+02, 5.170000000000000000e+02, -6.016149931624453773e-01
1.147138297557830811e+02, 9.830000000000000000e+02, 5.020000000000000000e+02, -6.000441968356504674e-01
1.147455217838287354e+02, 9.800000000000000000e+02, 5.170000000000000000e+02, -5.984734005088555575e-01
1.147779209613800049e+02, 9.750000000000000000e+02, 5.280000000000000000e+02, -5.969026041820606476e-01
1.148101146221160889e+02, 9.730000000000000000e+02, 5.270000000000000000e+02, -5.984734005088555575e-01
1.148418266773223877e+02, 9.740000000000000000e+02, 5.270000000000000000e+02, -7.194247176720626191e-01
1.148737709522247314e+02, 9.730000000000000000e+02, 5.280000000000000000e+02, -8.042477193189870865e-01
1.149055469036102295e+02, 9.680000000000000000e+02, 5.470000000000000000e+02, -8.246680715673206929e-01
1.149376330375671387e+02, 9.460000000000000000e+02, 5.910000000000000000e+02, -8.278096642209105127e-01
1.149698009490966797e+02, 9.420000000000000000e+02, 5.970000000000000000e+02, -8.293804605477054226e-01
1.150014619827270508e+02, 9.400000000000000000e+02, 6.010000000000000000e+02, -8.293804605477054226e-01
1.150339016914367676e+02, 9.400000000000000000e+02, 6.010000000000000000e+02, -8.278096642209105127e-01
1.150658028125762939e+02, 9.400000000000000000e+02, 6.010000000000000000e+02, -8.293804605477054226e-01
1.150974307060241699e+02, 9.390000000000000000e+02, 6.020000000000000000e+02, -8.278096642209105127e-01
1.151289179325103760e+02, 9.400000000000000000e+02, 6.010000000000000000e+02, -8.278096642209105127e-01
1.151617019176483154e+02, 9.390000000000000000e+02, 6.010000000000000000e+02, -8.293804605477054226e-01
1.151935307979583740e+02, 9.390000000000000000e+02, 6.010000000000000000e+02, -8.293804605477054226e-01
1.152258896827697754e+02, 9.400000000000000000e+02, 6.010000000000000000e+02, -8.293804605477054226e-01
1.152576787471771240e+02, 9.400000000000000000e+02, 6.010000000000000000e+02, -8.293804605477054226e-01
1.152894978523254395e+02, 9.410000000000000000e+02, 6.000000000000000000e+02, -8.278096642209105127e-01
1.153217818737030029e+02, 9.400000000000000000e+02, 6.000000000000000000e+02, -8.293804605477054226e-01
1.153536748886108398e+02, 9.400000000000000000e+02, 6.010000000000000000e+02, -8.293804605477054226e-01
1.153858168125152588e+02, 9.400000000000000000e+02, 6.000000000000000000e+02, -8.278096642209105127e-01
1.154177179336547852e+02, 9.400000000000000000e+02, 6.010000000000000000e+02, -8.278096642209105127e-01
1.154498147964477539e+02, 9.390000000000000000e+02, 6.010000000000000000e+02, -8.293804605477054226e-01
1.154817898273468018e+02, 9.400000000000000000e+02, 6.000000000000000000e+02, -8.278096642209105127e-01
1.155135717391967773e+02, 9.400000000000000000e+02, 6.010000000000000000e+02, -8.278096642209105127e-01
1.155455198287963867e+02, 9.390000000000000000e+02, 6.010000000000000000e+02, -8.293804605477054226e-01
1.155776088237762451e+02, 9.400000000000000000e+02, 6.010000000000000000e+02, -8.293804605477054226e-01
1.156105809211730957e+02, 9.400000000000000000e+02, 6.010000000000000000e+02, -2.434734306532089665e+00
1.156409997940063477e+02, 9.400000000000000000e+02, 6.020000000000000000e+02, -2.434734306532089665e+00
1.156573848724365234e+02, 9.400000000000000000e+02, 6.020000000000000000e+02, -9.613273519984766313e-01
1.156898758411407471e+02, 9.340000000000000000e+02, 6.080000000000000000e+02, -1.005309649148733886e+00
1.157220449447631836e+02, 9.150000000000000000e+02, 6.300000000000000000e+02, -1.024159205070272582e+00
1.157541987895965576e+02, 9.000000000000000000e+02, 6.470000000000000000e+02, -1.025730001397067381e+00
1.157855198383331299e+02, 8.950000000000000000e+02, 6.530000000000000000e+02, -1.025730001397067381e+00
1.158179998397827148e+02, 8.940000000000000000e+02, 6.530000000000000000e+02, -1.025730001397067381e+00
1.158498129844665527e+02, 8.940000000000000000e+02, 6.520000000000000000e+02, -1.025730001397067381e+00
1.158817887306213379e+02, 8.940000000000000000e+02, 6.530000000000000000e+02, -1.025730001397067381e+00
1.159138708114624023e+02, 8.940000000000000000e+02, 6.520000000000000000e+02, -1.025730001397067381e+00
1.159455227851867676e+02, 8.940000000000000000e+02, 6.530000000000000000e+02, -1.025730001397067381e+00
1.159772636890411377e+02, 8.940000000000000000e+02, 6.530000000000000000e+02, -1.025730001397067381e+00
1.160100989341735840e+02, 8.930000000000000000e+02, 6.520000000000000000e+02, -1.024159205070272582e+00
1.160420198440551758e+02, 8.940000000000000000e+02, 6.530000000000000000e+02, -9.299114254625787668e-01
1.160739068984985352e+02, 8.940000000000000000e+02, 6.520000000000000000e+02, -8.686503687175778365e-01
1.161056919097900391e+02, 9.300000000000000000e+02, 6.080000000000000000e+02, -8.545132017764237586e-01
1.161376256942749023e+02, 9.520000000000000000e+02, 5.730000000000000000e+02, -8.529424054496288488e-01
1.161698796749114990e+02, 9.550000000000000000e+02, 5.680000000000000000e+02, -8.529424054496288488e-01
1.162018768787384033e+02, 9.430000000000000000e+02, 5.870000000000000000e+02, -8.498008127960391400e-01
1.162333567142486572e+02, 9.300000000000000000e+02, 6.070000000000000000e+02, -8.498008127960391400e-01
1.162648878097534180e+02, 9.300000000000000000e+02, 6.080000000000000000e+02, -8.498008127960391400e-01
1.162975969314575195e+02, 9.310000000000000000e+02, 6.060000000000000000e+02, -8.498008127960391400e-01
1.163295259475708008e+02, 9.310000000000000000e+02, 6.080000000000000000e+02, -8.498008127960391400e-01
1.163609998226165771e+02, 9.310000000000000000e+02, 6.070000000000000000e+02, -8.498008127960391400e-01
1.163937537670135498e+02, 9.300000000000000000e+02, 6.070000000000000000e+02, -8.498008127960391400e-01
1.164257097244262695e+02, 9.300000000000000000e+02, 6.070000000000000000e+02, -8.482300164692442301e-01
1.164576838016510010e+02, 9.300000000000000000e+02, 6.070000000000000000e+02, -8.498008127960391400e-01
1.164896776676177979e+02, 9.310000000000000000e+02, 6.070000000000000000e+02, -8.498008127960391400e-01
1.165220270156860352e+02, 9.300000000000000000e+02, 6.070000000000000000e+02, -8.498008127960391400e-01
1.165538046360015869e+02, 9.300000000000000000e+02, 6.070000000000000000e+02, -8.498008127960391400e-01
1.165855517387390137e+02, 9.310000000000000000e+02, 6.080000000000000000e+02, -8.482300164692442301e-01
1.166177437305450439e+02, 9.300000000000000000e+02, 6.070000000000000000e+02, -8.498008127960391400e-01
1.166496067047119141e+02, 9.310000000000000000e+02, 6.070000000000000000e+02, -8.482300164692442301e-01
1.166817719936370850e+02, 9.310000000000000000e+02, 6.070000000000000000e+02, -8.498008127960391400e-01
1.167133648395538330e+02, 9.310000000000000000e+02, 6.070000000000000000e+02, -8.498008127960391400e-01
1.167452437877655029e+02, 9.310000000000000000e+02, 6.070000000000000000e+02, -8.498008127960391400e-01
1.167774207592010498e+02, 9.310000000000000000e+02, 6.070000000000000000e+02, -8.498008127960391400e-01
1.168112838268280029e+02, 9.310000000000000000e+02, 6.070000000000000000e+02, -2.434734306532089665e+00
1.168412699699401855e+02, 9.310000000000000000e+02, 6.070000000000000000e+02, -2.434734306532089665e+00
1.168732028007507324e+02, 9.450000000000000000e+02, 5.850000000000000000e+02, -2.434734306532089665e+00
1.169057447910308838e+02, 9.700000000000000000e+02, 5.310000000000000000e+02, -2.434734306532089665e+00
1.169371147155761719e+02, 9.810000000000000000e+02, 5.000000000000000000e+02, -2.434734306532089665e+00
1.169686520099639893e+02, 9.910000000000000000e+02, 4.660000000000000000e+02, -2.434734306532089665e+00
1.169994969367980957e+02, 9.910000000000000000e+02, 4.670000000000000000e+02, -2.434734306532089665e+00
1.170170547962188721e+02, 9.880000000000000000e+02, 4.780000000000000000e+02, -2.434734306532089665e+00
1.170332977771759033e+02, 9.870000000000000000e+02, 4.840000000000000000e+02, -4.712388980384689674e-01
1.170653879642486572e+02, 9.880000000000000000e+02, 4.850000000000000000e+02, -4.178318229274425311e-01
1.170976529121398926e+02, 9.930000000000000000e+02, 4.670000000000000000e+02, -4.036946559862883976e-01
1.171293959617614746e+02, 9.940000000000000000e+02, 4.510000000000000000e+02, -4.021238596594935433e-01
1.171613099575042725e+02, 9.930000000000000000e+02, 4.570000000000000000e+02, -4.021238596594935433e-01
1.171935858726501465e+02, 9.940000000000000000e+02, 4.560000000000000000e+02, -4.021238596594935433e-01
1.172257158756256104e+02, 9.930000000000000000e+02, 4.570000000000000000e+02, -4.021238596594935433e-01
1.172576627731323242e+02, 9.940000000000000000e+02, 4.560000000000000000e+02, -4.021238596594935433e-01
1.172896146774291992e+02, 9.940000000000000000e+02, 4.570000000000000000e+02, -4.021238596594935433e-01
1.173216257095336914e+02, 9.940000000000000000e+02, 4.570000000000000000e+02, -4.021238596594935433e-01
1.173535227775573730e+02, 9.930000000000000000e+02, 4.560000000000000000e+02, -4.021238596594935433e-01
1.173859007358551025e+02, 9.940000000000000000e+02, 4.570000000000000000e+02, -4.021238596594935433e-01
1.174175837039947510e+02, 9.930000000000000000e+02, 4.560000000000000000e+02, -4.021238596594935433e-01
1.174496507644653320e+02, 9.950000000000000000e+02, 4.570000000000000000e+02, -4.021238596594935433e-01
1.174813387393951416e+02, 9.950000000000000000e+02, 4.570000000000000000e+02, -4.021238596594935433e-01
1.175132439136505127e+02, 9.940000000000000000e+02, 4.560000000000000000e+02, -4.021238596594935433e-01
1.175453629493713379e+02, 9.950000000000000000e+02, 4.570000000000000000e+02, -4.021238596594935433e-01
1.175773088932037354e+02, 9.950000000000000000e+02, 4.570000000000000000e+02, -4.021238596594935433e-01
1.176114897727966309e+02, 9.940000000000000000e+02, 4.570000000000000000e+02, -2.434734306532089665e+00
1.176422417163848877e+02, 9.930000000000000000e+02, 4.570000000000000000e+02, -2.434734306532089665e+00
1.176712319850921631e+02, 9.970000000000000000e+02, 4.360000000000000000e+02, -2.434734306532089665e+00
1.177040677070617676e+02, 9.960000000000000000e+02, 3.670000000000000000e+02, -2.434734306532089665e+00
1.177354559898376465e+02, 9.910000000000000000e+02, 3.330000000000000000e+02, -2.434734306532089665e+00
1.177681987285614014e+02, 9.870000000000000000e+02, 3.330000000000000000e+02, -2.434734306532089665e+00
1.178014729022979736e+02, 9.820000000000000000e+02, 3.670000000000000000e+02, -3.078760800517997276e-01
1.178335969448089600e+02, 9.800000000000000000e+02, 4.000000000000000000e+02, -3.204424506661588956e-01
1.178656568527221680e+02, 9.910000000000000000e+02, 4.010000000000000000e+02, -3.345796176073129735e-01
1.178973147869110107e+02, 9.890000000000000000e+02, 4.160000000000000000e+02, -3.361504139341078834e-01
1.179294588565826416e+02, 9.910000000000000000e+02, 4.190000000000000000e+02, -3.361504139341078834e-01
1.179617168903350830e+02, 9.930000000000000000e+02, 4.200000000000000000e+02, -3.361504139341078834e-01
1.179939587116241455e+02, 9.930000000000000000e+02, 4.200000000000000000e+02, -3.361504139341078834e-01
1.180258848667144775e+02, 9.920000000000000000e+02, 4.200000000000000000e+02, -3.361504139341078834e-01
1.180576388835906982e+02, 9.930000000000000000e+02, 4.200000000000000000e+02, -3.361504139341078834e-01
1.180895507335662842e+02, 9.930000000000000000e+02, 4.200000000000000000e+02, -3.361504139341078834e-01
1.181213786602020264e+02, 9.930000000000000000e+02, 4.200000000000000000e+02, -3.361504139341078834e-01
1.181537237167358398e+02, 9.940000000000000000e+02, 4.200000000000000000e+02, -3.361504139341078834e-01
1.181855716705322266e+02, 9.940000000000000000e+02, 4.200000000000000000e+02, -3.361504139341078834e-01
1.182175188064575195e+02, 9.930000000000000000e+02, 4.200000000000000000e+02, -3.361504139341078834e-01
1.182492318153381348e+02, 9.940000000000000000e+02, 4.200000000000000000e+02, -3.361504139341078834e-01
1.182814736366271973e+02, 9.940000000000000000e+02, 4.200000000000000000e+02, -3.361504139341078834e-01
1.183132407665252686e+02, 9.930000000000000000e+02, 4.190000000000000000e+02, -3.361504139341078834e-01
1.183454148769378662e+02, 9.930000000000000000e+02, 4.200000000000000000e+02, -3.361504139341078834e-01
1.183772628307342529e+02, 9.930000000000000000e+02, 4.200000000000000000e+02, -3.361504139341078834e-01
1.184096558094024658e+02, 9.940000000000000000e+02, 4.200000000000000000e+02, -3.361504139341078834e-01
1.184420459270477295e+02, 9.930000000000000000e+02, 4.200000000000000000e+02, -3.581415625092364552e-01
1.184732227325439453e+02, 9.930000000000000000e+02, 4.200000000000000000e+02, -3.754203221039802418e-01
1.185053997039794922e+02, 9.930000000000000000e+02, 4.280000000000000000e+02, -3.801327110843649715e-01
1.185375008583068848e+02, 9.920000000000000000e+02, 4.340000000000000000e+02, -3.801327110843649715e-01
1.185695497989654541e+02, 9.920000000000000000e+02, 4.340000000000000000e+02, -3.801327110843649715e-01
1.186012659072875977e+02, 9.920000000000000000e+02, 4.350000000000000000e+02, -3.801327110843649715e-01
1.186332108974456787e+02, 9.930000000000000000e+02, 4.350000000000000000e+02, -3.801327110843649715e-01
1.186656079292297363e+02, 9.930000000000000000e+02, 4.350000000000000000e+02, -3.801327110843649715e-01
1.186974778175354004e+02, 9.930000000000000000e+02, 4.350000000000000000e+02, -3.801327110843649715e-01
1.187297179698944092e+02, 9.930000000000000000e+02, 4.350000000000000000e+02, -3.801327110843649715e-01
1.187613146305084229e+02, 9.920000000000000000e+02, 4.350000000000000000e+02, -3.801327110843649715e-01
1.187935447692871094e+02, 9.920000000000000000e+02, 4.340000000000000000e+02, -3.801327110843649715e-01
1.188253839015960693e+02, 9.930000000000000000e+02, 4.350000000000000000e+02, -3.801327110843649715e-01
1.188568708896636963e+02, 9.920000000000000000e+02, 4.350000000000000000e+02, -3.801327110843649715e-01
1.188892457485198975e+02, 9.920000000000000000e+02, 4.350000000000000000e+02, -3.801327110843649715e-01
1.189215867519378662e+02, 9.920000000000000000e+02, 4.350000000000000000e+02, -3.801327110843649715e-01
1.189534218311309814e+02, 9.920000000000000000e+02, 4.340000000000000000e+02, -3.801327110843649715e-01
1.189854409694671631e+02, 9.920000000000000000e+02, 4.350000000000000000e+02, -3.801327110843649715e-01
1.190177128314971924e+02, 9.930000000000000000e+02, 4.350000000000000000e+02, -3.801327110843649715e-01
1.190492548942565918e+02, 9.920000000000000000e+02, 4.350000000000000000e+02, -3.801327110843649715e-01
1.190811908245086670e+02, 9.930000000000000000e+02, 4.340000000000000000e+02, -3.801327110843649715e-01
1.191136209964752197e+02, 9.930000000000000000e+02, 4.350000000000000000e+02, -3.801327110843649715e-01
1.191454567909240723e+02, 9.930000000000000000e+02, 4.350000000000000000e+02, -3.801327110843649715e-01
1.191773970127105713e+02, 9.920000000000000000e+02, 4.340000000000000000e+02, -3.801327110843649715e-01
1.192098739147186279e+02, 9.930000000000000000e+02, 4.340000000000000000e+02, -3.801327110843649715e-01
1.192416708469390869e+02, 9.930000000000000000e+02, 4.350000000000000000e+02, -5.262167694762903691e-01
1.192734198570251465e+02, 9.920000000000000000e+02, 4.350000000000000000e+02, -7.429866625739860453e-01
1.193053939342498779e+02, 9.880000000000000000e+02, 4.590000000000000000e+02, -8.529424054496288488e-01
1.193377087116241455e+02, 9.730000000000000000e+02, 5.140000000000000000e+02, -8.765043503515523859e-01
1.193694138526916504e+02, 9.340000000000000000e+02, 5.950000000000000000e+02, -8.796459430051422057e-01
1.194014227390289307e+02, 9.300000000000000000e+02, 6.000000000000000000e+02, -8.796459430051422057e-01
1.194336318969726562e+02, 9.230000000000000000e+02, 6.090000000000000000e+02, -8.796459430051422057e-01
1.194655549526214600e+02, 9.230000000000000000e+02, 6.100000000000000000e+02, -8.796459430051422057e-01
1.194975688457489014e+02, 9.240000000000000000e+02, 6.110000000000000000e+02, -8.796459430051422057e-01
1.195295670032501221e+02, 9.230000000000000000e+02, 6.100000000000000000e+02, -8.796459430051422057e-01
1.195614519119262695e+02, 9.230000000000000000e+02, 6.100000000000000000e+02, -8.796459430051422057e-01
1.195935158729553223e+02, 9.230000000000000000e+02, 6.100000000000000000e+02, -8.796459430051422057e-01
1.196255748271942139e+02, 9.240000000000000000e+02, 6.100000000000000000e+02, -8.796459430051422057e-01
1.196579668521881104e+02, 9.220000000000000000e+02, 6.100000000000000000e+02, -8.796459430051422057e-01
1.196895048618316650e+02, 9.230000000000000000e+02, 6.100000000000000000e+02, -8.796459430051422057e-01
1.197211117744445801e+02, 9.230000000000000000e+02, 6.100000000000000000e+02, -8.796459430051422057e-01
1.197536048889160156e+02, 9.230000000000000000e+02, 6.100000000000000000e+02, -8.796459430051422057e-01
1.197852437496185303e+02, 9.220000000000000000e+02, 6.100000000000000000e+02, -8.796459430051422057e-01
1.198172616958618164e+02, 9.220000000000000000e+02, 6.100000000000000000e+02, -8.796459430051422057e-01
1.198489468097686768e+02, 9.230000000000000000e+02, 6.100000000000000000e+02, -8.796459430051422057e-01
1.198810408115386963e+02, 9.230000000000000000e+02, 6.100000000000000000e+02, -8.796459430051422057e-01
1.199134178161621094e+02, 9.220000000000000000e+02, 6.100000000000000000e+02, -8.796459430051422057e-01
1.199453649520874023e+02, 9.230000000000000000e+02, 6.100000000000000000e+02, -8.796459430051422057e-01
1.199772408008575439e+02, 9.230000000000000000e+02, 6.100000000000000000e+02, -8.796459430051422057e-01
1.200093708038330078e+02, 9.230000000000000000e+02, 6.110000000000000000e+02, -8.796459430051422057e-01
1.200412628650665283e+02, 9.230000000000000000e+02, 6.110000000000000000e+02, -8.262388678941156028e-01
1.200732369422912598e+02, 9.230000000000000000e+02, 6.100000000000000000e+02, -7.822565707438584592e-01
1.201053879261016846e+02, 9.410000000000000000e+02, 5.830000000000000000e+02, -7.728317927830891110e-01
1.201374678611755371e+02, 9.500000000000000000e+02, 5.680000000000000000e+02, -7.696902001294992912e-01
1.201694688796997070e+02, 9.440000000000000000e+02, 5.780000000000000000e+02, -7.681194038027043813e-01
1.202015128135681152e+02, 9.440000000000000000e+02, 5.790000000000000000e+02, -7.681194038027043813e-01
1.202333118915557861e+02, 9.440000000000000000e+02, 5.780000000000000000e+02, -7.681194038027043813e-01
1.202656557559967041e+02, 9.430000000000000000e+02, 5.780000000000000000e+02, -7.681194038027043813e-01
1.202977459430694580e+02, 9.450000000000000000e+02, 5.790000000000000000e+02, -7.681194038027043813e-01
1.203293018341064453e+02, 9.440000000000000000e+02, 5.790000000000000000e+02, -7.681194038027043813e-01
1.203614068031311035e+02, 9.440000000000000000e+02, 5.790000000000000000e+02, -7.681194038027043813e-01
1.203935387134552002e+02, 9.440000000000000000e+02, 5.780000000000000000e+02, -7.681194038027043813e-01
1.204259366989135742e+02, 9.440000000000000000e+02, 5.790000000000000000e+02, -7.681194038027043813e-01
1.204571566581726074e+02, 9.440000000000000000e+02, 5.790000000000000000e+02, -7.681194038027043813e-01
1.204896357059478760e+02, 9.440000000000000000e+02, 5.790000000000000000e+02, -7.681194038027043813e-01
1.205215778350830078e+02, 9.440000000000000000e+02, 5.780000000000000000e+02, -7.681194038027043813e-01
1.205532469749450684e+02, 9.440000000000000000e+02, 5.790000000000000000e+02, -7.681194038027043813e-01
1.205857617855072021e+02, 9.440000000000000000e+02, 5.790000000000000000e+02, -7.681194038027043813e-01
1.206175959110260010e+02, 9.440000000000000000e+02, 5.790000000000000000e+02, -7.681194038027043813e-01
1.206493878364562988e+02, 9.450000000000000000e+02, 5.790000000000000000e+02, -7.681194038027043813e-01
1.206811437606811523e+02, 9.450000000000000000e+02, 5.790000000000000000e+02, -7.681194038027043813e-01
1.207131867408752441e+02, 9.450000000000000000e+02, 5.790000000000000000e+02, -7.681194038027043813e-01
1.207454047203063965e+02, 9.440000000000000000e+02, 5.790000000000000000e+02, -7.681194038027043813e-01
1.207772667407989502e+02, 9.440000000000000000e+02, 5.790000000000000000e+02, -7.681194038027043813e-01
1.208109848499298096e+02, 9.440000000000000000e+02, 5.780000000000000000e+02, -2.434734306532089665e+00
1.208375887870788574e+02, 9.440000000000000000e+02, 5.790000000000000000e+02, -2.434734306532089665e+00
1.208545327186584473e+02, 9.440000000000000000e+02, 5.790000000000000000e+02, -9.848892969004001685e-01
1.208892548084259033e+02, 9.400000000000000000e+02, 5.830000000000000000e+02, -1.138827336926300005e+00
1.209213798046112061e+02, 9.230000000000000000e+02, 6.100000000000000000e+02, -1.170243263462197980e+00
1.209535937309265137e+02, 8.850000000000000000e+02, 6.500000000000000000e+02, -1.173384856115787800e+00
1.209853727817535400e+02, 8.460000000000000000e+02, 6.700000000000000000e+02, -1.174955652442582599e+00
1.210175647735595703e+02, 8.470000000000000000e+02, 6.700000000000000000e+02, -1.174955652442582599e+00
1.210490198135375977e+02, 8.420000000000000000e+02, 6.720000000000000000e+02, -1.174955652442582599e+00
1.210814089775085449e+02, 8.430000000000000000e+02, 6.720000000000000000e+02, -1.174955652442582599e+00
1.211133089065551758e+02, 8.430000000000000000e+02, 6.710000000000000000e+02, -1.174955652442582599e+00
1.211456136703491211e+02, 8.420000000000000000e+02, 6.710000000000000000e+02, -1.174955652442582599e+00
1.211772186756134033e+02, 8.420000000000000000e+02, 6.710000000000000000e+02, -1.174955652442582599e+00
1.212113108634948730e+02, 8.410000000000000000e+02, 6.720000000000000000e+02, -2.434734306532089665e+00
1.212423298358917236e+02, 8.420000000000000000e+02, 6.710000000000000000e+02, -2.434734306532089665e+00
1.212739756107330322e+02, 8.420000000000000000e+02, 6.710000000000000000e+02, -2.434734306532089665e+00
1.213050029277801514e+02, 8.450000000000000000e+02, 6.700000000000000000e+02, -2.434734306532089665e+00
1.213266568183898926e+02, 8.420000000000000000e+02, 6.720000000000000000e+02, -2.434734306532089665e+00
1.213516097068786621e+02, 8.350000000000000000e+02, 6.740000000000000000e+02, -1.207942375305275373e+00
1.213853077888488770e+02, 8.330000000000000000e+02, 6.750000000000000000e+02, -1.207942375305275373e+00
1.214173660278320312e+02, 8.330000000000000000e+02, 6.740000000000000000e+02, -1.207942375305275373e+00
1.214494369029998779e+02, 8.340000000000000000e+02, 6.740000000000000000e+02, -1.207942375305275373e+00
1.214813199043273926e+02, 8.330000000000000000e+02, 6.740000000000000000e+02, -1.207942375305275373e+00
1.215132827758789062e+02, 8.340000000000000000e+02, 6.740000000000000000e+02, -1.207942375305275373e+00
1.215450348854064941e+02, 8.350000000000000000e+02, 6.740000000000000000e+02, -1.207942375305275373e+00
1.215774939060211182e+02, 8.340000000000000000e+02, 6.750000000000000000e+02, -1.207942375305275373e+00
1.216095228195190430e+02, 8.340000000000000000e+02, 6.740000000000000000e+02, -1.207942375305275373e+00
1.216412296295166016e+02, 8.340000000000000000e+02, 6.740000000000000000e+02, -1.182809634076557037e+00
1.216732826232910156e+02, 8.340000000000000000e+02, 6.740000000000000000e+02, -1.162389281828223542e+00
1.217052237987518311e+02, 8.440000000000000000e+02, 6.710000000000000000e+02, -1.159247689174633722e+00
1.217372689247131348e+02, 8.460000000000000000e+02, 6.690000000000000000e+02, -1.159247689174633722e+00
1.217691428661346436e+02, 8.460000000000000000e+02, 6.700000000000000000e+02, -1.157676892847838701e+00
1.218012177944183350e+02, 8.460000000000000000e+02, 6.690000000000000000e+02, -1.159247689174633722e+00
1.218337128162384033e+02, 8.450000000000000000e+02, 6.700000000000000000e+02, -1.157676892847838701e+00
1.218653419017791748e+02, 8.460000000000000000e+02, 6.700000000000000000e+02, -1.159247689174633722e+00
1.218970558643341064e+02, 8.460000000000000000e+02, 6.700000000000000000e+02, -1.159247689174633722e+00
1.219290328025817871e+02, 8.460000000000000000e+02, 6.700000000000000000e+02, -1.159247689174633722e+00
1.219609327316284180e+02, 8.450000000000000000e+02, 6.700000000000000000e+02, -1.159247689174633722e+00
1.219934966564178467e+02, 8.460000000000000000e+02, 6.700000000000000000e+02, -1.159247689174633722e+00
1.220254878997802734e+02, 8.460000000000000000e+02, 6.700000000000000000e+02, -1.157676892847838701e+00
1.220572378635406494e+02, 8.450000000000000000e+02, 6.700000000000000000e+02, -1.157676892847838701e+00
1.220892469882965088e+02, 8.460000000000000000e+02, 6.700000000000000000e+02, -1.159247689174633722e+00
1.221212408542633057e+02, 8.460000000000000000e+02, 6.700000000000000000e+02, -1.157676892847838701e+00
1.221530907154083252e+02, 8.460000000000000000e+02, 6.700000000000000000e+02, -1.157676892847838701e+00
1.221851618289947510e+02, 8.460000000000000000e+02, 6.700000000000000000e+02, -1.159247689174633722e+00
1.222172927856445312e+02, 8.460000000000000000e+02, 6.700000000000000000e+02, -1.157676892847838701e+00
1.222491116523742676e+02, 8.460000000000000000e+02, 6.700000000000000000e+02, -1.159247689174633722e+00
1.222805328369140625e+02, 8.460000000000000000e+02, 6.700000000000000000e+02, -1.159247689174633722e+00
1.223131058216094971e+02, 8.450000000000000000e+02, 6.700000000000000000e+02, -1.159247689174633722e+00
1.223448357582092285e+02, 8.460000000000000000e+02, 6.700000000000000000e+02, -1.159247689174633722e+00
1.223773548603057861e+02, 8.460000000000000000e+02, 6.700000000000000000e+02, -1.159247689174633722e+00
1.224093897342681885e+02, 8.450000000000000000e+02, 6.700000000000000000e+02, -2.434734306532089665e+00
1.224414458274841309e+02, 8.450000000000000000e+02, 6.700000000000000000e+02, -2.434734306532089665e+00
1.224720618724822998e+02, 8.440000000000000000e+02, 6.700000000000000000e+02, -2.434734306532089665e+00
1.225043866634368896e+02, 8.400000000000000000e+02, 6.720000000000000000e+02, -2.434734306532089665e+00
1.225369367599487305e+02, 8.650000000000000000e+02, 6.620000000000000000e+02, -2.434734306532089665e+00
1.225671048164367676e+02, 8.940000000000000000e+02, 6.410000000000000000e+02, -2.434734306532089665e+00
1.225981409549713135e+02, 9.110000000000000000e+02, 6.230000000000000000e+02, -2.434734306532089665e+00
1.226167306900024414e+02, 9.130000000000000000e+02, 6.220000000000000000e+02, -2.434734306532089665e+00
1.226325738430023193e+02, 9.110000000000000000e+02, 6.230000000000000000e+02, -9.519025740377072831e-01
1.226652107238769531e+02, 9.050000000000000000e+02, 6.300000000000000000e+02, -9.377654070965532052e-01
1.226974656581878662e+02, 9.040000000000000000e+02, 6.310000000000000000e+02, -9.314822217893735656e-01
1.227290477752685547e+02, 9.070000000000000000e+02, 6.290000000000000000e+02, -9.314822217893735656e-01
1.227606527805328369e+02, 9.070000000000000000e+02, 6.300000000000000000e+02, -9.314822217893735656e-01
1.227932648658752441e+02, 9.060000000000000000e+02, 6.290000000000000000e+02, -9.314822217893735656e-01
1.228254568576812744e+02, 9.070000000000000000e+02, 6.300000000000000000e+02, -9.314822217893735656e-01
1.228570890426635742e+02, 9.070000000000000000e+02, 6.290000000000000000e+02, -9.314822217893735656e-01
1.228898558616638184e+02, 9.070000000000000000e+02, 6.290000000000000000e+02, -9.314822217893735656e-01
1.229213666915893555e+02, 9.060000000000000000e+02, 6.290000000000000000e+02, -9.314822217893735656e-01
1.229534289836883545e+02, 9.070000000000000000e+02, 6.290000000000000000e+02, -9.314822217893735656e-01
1.229855358600616455e+02, 9.070000000000000000e+02, 6.290000000000000000e+02, -9.314822217893735656e-01
1.230173256397247314e+02, 9.070000000000000000e+02, 6.290000000000000000e+02, -9.314822217893735656e-01
1.230494956970214844e+02, 9.070000000000000000e+02, 6.290000000000000000e+02, -9.314822217893735656e-01
1.230811886787414551e+02, 9.070000000000000000e+02, 6.290000000000000000e+02, -9.314822217893735656e-01
1.231132447719573975e+02, 9.070000000000000000e+02, 6.290000000000000000e+02, -9.314822217893735656e-01
1.231455757617950439e+02, 9.060000000000000000e+02, 6.290000000000000000e+02, -9.314822217893735656e-01
1.231773357391357422e+02, 9.070000000000000000e+02, 6.290000000000000000e+02, -9.314822217893735656e-01
1.232097809314727783e+02, 9.070000000000000000e+02, 6.290000000000000000e+02, -2.434734306532089665e+00
1.232410387992858887e+02, 9.060000000000000000e+02, 6.300000000000000000e+02, -7.916813487046279185e-01
1.232730429172515869e+02, 9.090000000000000000e+02, 6.260000000000000000e+02, -5.654866776461627831e-01
1.233052208423614502e+02, 9.540000000000000000e+02, 5.570000000000000000e+02, -4.099778412934680372e-01
1.233371558189392090e+02, 9.800000000000000000e+02, 4.850000000000000000e+02, -3.754203221039802418e-01
1.233693869113922119e+02, 9.910000000000000000e+02, 4.230000000000000000e+02, -3.754203221039802418e-01
1.234012959003448486e+02, 9.910000000000000000e+02, 3.940000000000000000e+02, -3.754203221039802418e-01
1.234334096908569336e+02, 9.910000000000000000e+02, 4.010000000000000000e+02, -3.754203221039802418e-01
1.234653208255767822e+02, 9.890000000000000000e+02, 4.420000000000000000e+02, -3.754203221039802418e-01
1.234972119331359863e+02, 9.880000000000000000e+02, 4.440000000000000000e+02, -3.754203221039802418e-01
1.235295805931091309e+02, 9.880000000000000000e+02, 4.450000000000000000e+02, -3.754203221039802418e-01
1.235615396499633789e+02, 9.870000000000000000e+02, 4.440000000000000000e+02, -3.754203221039802418e-01
1.235933008193969727e+02, 9.880000000000000000e+02, 4.440000000000000000e+02, -3.754203221039802418e-01
1.236251289844512939e+02, 9.870000000000000000e+02, 4.440000000000000000e+02, -3.754203221039802418e-01
1.236573119163513184e+02, 9.890000000000000000e+02, 4.430000000000000000e+02, -3.754203221039802418e-01
1.236895117759704590e+02, 9.890000000000000000e+02, 4.440000000000000000e+02, -3.754203221039802418e-01
1.237213058471679688e+02, 9.880000000000000000e+02, 4.440000000000000000e+02, -3.754203221039802418e-01
1.237533357143402100e+02, 9.870000000000000000e+02, 4.440000000000000000e+02, -3.754203221039802418e-01
1.237856519222259521e+02, 9.880000000000000000e+02, 4.440000000000000000e+02, -3.754203221039802418e-01
1.238173120021820068e+02, 9.880000000000000000e+02, 4.450000000000000000e+02, -3.754203221039802418e-01
1.238488886356353760e+02, 9.890000000000000000e+02, 4.440000000000000000e+02, -3.754203221039802418e-01
1.238801667690277100e+02, 9.890000000000000000e+02, 4.440000000000000000e+02, -3.754203221039802418e-01
1.239130928516387939e+02, 9.880000000000000000e+02, 4.450000000000000000e+02, -3.754203221039802418e-01
1.239450507164001465e+02, 9.900000000000000000e+02, 4.450000000000000000e+02, -3.754203221039802418e-01
1.239773776531219482e+02, 9.880000000000000000e+02, 4.440000000000000000e+02, -3.754203221039802418e-01
1.240096068382263184e+02, 9.880000000000000000e+02, 4.450000000000000000e+02, -2.434734306532089665e+00
1.240382788181304932e+02, 9.880000000000000000e+02, 4.440000000000000000e+02, -2.434734306532089665e+00
1.240699830055236816e+02, 9.860000000000000000e+02, 4.480000000000000000e+02, -2.434734306532089665e+00
1.240875089168548584e+02, 9.850000000000000000e+02, 4.590000000000000000e+02, -2.434734306532089665e+00
1.241184988021850586e+02, 9.730000000000000000e+02, 5.060000000000000000e+02, -9.723229262860410005e-01
1.241533486843109131e+02, 9.610000000000000000e+02, 5.390000000000000000e+02, -9.833185005736052586e-01
1.241858088970184326e+02, 9.120000000000000000e+02, 6.230000000000000000e+02, -9.833185005736052586e-01
1.242172627449035645e+02, 9.020000000000000000e+02, 6.340000000000000000e+02, -9.833185005736052586e-01
1.242492098808288574e+02, 8.950000000000000000e+02, 6.420000000000000000e+02, -9.833185005736052586e-01
1.242812287807464600e+02, 8.950000000000000000e+02, 6.430000000000000000e+02, -9.817477042468103487e-01
1.243132379055023193e+02, 8.950000000000000000e+02, 6.420000000000000000e+02, -9.817477042468103487e-01
1.243451159000396729e+02, 8.950000000000000000e+02, 6.430000000000000000e+02, -9.833185005736052586e-01
1.243766379356384277e+02, 8.950000000000000000e+02, 6.430000000000000000e+02, -9.833185005736052586e-01
1.244096179008483887e+02, 8.950000000000000000e+02, 6.420000000000000000e+02, -2.434734306532089665e+00
1.244385719299316406e+02, 8.950000000000000000e+02, 6.420000000000000000e+02, -2.434734306532089665e+00
1.244709107875823975e+02, 8.910000000000000000e+02, 6.460000000000000000e+02, -2.434734306532089665e+00
1.245037367343902588e+02, 8.760000000000000000e+02, 6.560000000000000000e+02, -2.434734306532089665e+00
1.245209617614746094e+02, 8.630000000000000000e+02, 6.630000000000000000e+02, -2.434734306532089665e+00
1.245502548217773438e+02, 8.320000000000000000e+02, 6.740000000000000000e+02, -1.189092819383736677e+00
1.245852048397064209e+02, 8.410000000000000000e+02, 6.710000000000000000e+02, -1.196946801017711115e+00
1.246172127723693848e+02, 8.580000000000000000e+02, 6.650000000000000000e+02, -1.196946801017711115e+00
1.246492118835449219e+02, 8.570000000000000000e+02, 6.650000000000000000e+02, -1.196946801017711115e+00
1.246812088489532471e+02, 8.440000000000000000e+02, 6.710000000000000000e+02, -1.196946801017711115e+00
1.247132627964019775e+02, 8.350000000000000000e+02, 6.740000000000000000e+02, -1.196946801017711115e+00
1.247450129985809326e+02, 8.340000000000000000e+02, 6.740000000000000000e+02, -1.196946801017711115e+00
1.247767806053161621e+02, 8.340000000000000000e+02, 6.740000000000000000e+02, -1.196946801017711115e+00
1.248110148906707764e+02, 8.350000000000000000e+02, 6.740000000000000000e+02, -2.434734306532089665e+00
1.248412809371948242e+02, 8.340000000000000000e+02, 6.740000000000000000e+02, -2.434734306532089665e+00
1.248719978332519531e+02, 8.340000000000000000e+02, 6.740000000000000000e+02, -2.434734306532089665e+00
1.249050726890563965e+02, 8.380000000000000000e+02, 6.730000000000000000e+02, -2.434734306532089665e+00
1.249349517822265625e+02, 8.600000000000000000e+02, 6.650000000000000000e+02, -2.434734306532089665e+00
1.249666869640350342e+02, 8.740000000000000000e+02, 6.580000000000000000e+02, -2.434734306532089665e+00
1.249968798160552979e+02, 8.710000000000000000e+02, 6.590000000000000000e+02, -2.434734306532089665e+00
1.250202617645263672e+02, 8.730000000000000000e+02, 6.580000000000000000e+02, -2.434734306532089665e+00
1.250463979244232178e+02, 9.090000000000000000e+02, 6.270000000000000000e+02, -9.409069997501430249e-01
1.250808918476104736e+02, 9.180000000000000000e+02, 6.160000000000000000e+02, -9.613273519984766313e-01
1.251132249832153320e+02, 9.230000000000000000e+02, 6.100000000000000000e+02, -9.660397409788613610e-01
1.251449589729309082e+02, 9.130000000000000000e+02, 6.230000000000000000e+02, -9.691813336324511807e-01
1.251773438453674316e+02, 9.020000000000000000e+02, 6.350000000000000000e+02, -9.691813336324511807e-01
1.252096118927001953e+02, 9.010000000000000000e+02, 6.360000000000000000e+02, -2.434734306532089665e+00
1.252410476207733154e+02, 9.010000000000000000e+02, 6.360000000000000000e+02, -2.434734306532089665e+00
1.252730739116668701e+02, 9.010000000000000000e+02, 6.360000000000000000e+02, -2.434734306532089665e+00
1.253066208362579346e+02, 9.030000000000000000e+02, 6.330000000000000000e+02, -2.434734306532089665e+00
1.253354637622833252e+02, 9.000000000000000000e+02, 6.360000000000000000e+02, -2.434734306532089665e+00
1.253676698207855225e+02, 9.080000000000000000e+02, 6.280000000000000000e+02, -2.434734306532089665e+00
1.254008688926696777e+02, 9.010000000000000000e+02, 6.360000000000000000e+02, -2.434734306532089665e+00
1.254324908256530762e+02, 8.840000000000000000e+02, 6.510000000000000000e+02, -2.434734306532089665e+00
1.254491639137268066e+02, 8.840000000000000000e+02, 6.520000000000000000e+02, -1.071283094874119435e+00
1.254812588691711426e+02, 8.780000000000000000e+02, 6.550000000000000000e+02, -1.011592834455913303e+00
1.255130150318145752e+02, 8.790000000000000000e+02, 6.560000000000000000e+02, -9.723229262860410005e-01
1.255448367595672607e+02, 9.030000000000000000e+02, 6.330000000000000000e+02, -9.644689446520664511e-01
1.255772716999053955e+02, 9.050000000000000000e+02, 6.310000000000000000e+02, -9.644689446520664511e-01
1.256094436645507812e+02, 8.990000000000000000e+02, 6.380000000000000000e+02, -9.644689446520664511e-01
1.256414756774902344e+02, 8.980000000000000000e+02, 6.380000000000000000e+02, -9.581857593448869226e-01
1.256730978488922119e+02, 8.980000000000000000e+02, 6.380000000000000000e+02, -9.534733703645021929e-01
1.257049746513366699e+02, 9.000000000000000000e+02, 6.360000000000000000e+02, -9.519025740377072831e-01
1.257370157241821289e+02, 9.010000000000000000e+02, 6.350000000000000000e+02, -9.519025740377072831e-01
1.257695498466491699e+02, 9.020000000000000000e+02, 6.360000000000000000e+02, -9.519025740377072831e-01
1.258015558719635010e+02, 9.000000000000000000e+02, 6.350000000000000000e+02, -9.519025740377072831e-01
1.258332386016845703e+02, 9.010000000000000000e+02, 6.360000000000000000e+02, -9.519025740377072831e-01
1.258653068542480469e+02, 9.010000000000000000e+02, 6.350000000000000000e+02, -9.519025740377072831e-01
1.258970789909362793e+02, 9.000000000000000000e+02, 6.350000000000000000e+02, -9.519025740377072831e-01
1.259293048381805420e+02, 9.010000000000000000e+02, 6.360000000000000000e+02, -9.519025740377072831e-01
1.259612648487091064e+02, 9.010000000000000000e+02, 6.360000000000000000e+02, -9.519025740377072831e-01
1.259932568073272705e+02, 9.010000000000000000e+02, 6.360000000000000000e+02, -9.519025740377072831e-01
1.260253980159759521e+02, 9.010000000000000000e+02, 6.350000000000000000e+02, -9.519025740377072831e-01
1.260568938255310059e+02, 9.020000000000000000e+02, 6.350000000000000000e+02, -9.519025740377072831e-01
1.260893397331237793e+02, 9.010000000000000000e+02, 6.360000000000000000e+02, -9.519025740377072831e-01
1.261213128566741943e+02, 9.020000000000000000e+02, 6.360000000000000000e+02, -9.519025740377072831e-01
1.261529908180236816e+02, 9.020000000000000000e+02, 6.350000000000000000e+02, -9.519025740377072831e-01
1.261854898929595947e+02, 9.000000000000000000e+02, 6.360000000000000000e+02, -9.519025740377072831e-01
1.262170040607452393e+02, 9.010000000000000000e+02, 6.350000000000000000e+02, -9.519025740377072831e-01
1.262493009567260742e+02, 9.010000000000000000e+02, 6.360000000000000000e+02, -9.519025740377072831e-01
1.262809457778930664e+02, 9.020000000000000000e+02, 6.360000000000000000e+02, -9.519025740377072831e-01
1.263132019042968750e+02, 9.010000000000000000e+02, 6.350000000000000000e+02, -9.519025740377072831e-01
1.263452217578887939e+02, 9.000000000000000000e+02, 6.350000000000000000e+02, -9.519025740377072831e-01
1.263770396709442139e+02, 9.010000000000000000e+02, 6.350000000000000000e+02, -9.519025740377072831e-01
1.264092826843261719e+02, 9.000000000000000000e+02, 6.360000000000000000e+02, -9.519025740377072831e-01
1.264410958290100098e+02, 9.020000000000000000e+02, 6.350000000000000000e+02, -1.002168056495144066e+00
1.264734048843383789e+02, 9.010000000000000000e+02, 6.350000000000000000e+02, -1.041437964665016480e+00
1.265053837299346924e+02, 8.940000000000000000e+02, 6.430000000000000000e+02, -1.049291946298990919e+00
1.265374207496643066e+02, 8.790000000000000000e+02, 6.550000000000000000e+02, -1.050862742625785939e+00
1.265689718723297119e+02, 8.790000000000000000e+02, 6.550000000000000000e+02, -1.050862742625785939e+00
1.266012368202209473e+02, 8.790000000000000000e+02, 6.560000000000000000e+02, -1.050862742625785939e+00
1.266330938339233398e+02, 8.780000000000000000e+02, 6.550000000000000000e+02, -1.050862742625785939e+00
1.266651320457458496e+02, 8.790000000000000000e+02, 6.550000000000000000e+02, -1.050862742625785939e+00
1.266967506408691406e+02, 8.790000000000000000e+02, 6.560000000000000000e+02, -1.050862742625785939e+00
1.267288358211517334e+02, 8.790000000000000000e+02, 6.560000000000000000e+02, -1.050862742625785939e+00
1.267612318992614746e+02, 8.780000000000000000e+02, 6.550000000000000000e+02, -1.050862742625785939e+00
1.267928209304809570e+02, 8.790000000000000000e+02, 6.550000000000000000e+02, -1.050862742625785939e+00
1.268250827789306641e+02, 8.790000000000000000e+02, 6.550000000000000000e+02, -1.050862742625785939e+00
1.268572678565979004e+02, 8.780000000000000000e+02, 6.550000000000000000e+02, -1.050862742625785939e+00
1.268887639045715332e+02, 8.790000000000000000e+02, 6.550000000000000000e+02, -1.050862742625785939e+00
1.269211246967315674e+02, 8.780000000000000000e+02, 6.550000000000000000e+02, -1.050862742625785939e+00
1.269533498287200928e+02, 8.790000000000000000e+02, 6.550000000000000000e+02, -1.050862742625785939e+00
1.269852998256683350e+02, 8.780000000000000000e+02, 6.550000000000000000e+02, -1.050862742625785939e+00
1.270173077583312988e+02, 8.790000000000000000e+02, 6.550000000000000000e+02, -1.050862742625785939e+00
1.270491037368774414e+02, 8.790000000000000000e+02, 6.560000000000000000e+02, -1.050862742625785939e+00
1.270811619758605957e+02, 8.780000000000000000e+02, 6.560000000000000000e+02, -1.050862742625785939e+00
1.271128718852996826e+02, 8.790000000000000000e+02, 6.550000000000000000e+02, -1.050862742625785939e+00
1.271446957588195801e+02, 8.790000000000000000e+02, 6.560000000000000000e+02, -1.050862742625785939e+00
1.271773467063903809e+02, 8.790000000000000000e+02, 6.560000000000000000e+02, -1.050862742625785939e+00
1.272112367153167725e+02, 8.780000000000000000e+02, 6.550000000000000000e+02, -2.434734306532089665e+00
1.272376487255096436e+02, 8.780000000000000000e+02, 6.560000000000000000e+02, -2.434734306532089665e+00
1.272580909729003906e+02, 8.790000000000000000e+02, 6.550000000000000000e+02, -2.434734306532089665e+00
1.272856497764587402e+02, 9.250000000000000000e+02, 6.070000000000000000e+02, -8.827875356587319144e-01
1.273211977481842041e+02, 9.440000000000000000e+02, 5.810000000000000000e+02, -8.482300164692442301e-01
1.273532578945159912e+02, 9.610000000000000000e+02, 5.430000000000000000e+02, -8.419468311620645906e-01
1.273850498199462891e+02, 9.620000000000000000e+02, 5.380000000000000000e+02, -8.403760348352696807e-01
1.274171137809753418e+02, 9.530000000000000000e+02, 5.610000000000000000e+02, -8.388052385084747709e-01
1.274496047496795654e+02, 9.290000000000000000e+02, 6.040000000000000000e+02, -8.372344421816798610e-01
1.274810948371887207e+02, 9.280000000000000000e+02, 6.030000000000000000e+02, -8.356636458548850621e-01
1.275132808685302734e+02, 9.280000000000000000e+02, 6.030000000000000000e+02, -8.356636458548850621e-01
1.275450649261474609e+02, 9.280000000000000000e+02, 6.030000000000000000e+02, -8.356636458548850621e-01
1.275768618583679199e+02, 9.290000000000000000e+02, 6.030000000000000000e+02, -8.356636458548850621e-01
1.276107919216156006e+02, 9.280000000000000000e+02, 6.030000000000000000e+02, -2.434734306532089665e+00
1.276364128589630127e+02, 9.290000000000000000e+02, 6.030000000000000000e+02, -2.434734306532089665e+00
1.276543459892272949e+02, 9.300000000000000000e+02, 6.010000000000000000e+02, -6.047565858160351970e-01
1.276895558834075928e+02, 9.510000000000000000e+02, 5.680000000000000000e+02, -3.644247478164160392e-01
1.277211208343505859e+02, 9.790000000000000000e+02, 4.920000000000000000e+02, -2.623229865747477296e-01
1.277533378601074219e+02, 9.930000000000000000e+02, 4.200000000000000000e+02, -2.450442269800038597e-01
1.277853109836578369e+02, 9.900000000000000000e+02, 3.700000000000000000e+02, -2.450442269800038597e-01
1.278168468475341797e+02, 9.870000000000000000e+02, 3.600000000000000000e+02, -2.450442269800038597e-01
1.278490078449249268e+02, 9.850000000000000000e+02, 3.800000000000000000e+02, -2.450442269800038597e-01
1.278812007904052734e+02, 9.910000000000000000e+02, 3.950000000000000000e+02, -2.450442269800038597e-01
1.279133298397064209e+02, 9.920000000000000000e+02, 3.970000000000000000e+02, -2.450442269800038597e-01
1.279446346759796143e+02, 9.910000000000000000e+02, 3.970000000000000000e+02, -2.450442269800038597e-01
1.279771289825439453e+02, 9.910000000000000000e+02, 3.970000000000000000e+02, -2.450442269800038597e-01
1.280101497173309326e+02, 9.910000000000000000e+02, 3.970000000000000000e+02, -2.434734306532089665e+00
1.280360970497131348e+02, 9.900000000000000000e+02, 3.970000000000000000e+02, -2.434734306532089665e+00
1.280553920269012451e+02, 9.920000000000000000e+02, 3.980000000000000000e+02, -2.434734306532089665e+00
1.280866377353668213e+02, 9.910000000000000000e+02, 4.150000000000000000e+02, -4.146902302738527113e-01
1.281212759017944336e+02, 9.890000000000000000e+02, 4.360000000000000000e+02, -4.366813788489812831e-01
1.281529498100280762e+02, 9.860000000000000000e+02, 4.500000000000000000e+02, -4.413937678293659572e-01
1.281853768825531006e+02, 9.850000000000000000e+02, 4.580000000000000000e+02, -4.413937678293659572e-01
1.282170739173889160e+02, 9.850000000000000000e+02, 4.590000000000000000e+02, -4.413937678293659572e-01
1.282482008934020996e+02, 9.860000000000000000e+02, 4.590000000000000000e+02, -4.413937678293659572e-01
1.282809197902679443e+02, 9.860000000000000000e+02, 4.590000000000000000e+02, -4.413937678293659572e-01
1.283128666877746582e+02, 9.860000000000000000e+02, 4.580000000000000000e+02, -4.413937678293659572e-01
1.283449168205261230e+02, 9.870000000000000000e+02, 4.590000000000000000e+02, -4.413937678293659572e-01
1.283770999908447266e+02, 9.860000000000000000e+02, 4.590000000000000000e+02, -4.413937678293659572e-01
1.284106507301330566e+02, 9.860000000000000000e+02, 4.590000000000000000e+02, -2.434734306532089665e+00
1.284372208118438721e+02, 9.860000000000000000e+02, 4.590000000000000000e+02, -2.434734306532089665e+00
1.284577028751373291e+02, 9.860000000000000000e+02, 4.590000000000000000e+02, -2.434734306532089665e+00
1.284859566688537598e+02, 9.870000000000000000e+02, 4.580000000000000000e+02, -3.817035074111598814e-01
1.285214037895202637e+02, 9.890000000000000000e+02, 4.460000000000000000e+02, -3.974114706791088136e-01
1.285536036491394043e+02, 9.900000000000000000e+02, 4.280000000000000000e+02, -4.005530633326986334e-01
1.285850188732147217e+02, 9.870000000000000000e+02, 4.450000000000000000e+02, -4.005530633326986334e-01
1.286169457435607910e+02, 9.880000000000000000e+02, 4.460000000000000000e+02, -4.005530633326986334e-01
1.286485378742218018e+02, 9.880000000000000000e+02, 4.460000000000000000e+02, -4.005530633326986334e-01
1.286810758113861084e+02, 9.880000000000000000e+02, 4.450000000000000000e+02, -4.005530633326986334e-01
1.287159979343414307e+02, 9.880000000000000000e+02, 4.460000000000000000e+02, -4.005530633326986334e-01
1.287451667785644531e+02, 9.880000000000000000e+02, 4.460000000000000000e+02, -4.005530633326986334e-01
1.287765917778015137e+02, 9.890000000000000000e+02, 4.460000000000000000e+02, -4.005530633326986334e-01
1.288104147911071777e+02, 9.870000000000000000e+02, 4.470000000000000000e+02, -2.434734306532089665e+00
1.288389058113098145e+02, 9.880000000000000000e+02, 4.460000000000000000e+02, -2.434734306532089665e+00
1.288685617446899414e+02, 9.870000000000000000e+02, 4.490000000000000000e+02, -2.434734306532089665e+00
1.288865718841552734e+02, 9.860000000000000000e+02, 4.560000000000000000e+02, -2.434734306532089665e+00
1.289172799587249756e+02, 9.800000000000000000e+02, 4.840000000000000000e+02, -4.555309347705199796e-01
1.289531528949737549e+02, 9.800000000000000000e+02, 4.860000000000000000e+02, -3.989822670059037235e-01
1.289850239753723145e+02, 9.860000000000000000e+02, 4.560000000000000000e+02, -3.911282853719292296e-01
1.290164017677307129e+02, 9.870000000000000000e+02, 4.450000000000000000e+02, -3.895574890451343197e-01
1.290498619079589844e+02, 9.870000000000000000e+02, 4.510000000000000000e+02, -3.895574890451343197e-01
1.290808677673339844e+02, 9.880000000000000000e+02, 4.510000000000000000e+02, -3.895574890451343197e-01
1.291127359867095947e+02, 9.880000000000000000e+02, 4.510000000000000000e+02, -3.895574890451343197e-01
1.291446719169616699e+02, 9.860000000000000000e+02, 4.510000000000000000e+02, -3.895574890451343197e-01
1.291768958568572998e+02, 9.880000000000000000e+02, 4.510000000000000000e+02, -3.895574890451343197e-01
1.292103717327117920e+02, 9.860000000000000000e+02, 4.510000000000000000e+02, -2.434734306532089665e+00
1.292374856472015381e+02, 9.860000000000000000e+02, 4.510000000000000000e+02, -2.434734306532089665e+00
1.292700788974761963e+02, 9.860000000000000000e+02, 4.550000000000000000e+02, -2.434734306532089665e+00
1.292878856658935547e+02, 9.830000000000000000e+02, 4.680000000000000000e+02, -2.434734306532089665e+00
1.293183758258819580e+02, 9.700000000000000000e+02, 5.160000000000000000e+02, -8.183848862601411644e-01
1.293534636497497559e+02, 9.580000000000000000e+02, 5.480000000000000000e+02, -8.780751466783472958e-01
1.293853728771209717e+02, 9.310000000000000000e+02, 6.030000000000000000e+02, -8.874999246391164220e-01
1.294167029857635498e+02, 9.210000000000000000e+02, 6.160000000000000000e+02, -8.874999246391164220e-01
1.294493539333343506e+02, 9.210000000000000000e+02, 6.170000000000000000e+02, -8.874999246391164220e-01
1.294809048175811768e+02, 9.210000000000000000e+02, 6.170000000000000000e+02, -8.874999246391164220e-01
1.295125567913055420e+02, 9.200000000000000000e+02, 6.170000000000000000e+02, -8.890707209659113319e-01
1.295448896884918213e+02, 9.200000000000000000e+02, 6.170000000000000000e+02, -8.874999246391164220e-01
1.295770287513732910e+02, 9.210000000000000000e+02, 6.170000000000000000e+02, -8.874999246391164220e-01
1.296091778278350830e+02, 9.210000000000000000e+02, 6.170000000000000000e+02, -8.890707209659113319e-01
1.296408507823944092e+02, 9.210000000000000000e+02, 6.170000000000000000e+02, -1.041437964665016480e+00
1.296728849411010742e+02, 9.200000000000000000e+02, 6.190000000000000000e+02, -1.173384856115787800e+00
1.297052698135375977e+02, 9.050000000000000000e+02, 6.360000000000000000e+02, -1.204800782651685775e+00
1.297369747161865234e+02, 8.770000000000000000e+02, 6.630000000000000000e+02, -1.207942375305275373e+00
1.297687377929687500e+02, 8.410000000000000000e+02, 6.790000000000000000e+02, -1.207942375305275373e+00
1.298011078834533691e+02, 8.420000000000000000e+02, 6.770000000000000000e+02, -1.207942375305275373e+00
1.298330378532409668e+02, 8.390000000000000000e+02, 6.780000000000000000e+02, -1.207942375305275373e+00
1.298652086257934570e+02, 8.380000000000000000e+02, 6.780000000000000000e+02, -1.207942375305275373e+00
1.298968188762664795e+02, 8.380000000000000000e+02, 6.780000000000000000e+02, -1.207942375305275373e+00
1.299287838935852051e+02, 8.390000000000000000e+02, 6.780000000000000000e+02, -1.207942375305275373e+00
1.299604828357696533e+02, 8.380000000000000000e+02, 6.780000000000000000e+02, -1.207942375305275373e+00
1.299930067062377930e+02, 8.380000000000000000e+02, 6.770000000000000000e+02, -1.207942375305275373e+00
1.300252799987792969e+02, 8.380000000000000000e+02, 6.770000000000000000e+02, -1.207942375305275373e+00
1.300570449829101562e+02, 8.380000000000000000e+02, 6.780000000000000000e+02, -1.207942375305275373e+00
1.300890948772430420e+02, 8.390000000000000000e+02, 6.770000000000000000e+02, -1.207942375305275373e+00
1.301211647987365723e+02, 8.380000000000000000e+02, 6.770000000000000000e+02, -1.207942375305275373e+00
1.301523387432098389e+02, 8.380000000000000000e+02, 6.780000000000000000e+02, -1.207942375305275373e+00
1.301852657794952393e+02, 8.390000000000000000e+02, 6.770000000000000000e+02, -1.207942375305275373e+00
1.302168760299682617e+02, 8.380000000000000000e+02, 6.780000000000000000e+02, -1.207942375305275373e+00
1.302485637664794922e+02, 8.390000000000000000e+02, 6.770000000000000000e+02, -1.206371578978480574e+00
1.302805488109588623e+02, 8.380000000000000000e+02, 6.780000000000000000e+02, -1.207942375305275373e+00
1.303130257129669189e+02, 8.380000000000000000e+02, 6.780000000000000000e+02, -1.207942375305275373e+00
1.303445577621459961e+02, 8.380000000000000000e+02, 6.770000000000000000e+02, -1.207942375305275373e+00
1.303771467208862305e+02, 8.380000000000000000e+02, 6.770000000000000000e+02, -1.207942375305275373e+00
1.304098088741302490e+02, 8.380000000000000000e+02, 6.770000000000000000e+02, -2.434734306532089665e+00
1.304410448074340820e+02, 8.380000000000000000e+02, 6.780000000000000000e+02, -2.434734306532089665e+00
1.304700789451599121e+02, 8.700000000000000000e+02, 6.680000000000000000e+02, -2.434734306532089665e+00
1.305035257339477539e+02, 9.290000000000000000e+02, 6.090000000000000000e+02, -2.434734306532089665e+00
1.305209498405456543e+02, 9.490000000000000000e+02, 5.810000000000000000e+02, -2.434734306532089665e+00
1.305501818656921387e+02, 9.640000000000000000e+02, 5.480000000000000000e+02, -6.691592352146259470e-01
1.305849127769470215e+02, 9.640000000000000000e+02, 5.420000000000000000e+02, -6.864379948093698447e-01
1.306169958114624023e+02, 9.610000000000000000e+02, 5.470000000000000000e+02, -6.911503837897544633e-01
1.306489827632904053e+02, 9.590000000000000000e+02, 5.480000000000000000e+02, -6.911503837897544633e-01
1.306809227466583252e+02, 9.590000000000000000e+02, 5.490000000000000000e+02, -6.927211801165493732e-01
1.307128000259399414e+02, 9.580000000000000000e+02, 5.490000000000000000e+02, -6.927211801165493732e-01
1.307449228763580322e+02, 9.590000000000000000e+02, 5.500000000000000000e+02, -6.927211801165493732e-01
1.307767317295074463e+02, 9.600000000000000000e+02, 5.490000000000000000e+02, -6.927211801165493732e-01
1.308090167045593262e+02, 9.590000000000000000e+02, 5.500000000000000000e+02, -6.927211801165493732e-01
1.308409137725830078e+02, 9.600000000000000000e+02, 5.500000000000000000e+02, -5.529203070318035040e-01
1.308729867935180664e+02, 9.590000000000000000e+02, 5.490000000000000000e+02, -4.508185457901352500e-01
1.309048807621002197e+02, 9.850000000000000000e+02, 4.740000000000000000e+02, -4.288273972150067892e-01
1.309366588592529297e+02, 9.930000000000000000e+02, 4.040000000000000000e+02, -4.288273972150067892e-01
1.309687128067016602e+02, 9.910000000000000000e+02, 3.680000000000000000e+02, -4.288273972150067892e-01
1.310010628700256348e+02, 9.890000000000000000e+02, 3.680000000000000000e+02, -4.288273972150067892e-01
1.310326399803161621e+02, 9.910000000000000000e+02, 4.050000000000000000e+02, -4.272566008882118793e-01
1.310648357868194580e+02, 9.890000000000000000e+02, 4.650000000000000000e+02, -4.272566008882118793e-01
1.310969369411468506e+02, 9.870000000000000000e+02, 4.650000000000000000e+02, -4.272566008882118793e-01
1.311285917758941650e+02, 9.890000000000000000e+02, 4.670000000000000000e+02, -4.272566008882118793e-01
1.311608009338378906e+02, 9.880000000000000000e+02, 4.660000000000000000e+02, -4.272566008882118793e-01
1.311928207874298096e+02, 9.870000000000000000e+02, 4.660000000000000000e+02, -4.272566008882118793e-01
1.312249426841735840e+02, 9.880000000000000000e+02, 4.660000000000000000e+02, -4.288273972150067892e-01
1.312571246623992920e+02, 9.890000000000000000e+02, 4.660000000000000000e+02, -4.288273972150067892e-01
1.312887928485870361e+02, 9.880000000000000000e+02, 4.650000000000000000e+02, -4.272566008882118793e-01
1.313209290504455566e+02, 9.880000000000000000e+02, 4.660000000000000000e+02, -4.272566008882118793e-01
1.313529238700866699e+02, 9.870000000000000000e+02, 4.660000000000000000e+02, -4.288273972150067892e-01
1.313850607872009277e+02, 9.880000000000000000e+02, 4.660000000000000000e+02, -4.272566008882118793e-01
1.314168708324432373e+02, 9.880000000000000000e+02, 4.660000000000000000e+02, -4.272566008882118793e-01
1.314488408565521240e+02, 9.880000000000000000e+02, 4.660000000000000000e+02, -4.272566008882118793e-01
1.314808287620544434e+02, 9.880000000000000000e+02, 4.660000000000000000e+02, -4.272566008882118793e-01
1.315124869346618652e+02, 9.880000000000000000e+02, 4.670000000000000000e+02, -4.272566008882118793e-01
1.315448119640350342e+02, 9.880000000000000000e+02, 4.670000000000000000e+02, -4.272566008882118793e-01
1.315769567489624023e+02, 9.880000000000000000e+02, 4.660000000000000000e+02, -4.288273972150067892e-01
1.316099607944488525e+02, 9.890000000000000000e+02, 4.660000000000000000e+02, -2.434734306532089665e+00
1.316404979228973389e+02, 9.890000000000000000e+02, 4.650000000000000000e+02, -2.434734306532089665e+00
1.316716947555541992e+02, 9.910000000000000000e+02, 4.480000000000000000e+02, -2.434734306532089665e+00
1.317023580074310303e+02, 9.960000000000000000e+02, 3.880000000000000000e+02, -2.434734306532089665e+00
1.317376837730407715e+02, 9.910000000000000000e+02, 3.650000000000000000e+02, -2.434734306532089665e+00
1.317667109966278076e+02, 9.870000000000000000e+02, 3.630000000000000000e+02, -2.434734306532089665e+00
1.317848749160766602e+02, 9.890000000000000000e+02, 3.500000000000000000e+02, -2.434734306532089665e+00
1.318128848075866699e+02, 9.850000000000000000e+02, 3.190000000000000000e+02, 1.099557428756427757e-01
1.318491837978363037e+02, 9.810000000000000000e+02, 2.980000000000000000e+02, 1.806415775814131097e-01
1.318810207843780518e+02, 9.670000000000000000e+02, 2.560000000000000000e+02, 1.900663555421824857e-01
1.319128530025482178e+02, 9.500000000000000000e+02, 2.430000000000000000e+02, 1.900663555421824857e-01
1.319447548389434814e+02, 9.320000000000000000e+02, 2.540000000000000000e+02, 1.900663555421824857e-01
1.319761278629302979e+02, 9.140000000000000000e+02, 2.580000000000000000e+02, 1.916371518689773679e-01
1.320113368034362793e+02, 8.900000000000000000e+02, 2.630000000000000000e+02, -2.434734306532089665e+00
1.320416958332061768e+02, 8.630000000000000000e+02, 2.670000000000000000e+02, -2.434734306532089665e+00
1.320742857456207275e+02, 8.270000000000000000e+02, 2.640000000000000000e+02, -2.434734306532089665e+00
1.321019468307495117e+02, 7.790000000000000000e+02, 2.330000000000000000e+02, -2.434734306532089665e+00
1.321383497714996338e+02, 7.340000000000000000e+02, 2.350000000000000000e+02, -2.434734306532089665e+00
1.321684815883636475e+02, 6.880000000000000000e+02, 2.700000000000000000e+02, -2.434734306532089665e+00
1.321999018192291260e+02, 6.360000000000000000e+02, 3.020000000000000000e+02, -2.434734306532089665e+00
1.322185168266296387e+02, 6.080000000000000000e+02, 3.130000000000000000e+02, -2.434734306532089665e+00
1.322464618682861328e+02, 5.460000000000000000e+02, 3.310000000000000000e+02, 2.151990967709008495e-01
1.322808499336242676e+02, 5.120000000000000000e+02, 3.350000000000000000e+02, 1.539380400258998638e-01
1.323122198581695557e+02, 4.350000000000000000e+02, 3.380000000000000000e+02, 1.460840583919253699e-01
1.323446300029754639e+02, 3.530000000000000000e+02, 3.450000000000000000e+02, 1.460840583919253699e-01
1.323760986328125000e+02, 2.620000000000000000e+02, 3.570000000000000000e+02, 1.460840583919253699e-01
1.324090869426727295e+02, 2.500000000000000000e+02, 3.550000000000000000e+02, 1.460840583919253699e-01
1.324410657882690430e+02, 2.500000000000000000e+02, 3.570000000000000000e+02, 2.858849314766711558e-01
1.324731776714324951e+02, 2.430000000000000000e+02, 3.610000000000000000e+02, 3.926990816987241395e-01
1.325046818256378174e+02, 2.490000000000000000e+02, 3.800000000000000000e+02, 4.178318229274425311e-01
1.325368230342864990e+02, 2.540000000000000000e+02, 4.360000000000000000e+02, 4.225442119078272052e-01
1.325688629150390625e+02, 2.500000000000000000e+02, 4.570000000000000000e+02, 4.225442119078272052e-01
1.326013476848602295e+02, 2.510000000000000000e+02, 4.580000000000000000e+02, 4.225442119078272052e-01
1.326328189373016357e+02, 2.510000000000000000e+02, 4.570000000000000000e+02, 4.225442119078272052e-01
1.326647818088531494e+02, 2.510000000000000000e+02, 4.560000000000000000e+02, 4.225442119078272052e-01
1.326967396736145020e+02, 2.510000000000000000e+02, 4.560000000000000000e+02, 4.225442119078272052e-01
1.327286839485168457e+02, 2.520000000000000000e+02, 4.560000000000000000e+02, 4.225442119078272052e-01
1.327607538700103760e+02, 2.540000000000000000e+02, 4.550000000000000000e+02, 4.225442119078272052e-01
1.327930266857147217e+02, 2.550000000000000000e+02, 4.540000000000000000e+02, 4.225442119078272052e-01
1.328244748115539551e+02, 2.550000000000000000e+02, 4.540000000000000000e+02, 4.225442119078272052e-01
1.328567698001861572e+02, 2.560000000000000000e+02, 4.540000000000000000e+02, 4.225442119078272052e-01
1.328893518447875977e+02, 2.560000000000000000e+02, 4.540000000000000000e+02, 4.225442119078272052e-01
1.329204359054565430e+02, 2.570000000000000000e+02, 4.540000000000000000e+02, 4.225442119078272052e-01
1.329529516696929932e+02, 2.570000000000000000e+02, 4.540000000000000000e+02, 4.225442119078272052e-01
1.329849689006805420e+02, 2.570000000000000000e+02, 4.540000000000000000e+02, 4.225442119078272052e-01
1.330169348716735840e+02, 2.570000000000000000e+02, 4.540000000000000000e+02, 4.225442119078272052e-01
1.330488429069519043e+02, 2.570000000000000000e+02, 4.540000000000000000e+02, 4.225442119078272052e-01
1.330805540084838867e+02, 2.580000000000000000e+02, 4.550000000000000000e+02, 4.225442119078272052e-01
1.331125938892364502e+02, 2.570000000000000000e+02, 4.540000000000000000e+02, 4.225442119078272052e-01
1.331444568634033203e+02, 2.570000000000000000e+02, 4.540000000000000000e+02, 4.225442119078272052e-01
1.331762847900390625e+02, 2.570000000000000000e+02, 4.540000000000000000e+02, 4.225442119078272052e-01
1.332090847492218018e+02, 2.570000000000000000e+02, 4.540000000000000000e+02, 4.225442119078272052e-01
1.332410938739776611e+02, 2.570000000000000000e+02, 4.540000000000000000e+02, 4.146902302738527113e-01
1.332727878093719482e+02, 2.560000000000000000e+02, 4.540000000000000000e+02, 4.131194339470578014e-01
1.333047816753387451e+02, 2.560000000000000000e+02, 4.540000000000000000e+02, 4.131194339470578014e-01
1.333371849060058594e+02, 2.560000000000000000e+02, 4.540000000000000000e+02, 4.131194339470578014e-01
1.333687076568603516e+02, 2.560000000000000000e+02, 4.540000000000000000e+02, 4.131194339470578014e-01
1.334006347656250000e+02, 2.560000000000000000e+02, 4.540000000000000000e+02, 4.131194339470578014e-01
1.334326107501983643e+02, 2.570000000000000000e+02, 4.540000000000000000e+02, 4.131194339470578014e-01
1.334646847248077393e+02, 2.560000000000000000e+02, 4.540000000000000000e+02, 4.131194339470578014e-01
1.334970529079437256e+02, 2.560000000000000000e+02, 4.540000000000000000e+02, 4.131194339470578014e-01
1.335285778045654297e+02, 2.570000000000000000e+02, 4.540000000000000000e+02, 4.131194339470578014e-01
1.335601358413696289e+02, 2.560000000000000000e+02, 4.540000000000000000e+02, 4.131194339470578014e-01
1.335929677486419678e+02, 2.580000000000000000e+02, 4.540000000000000000e+02, 4.131194339470578014e-01
1.336249809265136719e+02, 2.570000000000000000e+02, 4.540000000000000000e+02, 4.131194339470578014e-01
1.336569819450378418e+02, 2.580000000000000000e+02, 4.530000000000000000e+02, 4.131194339470578014e-01
1.336889929771423340e+02, 2.570000000000000000e+02, 4.530000000000000000e+02, 4.131194339470578014e-01
1.337207329273223877e+02, 2.570000000000000000e+02, 4.540000000000000000e+02, 4.131194339470578014e-01
1.337527396678924561e+02, 2.560000000000000000e+02, 4.540000000000000000e+02, 4.131194339470578014e-01
1.337845578193664551e+02, 2.580000000000000000e+02, 4.540000000000000000e+02, 4.131194339470578014e-01
1.338169417381286621e+02, 2.570000000000000000e+02, 4.540000000000000000e+02, 4.131194339470578014e-01
1.338487470149993896e+02, 2.570000000000000000e+02, 4.540000000000000000e+02, 4.131194339470578014e-01
1.338806767463684082e+02, 2.570000000000000000e+02, 4.530000000000000000e+02, 4.131194339470578014e-01
1.339126169681549072e+02, 2.570000000000000000e+02, 4.540000000000000000e+02, 4.131194339470578014e-01
1.339444999694824219e+02, 2.560000000000000000e+02, 4.540000000000000000e+02, 4.131194339470578014e-01
1.339768209457397461e+02, 2.570000000000000000e+02, 4.540000000000000000e+02, 4.131194339470578014e-01
1.340087778568267822e+02, 2.570000000000000000e+02, 4.540000000000000000e+02, -2.434734306532089665e+00
1.340403137207031250e+02, 2.580000000000000000e+02, 4.540000000000000000e+02, -2.434734306532089665e+00
1.340747950077056885e+02, 2.580000000000000000e+02, 4.600000000000000000e+02, -2.434734306532089665e+00
1.341037130355834961e+02, 2.660000000000000000e+02, 4.950000000000000000e+02, -2.434734306532089665e+00
1.341330277919769287e+02, 2.880000000000000000e+02, 5.610000000000000000e+02, 1.151393707540659062e+00
1.341685669422149658e+02, 3.080000000000000000e+02, 6.000000000000000000e+02, 1.187522023056941878e+00
1.342005708217620850e+02, 3.760000000000000000e+02, 6.630000000000000000e+02, 1.185951226730146857e+00
1.342318799495697021e+02, 3.910000000000000000e+02, 6.690000000000000000e+02, 1.184380430403352058e+00
1.342644507884979248e+02, 3.940000000000000000e+02, 6.700000000000000000e+02, 1.185951226730146857e+00
1.342965729236602783e+02, 4.040000000000000000e+02, 6.730000000000000000e+02, 1.184380430403352058e+00
1.343286018371582031e+02, 4.050000000000000000e+02, 6.730000000000000000e+02, 1.185951226730146857e+00
1.343603987693786621e+02, 4.050000000000000000e+02, 6.740000000000000000e+02, 1.184380430403352058e+00
1.343926787376403809e+02, 4.050000000000000000e+02, 6.730000000000000000e+02, 1.184380430403352058e+00
1.344247486591339111e+02, 4.050000000000000000e+02, 6.730000000000000000e+02, 1.185951226730146857e+00
1.344566268920898438e+02, 4.050000000000000000e+02, 6.730000000000000000e+02, 1.184380430403352058e+00
1.344882240295410156e+02, 4.050000000000000000e+02, 6.730000000000000000e+02, 1.184380430403352058e+00
1.345205566883087158e+02, 4.050000000000000000e+02, 6.730000000000000000e+02, 1.185951226730146857e+00
1.345523557662963867e+02, 4.050000000000000000e+02, 6.730000000000000000e+02, 1.184380430403352058e+00
1.345846438407897949e+02, 4.050000000000000000e+02, 6.730000000000000000e+02, 1.184380430403352058e+00
1.346165938377380371e+02, 4.050000000000000000e+02, 6.730000000000000000e+02, 1.185951226730146857e+00
1.346484248638153076e+02, 4.050000000000000000e+02, 6.730000000000000000e+02, 1.184380430403352058e+00
1.346802749633789062e+02, 4.050000000000000000e+02, 6.730000000000000000e+02, 1.184380430403352058e+00
1.347123908996582031e+02, 4.050000000000000000e+02, 6.730000000000000000e+02, 1.184380430403352058e+00
1.347445759773254395e+02, 4.050000000000000000e+02, 6.730000000000000000e+02, 1.184380430403352058e+00
1.347760949134826660e+02, 4.050000000000000000e+02, 6.730000000000000000e+02, 1.184380430403352058e+00
1.348085677623748779e+02, 4.050000000000000000e+02, 6.730000000000000000e+02, -2.434734306532089665e+00
1.348374776840209961e+02, 4.050000000000000000e+02, 6.730000000000000000e+02, -2.434734306532089665e+00
1.348566079139709473e+02, 4.040000000000000000e+02, 6.730000000000000000e+02, -2.434734306532089665e+00
1.348856439590454102e+02, 3.790000000000000000e+02, 6.630000000000000000e+02, 1.181238837749762238e+00
1.349204139709472656e+02, 3.740000000000000000e+02, 6.610000000000000000e+02, 1.234645912860788730e+00
1.349525918960571289e+02, 3.770000000000000000e+02, 6.620000000000000000e+02, 1.239358301841173349e+00
1.349844927787780762e+02, 3.950000000000000000e+02, 6.690000000000000000e+02, 1.239358301841173349e+00
1.350169270038604736e+02, 4.110000000000000000e+02, 6.750000000000000000e+02, 1.237787505514378550e+00
1.350488708019256592e+02, 4.130000000000000000e+02, 6.760000000000000000e+02, 1.239358301841173349e+00
1.350805020332336426e+02, 4.130000000000000000e+02, 6.760000000000000000e+02, 1.239358301841173349e+00
1.351125738620758057e+02, 4.130000000000000000e+02, 6.760000000000000000e+02, 1.239358301841173349e+00
1.351444077491760254e+02, 4.120000000000000000e+02, 6.760000000000000000e+02, 1.239358301841173349e+00
1.351763079166412354e+02, 4.120000000000000000e+02, 6.760000000000000000e+02, 1.239358301841173349e+00
1.352120347023010254e+02, 4.130000000000000000e+02, 6.760000000000000000e+02, -2.434734306532089665e+00
1.352407858371734619e+02, 4.130000000000000000e+02, 6.760000000000000000e+02, -2.434734306532089665e+00
1.352676148414611816e+02, 3.980000000000000000e+02, 6.710000000000000000e+02, 1.097986632429632570e+00
1.353043966293334961e+02, 3.700000000000000000e+02, 6.590000000000000000e+02, 1.102699021410017410e+00
1.353364248275756836e+02, 3.400000000000000000e+02, 6.330000000000000000e+02, 1.107411410390402029e+00
1.353688588142395020e+02, 3.330000000000000000e+02, 6.240000000000000000e+02, 1.110553003043991849e+00
1.354008407592773438e+02, 3.410000000000000000e+02, 6.340000000000000000e+02, 1.113694595697581669e+00
1.354324438571929932e+02, 3.630000000000000000e+02, 6.540000000000000000e+02, 1.113694595697581669e+00
1.354645209312438965e+02, 3.790000000000000000e+02, 6.620000000000000000e+02, 1.113694595697581669e+00
1.354962339401245117e+02, 3.820000000000000000e+02, 6.640000000000000000e+02, 1.113694595697581669e+00
1.355284118652343750e+02, 3.830000000000000000e+02, 6.650000000000000000e+02, 1.113694595697581669e+00
1.355606038570404053e+02, 3.820000000000000000e+02, 6.650000000000000000e+02, 1.113694595697581669e+00
1.355930166244506836e+02, 3.820000000000000000e+02, 6.650000000000000000e+02, 1.113694595697581669e+00
1.356247117519378662e+02, 3.820000000000000000e+02, 6.650000000000000000e+02, 1.113694595697581669e+00
1.356563587188720703e+02, 3.820000000000000000e+02, 6.650000000000000000e+02, 1.113694595697581669e+00
1.356885466575622559e+02, 3.820000000000000000e+02, 6.640000000000000000e+02, 1.113694595697581669e+00
1.357204787731170654e+02, 3.830000000000000000e+02, 6.640000000000000000e+02, 1.113694595697581669e+00
1.357527678012847900e+02, 3.830000000000000000e+02, 6.640000000000000000e+02, 1.113694595697581669e+00
1.357845878601074219e+02, 3.830000000000000000e+02, 6.640000000000000000e+02, 1.113694595697581669e+00
1.358163876533508301e+02, 3.830000000000000000e+02, 6.640000000000000000e+02, 1.113694595697581669e+00
1.358484349250793457e+02, 3.820000000000000000e+02, 6.640000000000000000e+02, 1.113694595697581669e+00
1.358804018497467041e+02, 3.830000000000000000e+02, 6.640000000000000000e+02, 1.113694595697581669e+00
1.359123609066009521e+02, 3.830000000000000000e+02, 6.640000000000000000e+02, 1.113694595697581669e+00
1.359444789886474609e+02, 3.830000000000000000e+02, 6.640000000000000000e+02, 1.113694595697581669e+00
1.359764328002929688e+02, 3.830000000000000000e+02, 6.640000000000000000e+02, 1.113694595697581669e+00
1.360092816352844238e+02, 3.830000000000000000e+02, 6.640000000000000000e+02, 1.113694595697581669e+00
1.360403399467468262e+02, 3.830000000000000000e+02, 6.650000000000000000e+02, 9.817477042468103487e-01
1.360722596645355225e+02, 3.790000000000000000e+02, 6.630000000000000000e+02, 8.827875356587319144e-01
1.361043398380279541e+02, 3.200000000000000000e+02, 6.070000000000000000e+02, 8.607963870836033982e-01
1.361365807056427002e+02, 2.890000000000000000e+02, 5.550000000000000000e+02, 8.576547944300135784e-01
1.361688077449798584e+02, 2.800000000000000000e+02, 5.320000000000000000e+02, 8.576547944300135784e-01
1.362006778717041016e+02, 2.830000000000000000e+02, 5.410000000000000000e+02, 8.576547944300135784e-01
1.362324926853179932e+02, 3.000000000000000000e+02, 5.740000000000000000e+02, 8.560839981032186685e-01
1.362641406059265137e+02, 3.180000000000000000e+02, 6.030000000000000000e+02, 8.560839981032186685e-01
1.362965457439422607e+02, 3.170000000000000000e+02, 6.030000000000000000e+02, 8.560839981032186685e-01
1.363286597728729248e+02, 3.170000000000000000e+02, 6.030000000000000000e+02, 8.560839981032186685e-01
1.363605258464813232e+02, 3.180000000000000000e+02, 6.040000000000000000e+02, 8.560839981032186685e-01
1.363925487995147705e+02, 3.180000000000000000e+02, 6.040000000000000000e+02, 8.560839981032186685e-01
1.364247627258300781e+02, 3.180000000000000000e+02, 6.040000000000000000e+02, 8.576547944300135784e-01
1.364570958614349365e+02, 3.180000000000000000e+02, 6.040000000000000000e+02, 8.560839981032186685e-01
1.364885797500610352e+02, 3.180000000000000000e+02, 6.040000000000000000e+02, 8.560839981032186685e-01
1.365205707550048828e+02, 3.180000000000000000e+02, 6.030000000000000000e+02, 8.560839981032186685e-01
1.365527508258819580e+02, 3.180000000000000000e+02, 6.040000000000000000e+02, 8.560839981032186685e-01
1.365847167968750000e+02, 3.180000000000000000e+02, 6.040000000000000000e+02, 8.560839981032186685e-01
1.366168067455291748e+02, 3.180000000000000000e+02, 6.030000000000000000e+02, 8.560839981032186685e-01
1.366486918926239014e+02, 3.170000000000000000e+02, 6.030000000000000000e+02, 8.560839981032186685e-01
1.366809468269348145e+02, 3.180000000000000000e+02, 6.030000000000000000e+02, 8.560839981032186685e-01
1.367124826908111572e+02, 3.190000000000000000e+02, 6.040000000000000000e+02, 8.560839981032186685e-01
1.367443127632141113e+02, 3.180000000000000000e+02, 6.040000000000000000e+02, 8.560839981032186685e-01
1.367762188911437988e+02, 3.180000000000000000e+02, 6.040000000000000000e+02, 8.560839981032186685e-01
1.368096950054168701e+02, 3.180000000000000000e+02, 6.040000000000000000e+02, -2.434734306532089665e+00
1.368413476943969727e+02, 3.180000000000000000e+02, 6.030000000000000000e+02, -2.434734306532089665e+00
1.368694179058074951e+02, 3.030000000000000000e+02, 5.800000000000000000e+02, -2.434734306532089665e+00
1.369007518291473389e+02, 2.710000000000000000e+02, 5.060000000000000000e+02, 5.670574739729576930e-01
1.369368228912353516e+02, 2.640000000000000000e+02, 4.820000000000000000e+02, 5.827654372409065697e-01
1.369687967300415039e+02, 2.600000000000000000e+02, 4.570000000000000000e+02, 5.859070298944963895e-01
1.370009016990661621e+02, 2.610000000000000000e+02, 4.670000000000000000e+02, 5.890486225480862092e-01
1.370323598384857178e+02, 2.710000000000000000e+02, 5.070000000000000000e+02, 5.921902152016760290e-01
1.370644347667694092e+02, 2.720000000000000000e+02, 5.120000000000000000e+02, 5.937610115284709389e-01
1.370968329906463623e+02, 2.720000000000000000e+02, 5.130000000000000000e+02, 5.937610115284709389e-01
1.371284518241882324e+02, 2.720000000000000000e+02, 5.130000000000000000e+02, 5.937610115284709389e-01
1.371603047847747803e+02, 2.720000000000000000e+02, 5.130000000000000000e+02, 5.921902152016760290e-01
1.371924788951873779e+02, 2.720000000000000000e+02, 5.140000000000000000e+02, 5.937610115284709389e-01
1.372243688106536865e+02, 2.720000000000000000e+02, 5.130000000000000000e+02, 5.921902152016760290e-01
1.372568969726562500e+02, 2.720000000000000000e+02, 5.140000000000000000e+02, 5.937610115284709389e-01
1.372883398532867432e+02, 2.710000000000000000e+02, 5.130000000000000000e+02, 5.937610115284709389e-01
1.373211488723754883e+02, 2.720000000000000000e+02, 5.130000000000000000e+02, 5.937610115284709389e-01
1.373525156974792480e+02, 2.720000000000000000e+02, 5.140000000000000000e+02, 5.937610115284709389e-01
1.373845248222351074e+02, 2.720000000000000000e+02, 5.140000000000000000e+02, 5.937610115284709389e-01
1.374166128635406494e+02, 2.720000000000000000e+02, 5.140000000000000000e+02, 5.937610115284709389e-01
1.374484357833862305e+02, 2.720000000000000000e+02, 5.140000000000000000e+02, 5.937610115284709389e-01
1.374805228710174561e+02, 2.720000000000000000e+02, 5.140000000000000000e+02, 5.937610115284709389e-01
1.375124039649963379e+02, 2.720000000000000000e+02, 5.140000000000000000e+02, 5.921902152016760290e-01
1.375441489219665527e+02, 2.720000000000000000e+02, 5.130000000000000000e+02, 5.921902152016760290e-01
1.375763597488403320e+02, 2.720000000000000000e+02, 5.130000000000000000e+02, 5.937610115284709389e-01
1.376095917224884033e+02, 2.720000000000000000e+02, 5.130000000000000000e+02, 5.953318078552658488e-01
1.376404459476470947e+02, 2.720000000000000000e+02, 5.130000000000000000e+02, 7.461282552275758650e-01
1.376726908683776855e+02, 2.730000000000000000e+02, 5.150000000000000000e+02, 8.592255907568084883e-01
1.377043309211730957e+02, 2.830000000000000000e+02, 5.400000000000000000e+02, 8.843583319855267133e-01
1.377363069057464600e+02, 3.080000000000000000e+02, 5.860000000000000000e+02, 8.874999246391164220e-01
1.377688148021697998e+02, 3.200000000000000000e+02, 6.070000000000000000e+02, 8.874999246391164220e-01
1.378005816936492920e+02, 3.240000000000000000e+02, 6.120000000000000000e+02, 8.874999246391164220e-01
1.378324837684631348e+02, 3.250000000000000000e+02, 6.130000000000000000e+02, 8.874999246391164220e-01
1.378644018173217773e+02, 3.240000000000000000e+02, 6.130000000000000000e+02, 8.874999246391164220e-01
1.378966016769409180e+02, 3.240000000000000000e+02, 6.130000000000000000e+02, 8.874999246391164220e-01
1.379282507896423340e+02, 3.250000000000000000e+02, 6.130000000000000000e+02, 8.874999246391164220e-01
1.379601719379425049e+02, 3.250000000000000000e+02, 6.130000000000000000e+02, 8.874999246391164220e-01
1.379924898147583008e+02, 3.250000000000000000e+02, 6.130000000000000000e+02, 8.890707209659113319e-01
1.380243978500366211e+02, 3.250000000000000000e+02, 6.120000000000000000e+02, 8.874999246391164220e-01
1.380565807819366455e+02, 3.250000000000000000e+02, 6.130000000000000000e+02, 8.874999246391164220e-01
1.380888848304748535e+02, 3.250000000000000000e+02, 6.130000000000000000e+02, 8.874999246391164220e-01
1.381204638481140137e+02, 3.240000000000000000e+02, 6.120000000000000000e+02, 8.874999246391164220e-01
1.381524286270141602e+02, 3.250000000000000000e+02, 6.130000000000000000e+02, 8.874999246391164220e-01
1.381846537590026855e+02, 3.250000000000000000e+02, 6.130000000000000000e+02, 8.874999246391164220e-01
1.382163388729095459e+02, 3.250000000000000000e+02, 6.130000000000000000e+02, 8.874999246391164220e-01
1.382484478950500488e+02, 3.250000000000000000e+02, 6.130000000000000000e+02, 8.874999246391164220e-01
1.382800478935241699e+02, 3.250000000000000000e+02, 6.130000000000000000e+02, 8.874999246391164220e-01
1.383124287128448486e+02, 3.240000000000000000e+02, 6.130000000000000000e+02, 8.874999246391164220e-01
1.383440387248992920e+02, 3.250000000000000000e+02, 6.130000000000000000e+02, 8.874999246391164220e-01
1.383764338493347168e+02, 3.250000000000000000e+02, 6.130000000000000000e+02, 8.874999246391164220e-01
1.384086847305297852e+02, 3.250000000000000000e+02, 6.120000000000000000e+02, 8.874999246391164220e-01
1.384408938884735107e+02, 3.240000000000000000e+02, 6.120000000000000000e+02, 1.044579557318606300e+00
1.384720969200134277e+02, 3.250000000000000000e+02, 6.140000000000000000e+02, 1.192234412037326496e+00
1.385044817924499512e+02, 3.380000000000000000e+02, 6.290000000000000000e+02, 1.226791931226814292e+00
1.385365567207336426e+02, 3.630000000000000000e+02, 6.550000000000000000e+02, 1.226791931226814292e+00
1.385681929588317871e+02, 4.080000000000000000e+02, 6.730000000000000000e+02, 1.226791931226814292e+00
1.386004207134246826e+02, 4.060000000000000000e+02, 6.740000000000000000e+02, 1.226791931226814292e+00
1.386325986385345459e+02, 4.120000000000000000e+02, 6.760000000000000000e+02, 1.226791931226814292e+00
1.386644787788391113e+02, 4.120000000000000000e+02, 6.760000000000000000e+02, 1.226791931226814292e+00
1.386963739395141602e+02, 4.120000000000000000e+02, 6.760000000000000000e+02, 1.226791931226814292e+00
1.387280108928680420e+02, 4.120000000000000000e+02, 6.760000000000000000e+02, 1.226791931226814292e+00
1.387602679729461670e+02, 4.120000000000000000e+02, 6.760000000000000000e+02, 1.226791931226814292e+00
1.387924196720123291e+02, 4.120000000000000000e+02, 6.760000000000000000e+02, 1.226791931226814292e+00
1.388245768547058105e+02, 4.120000000000000000e+02, 6.760000000000000000e+02, 1.226791931226814292e+00
1.388554167747497559e+02, 4.120000000000000000e+02, 6.760000000000000000e+02, 1.226791931226814292e+00
1.388882377147674561e+02, 4.120000000000000000e+02, 6.760000000000000000e+02, 1.226791931226814292e+00
1.389203188419342041e+02, 4.120000000000000000e+02, 6.760000000000000000e+02, 1.226791931226814292e+00
1.389522638320922852e+02, 4.120000000000000000e+02, 6.760000000000000000e+02, 1.226791931226814292e+00
1.389844317436218262e+02, 4.110000000000000000e+02, 6.760000000000000000e+02, 1.226791931226814292e+00
1.390164899826049805e+02, 4.120000000000000000e+02, 6.760000000000000000e+02, 1.226791931226814292e+00
1.390481920242309570e+02, 4.110000000000000000e+02, 6.760000000000000000e+02, 1.226791931226814292e+00
1.390801458358764648e+02, 4.120000000000000000e+02, 6.760000000000000000e+02, 1.226791931226814292e+00
1.391124029159545898e+02, 4.120000000000000000e+02, 6.760000000000000000e+02, 1.226791931226814292e+00
1.391444427967071533e+02, 4.120000000000000000e+02, 6.760000000000000000e+02, 1.226791931226814292e+00
1.391760818958282471e+02, 4.120000000000000000e+02, 6.760000000000000000e+02, 1.226791931226814292e+00
1.392093079090118408e+02, 4.120000000000000000e+02, 6.760000000000000000e+02, 1.226791931226814292e+00
1.392402307987213135e+02, 4.120000000000000000e+02, 6.760000000000000000e+02, 1.195376004690916316e+00
1.392726597785949707e+02, 4.120000000000000000e+02, 6.760000000000000000e+02, 1.171814059788992779e+00
1.393046658039093018e+02, 4.050000000000000000e+02, 6.740000000000000000e+02, 1.165530874481813139e+00
1.393365659713745117e+02, 4.010000000000000000e+02, 6.720000000000000000e+02, 1.162389281828223542e+00
1.393683898448944092e+02, 3.990000000000000000e+02, 6.720000000000000000e+02, 1.160818485501428521e+00
1.394006068706512451e+02, 3.990000000000000000e+02, 6.710000000000000000e+02, 1.160818485501428521e+00
1.394323189258575439e+02, 3.980000000000000000e+02, 6.710000000000000000e+02, 1.160818485501428521e+00
1.394642119407653809e+02, 3.980000000000000000e+02, 6.710000000000000000e+02, 1.160818485501428521e+00
1.394962208271026611e+02, 3.980000000000000000e+02, 6.710000000000000000e+02, 1.160818485501428521e+00
1.395282907485961914e+02, 3.990000000000000000e+02, 6.710000000000000000e+02, 1.162389281828223542e+00
1.395601568222045898e+02, 3.980000000000000000e+02, 6.710000000000000000e+02, 1.160818485501428521e+00
1.395925760269165039e+02, 3.980000000000000000e+02, 6.710000000000000000e+02, 1.160818485501428521e+00
1.396243309974670410e+02, 3.980000000000000000e+02, 6.710000000000000000e+02, 1.162389281828223542e+00
1.396554129123687744e+02, 3.980000000000000000e+02, 6.710000000000000000e+02, 1.160818485501428521e+00
1.396883640289306641e+02, 3.980000000000000000e+02, 6.710000000000000000e+02, 1.160818485501428521e+00
1.397203388214111328e+02, 3.980000000000000000e+02, 6.710000000000000000e+02, 1.160818485501428521e+00
1.397522318363189697e+02, 3.980000000000000000e+02, 6.710000000000000000e+02, 1.162389281828223542e+00
1.397845609188079834e+02, 3.980000000000000000e+02, 6.720000000000000000e+02, 1.162389281828223542e+00
1.398163819313049316e+02, 3.990000000000000000e+02, 6.710000000000000000e+02, 1.160818485501428521e+00
1.398484239578247070e+02, 3.980000000000000000e+02, 6.710000000000000000e+02, 1.160818485501428521e+00
1.398803179264068604e+02, 3.980000000000000000e+02, 6.720000000000000000e+02, 1.160818485501428521e+00
1.399120299816131592e+02, 3.980000000000000000e+02, 6.710000000000000000e+02, 1.160818485501428521e+00
1.399441578388214111e+02, 3.980000000000000000e+02, 6.720000000000000000e+02, 1.160818485501428521e+00
1.399765839576721191e+02, 3.980000000000000000e+02, 6.720000000000000000e+02, 1.162389281828223542e+00
1.400093507766723633e+02, 3.990000000000000000e+02, 6.720000000000000000e+02, 1.159247689174633722e+00
1.400404698848724365e+02, 3.980000000000000000e+02, 6.710000000000000000e+02, 9.990264638415542464e-01
1.400722999572753906e+02, 3.910000000000000000e+02, 6.690000000000000000e+02, 8.262388678941156028e-01
1.401046426296234131e+02, 3.230000000000000000e+02, 6.150000000000000000e+02, 7.744025891098840209e-01
1.401366720199584961e+02, 2.910000000000000000e+02, 5.610000000000000000e+02, 7.665486074759094715e-01
1.401687827110290527e+02, 2.790000000000000000e+02, 5.350000000000000000e+02, 7.665486074759094715e-01
1.402002637386322021e+02, 2.810000000000000000e+02, 5.390000000000000000e+02, 7.665486074759094715e-01
1.402323000431060791e+02, 2.950000000000000000e+02, 5.680000000000000000e+02, 7.665486074759094715e-01
1.402643530368804932e+02, 2.990000000000000000e+02, 5.770000000000000000e+02, 7.665486074759094715e-01
1.402961578369140625e+02, 2.990000000000000000e+02, 5.770000000000000000e+02, 7.665486074759094715e-01
1.403282527923583984e+02, 2.990000000000000000e+02, 5.770000000000000000e+02, 7.665486074759094715e-01
1.403599097728729248e+02, 2.990000000000000000e+02, 5.770000000000000000e+02, 7.665486074759094715e-01
1.403925619125366211e+02, 3.000000000000000000e+02, 5.770000000000000000e+02, 7.665486074759094715e-01
1.404244737625122070e+02, 2.990000000000000000e+02, 5.760000000000000000e+02, 7.681194038027043813e-01
1.404565417766571045e+02, 3.000000000000000000e+02, 5.760000000000000000e+02, 7.681194038027043813e-01
1.404880788326263428e+02, 3.000000000000000000e+02, 5.760000000000000000e+02, 7.665486074759094715e-01
1.405203697681427002e+02, 3.000000000000000000e+02, 5.750000000000000000e+02, 7.681194038027043813e-01
1.405524778366088867e+02, 3.000000000000000000e+02, 5.760000000000000000e+02, 7.665486074759094715e-01
1.405842957496643066e+02, 3.000000000000000000e+02, 5.760000000000000000e+02, 7.681194038027043813e-01
1.406164858341217041e+02, 3.000000000000000000e+02, 5.760000000000000000e+02, 7.665486074759094715e-01
1.406486096382141113e+02, 3.000000000000000000e+02, 5.760000000000000000e+02, 7.665486074759094715e-01
1.406800289154052734e+02, 3.000000000000000000e+02, 5.760000000000000000e+02, 7.665486074759094715e-01
1.407121667861938477e+02, 3.000000000000000000e+02, 5.760000000000000000e+02, 7.665486074759094715e-01
1.407441678047180176e+02, 3.000000000000000000e+02, 5.760000000000000000e+02, 7.681194038027043813e-01
1.407760508060455322e+02, 3.000000000000000000e+02, 5.770000000000000000e+02, 7.665486074759094715e-01
1.408096587657928467e+02, 3.000000000000000000e+02, 5.770000000000000000e+02, -2.434734306532089665e+00
1.408419778347015381e+02, 3.000000000000000000e+02, 5.770000000000000000e+02, -2.434734306532089665e+00
1.408723959922790527e+02, 2.980000000000000000e+02, 5.760000000000000000e+02, -2.434734306532089665e+00
1.409039039611816406e+02, 3.040000000000000000e+02, 5.840000000000000000e+02, -2.434734306532089665e+00
1.409347598552703857e+02, 3.090000000000000000e+02, 5.930000000000000000e+02, -2.434734306532089665e+00
1.409682447910308838e+02, 3.030000000000000000e+02, 5.840000000000000000e+02, 8.655087760639881278e-01
1.410002138614654541e+02, 3.060000000000000000e+02, 5.870000000000000000e+02, 9.519025740377072831e-01
1.410326788425445557e+02, 3.200000000000000000e+02, 6.090000000000000000e+02, 9.990264638415542464e-01
1.410632309913635254e+02, 3.460000000000000000e+02, 6.400000000000000000e+02, 1.008451241802323706e+00
1.410960767269134521e+02, 3.510000000000000000e+02, 6.450000000000000000e+02, 1.011592834455913303e+00
1.411283557415008545e+02, 3.510000000000000000e+02, 6.460000000000000000e+02, 1.011592834455913303e+00
1.411602318286895752e+02, 3.510000000000000000e+02, 6.460000000000000000e+02, 1.011592834455913303e+00
1.411924517154693604e+02, 3.510000000000000000e+02, 6.460000000000000000e+02, 1.010022038129118505e+00
1.412242267131805420e+02, 3.510000000000000000e+02, 6.460000000000000000e+02, 1.011592834455913303e+00
1.412566878795623779e+02, 3.520000000000000000e+02, 6.460000000000000000e+02, 1.011592834455913303e+00
1.412883589267730713e+02, 3.520000000000000000e+02, 6.460000000000000000e+02, 1.010022038129118505e+00
1.413202166557312012e+02, 3.510000000000000000e+02, 6.460000000000000000e+02, 1.011592834455913303e+00
1.413523697853088379e+02, 3.520000000000000000e+02, 6.460000000000000000e+02, 1.011592834455913303e+00
1.413845758438110352e+02, 3.510000000000000000e+02, 6.460000000000000000e+02, 1.011592834455913303e+00
1.414165487289428711e+02, 3.510000000000000000e+02, 6.460000000000000000e+02, 1.011592834455913303e+00
1.414481317996978760e+02, 3.520000000000000000e+02, 6.460000000000000000e+02, 1.010022038129118505e+00
1.414801967144012451e+02, 3.510000000000000000e+02, 6.460000000000000000e+02, 1.011592834455913303e+00
1.415124909877777100e+02, 3.520000000000000000e+02, 6.460000000000000000e+02, 1.010022038129118505e+00
1.415443458557128906e+02, 3.510000000000000000e+02, 6.470000000000000000e+02, 1.010022038129118505e+00
1.415763368606567383e+02, 3.510000000000000000e+02, 6.460000000000000000e+02, 1.010022038129118505e+00
1.416112697124481201e+02, 3.510000000000000000e+02, 6.460000000000000000e+02, -2.434734306532089665e+00
1.416406908035278320e+02, 3.520000000000000000e+02, 6.460000000000000000e+02, -2.434734306532089665e+00
1.416718008518218994e+02, 3.300000000000000000e+02, 6.230000000000000000e+02, -2.434734306532089665e+00
1.417045629024505615e+02, 2.800000000000000000e+02, 5.350000000000000000e+02, -2.434734306532089665e+00
1.417366778850555420e+02, 2.610000000000000000e+02, 4.750000000000000000e+02, -2.434734306532089665e+00
1.417678887844085693e+02, 2.570000000000000000e+02, 4.480000000000000000e+02, -2.434734306532089665e+00
1.417872447967529297e+02, 2.570000000000000000e+02, 4.470000000000000000e+02, -2.434734306532089665e+00
1.418137447834014893e+02, 2.600000000000000000e+02, 4.710000000000000000e+02, 3.848451000647496456e-01
1.418481507301330566e+02, 2.600000000000000000e+02, 4.560000000000000000e+02, 3.330088212805180636e-01
1.418802659511566162e+02, 2.550000000000000000e+02, 4.250000000000000000e+02, 3.251548396465435697e-01
1.419123756885528564e+02, 2.530000000000000000e+02, 4.210000000000000000e+02, 3.251548396465435697e-01
1.419438247680664062e+02, 2.540000000000000000e+02, 4.220000000000000000e+02, 3.251548396465435697e-01
1.419761610031127930e+02, 2.540000000000000000e+02, 4.220000000000000000e+02, 3.251548396465435697e-01
1.420082328319549561e+02, 2.550000000000000000e+02, 4.230000000000000000e+02, 3.235840433197486599e-01
1.420404007434844971e+02, 2.550000000000000000e+02, 4.220000000000000000e+02, 2.403318379996191578e-01
1.420723068714141846e+02, 2.550000000000000000e+02, 4.210000000000000000e+02, 1.822123739082080196e-01
1.421045176982879639e+02, 2.540000000000000000e+02, 3.780000000000000000e+02, 1.696460032938488238e-01
1.421364407539367676e+02, 2.560000000000000000e+02, 3.570000000000000000e+02, 1.696460032938488238e-01
1.421686446666717529e+02, 2.550000000000000000e+02, 3.660000000000000000e+02, 1.696460032938488238e-01
1.422000367641448975e+02, 2.530000000000000000e+02, 3.670000000000000000e+02, 1.696460032938488238e-01
1.422321536540985107e+02, 2.540000000000000000e+02, 3.660000000000000000e+02, 1.696460032938488238e-01
1.422642319202423096e+02, 2.540000000000000000e+02, 3.670000000000000000e+02, 1.696460032938488238e-01
1.422962868213653564e+02, 2.540000000000000000e+02, 3.670000000000000000e+02, 1.696460032938488238e-01
1.423281946182250977e+02, 2.530000000000000000e+02, 3.670000000000000000e+02, 1.696460032938488238e-01
1.423602938652038574e+02, 2.540000000000000000e+02, 3.660000000000000000e+02, 1.696460032938488238e-01
1.423924407958984375e+02, 2.530000000000000000e+02, 3.660000000000000000e+02, 1.696460032938488238e-01
1.424243378639221191e+02, 2.530000000000000000e+02, 3.660000000000000000e+02, 1.696460032938488238e-01
1.424560828208923340e+02, 2.530000000000000000e+02, 3.670000000000000000e+02, 1.696460032938488238e-01
1.424881107807159424e+02, 2.530000000000000000e+02, 3.670000000000000000e+02, 1.696460032938488238e-01
1.425204248428344727e+02, 2.530000000000000000e+02, 3.660000000000000000e+02, 1.696460032938488238e-01
1.425524318218231201e+02, 2.540000000000000000e+02, 3.670000000000000000e+02, 1.696460032938488238e-01
1.425842576026916504e+02, 2.540000000000000000e+02, 3.670000000000000000e+02, 1.696460032938488238e-01
1.426161818504333496e+02, 2.540000000000000000e+02, 3.670000000000000000e+02, 1.680752069670539417e-01
1.426483566761016846e+02, 2.530000000000000000e+02, 3.670000000000000000e+02, 1.696460032938488238e-01
1.426794497966766357e+02, 2.530000000000000000e+02, 3.660000000000000000e+02, 1.696460032938488238e-01
1.427124516963958740e+02, 2.530000000000000000e+02, 3.670000000000000000e+02, 1.696460032938488238e-01
1.427441468238830566e+02, 2.540000000000000000e+02, 3.670000000000000000e+02, 1.696460032938488238e-01
1.427762308120727539e+02, 2.530000000000000000e+02, 3.670000000000000000e+02, 1.696460032938488238e-01
1.428107967376708984e+02, 2.530000000000000000e+02, 3.670000000000000000e+02, -2.434734306532089665e+00
1.428408949375152588e+02, 2.530000000000000000e+02, 3.670000000000000000e+02, -2.434734306532089665e+00
1.428718059062957764e+02, 2.560000000000000000e+02, 3.460000000000000000e+02, -2.434734306532089665e+00
1.429049589633941650e+02, 2.760000000000000000e+02, 2.680000000000000000e+02, -2.434734306532089665e+00
1.429358148574829102e+02, 3.100000000000000000e+02, 2.000000000000000000e+02, -2.434734306532089665e+00
1.429537978172302246e+02, 3.300000000000000000e+02, 1.740000000000000000e+02, -2.434734306532089665e+00
1.429811909198760986e+02, 3.680000000000000000e+02, 1.480000000000000000e+02, -5.859070298944963895e-01
1.430162518024444580e+02, 3.870000000000000000e+02, 1.460000000000000000e+02, -6.534512719466769592e-01
1.430480477809906006e+02, 4.300000000000000000e+02, 1.560000000000000000e+02, -6.660176425610361273e-01
1.430800409317016602e+02, 4.820000000000000000e+02, 1.790000000000000000e+02, -6.660176425610361273e-01
1.431118829250335693e+02, 5.390000000000000000e+02, 2.240000000000000000e+02, -6.660176425610361273e-01
1.431441237926483154e+02, 6.050000000000000000e+02, 2.740000000000000000e+02, -6.660176425610361273e-01
1.431764857769012451e+02, 6.750000000000000000e+02, 3.340000000000000000e+02, -6.660176425610361273e-01
1.432107708454132080e+02, 7.630000000000000000e+02, 3.900000000000000000e+02, -2.434734306532089665e+00
1.432408850193023682e+02, 8.640000000000000000e+02, 4.610000000000000000e+02, -2.434734306532089665e+00
1.432728860378265381e+02, 9.630000000000000000e+02, 5.300000000000000000e+02, -2.434734306532089665e+00
1.433037707805633545e+02, 9.330000000000000000e+02, 5.060000000000000000e+02, -2.434734306532089665e+00
1.433362827301025391e+02, 9.080000000000000000e+02, 5.020000000000000000e+02, -2.434734306532089665e+00
1.433648767471313477e+02, 9.100000000000000000e+02, 5.130000000000000000e+02, -2.434734306532089665e+00
1.434002108573913574e+02, 9.520000000000000000e+02, 5.220000000000000000e+02, -2.434734306532089665e+00
1.434318199157714844e+02, 9.480000000000000000e+02, 5.010000000000000000e+02, -2.434734306532089665e+00
1.434496908187866211e+02, 9.400000000000000000e+02, 5.000000000000000000e+02, -2.434734306532089665e+00
1.434775397777557373e+02, 9.280000000000000000e+02, 5.250000000000000000e+02, -6.534512719466769592e-01
1.435121929645538330e+02, 9.390000000000000000e+02, 5.320000000000000000e+02, -5.906194188748811191e-01
1.435441908836364746e+02, 9.570000000000000000e+02, 5.060000000000000000e+02, -5.780530482605219511e-01
1.435759959220886230e+02, 9.550000000000000000e+02, 4.990000000000000000e+02, -5.764822519337270412e-01
1.436083128452301025e+02, 9.710000000000000000e+02, 5.090000000000000000e+02, -5.764822519337270412e-01
1.436404607295989990e+02, 9.700000000000000000e+02, 5.090000000000000000e+02, -5.089380098815464715e-01
1.436720418930053711e+02, 9.710000000000000000e+02, 5.080000000000000000e+02, -4.602433237509046537e-01
1.437042448520660400e+02, 9.810000000000000000e+02, 4.720000000000000000e+02, -4.492477494633403956e-01
1.437361989021301270e+02, 9.820000000000000000e+02, 4.610000000000000000e+02, -4.492477494633403956e-01
1.437683398723602295e+02, 9.820000000000000000e+02, 4.660000000000000000e+02, -4.492477494633403956e-01
1.438005478382110596e+02, 9.810000000000000000e+02, 4.650000000000000000e+02, -4.492477494633403956e-01
1.438325798511505127e+02, 9.810000000000000000e+02, 4.660000000000000000e+02, -4.492477494633403956e-01
1.438644096851348877e+02, 9.820000000000000000e+02, 4.660000000000000000e+02, -4.492477494633403956e-01
1.438960378170013428e+02, 9.820000000000000000e+02, 4.660000000000000000e+02, -4.492477494633403956e-01
1.439276838302612305e+02, 9.820000000000000000e+02, 4.650000000000000000e+02, -4.476769531365454857e-01
1.439602837562561035e+02, 9.820000000000000000e+02, 4.660000000000000000e+02, -4.492477494633403956e-01
1.439922637939453125e+02, 9.820000000000000000e+02, 4.660000000000000000e+02, -4.492477494633403956e-01
1.440238909721374512e+02, 9.820000000000000000e+02, 4.650000000000000000e+02, -4.492477494633403956e-01
1.440556018352508545e+02, 9.820000000000000000e+02, 4.660000000000000000e+02, -4.492477494633403956e-01
1.440885658264160156e+02, 9.820000000000000000e+02, 4.660000000000000000e+02, -4.492477494633403956e-01
1.441199767589569092e+02, 9.820000000000000000e+02, 4.660000000000000000e+02, -4.492477494633403956e-01
1.441517648696899414e+02, 9.820000000000000000e+02, 4.660000000000000000e+02, -4.492477494633403956e-01
1.441841909885406494e+02, 9.820000000000000000e+02, 4.660000000000000000e+02, -4.492477494633403956e-01
1.442164988517761230e+02, 9.810000000000000000e+02, 4.650000000000000000e+02, -4.492477494633403956e-01
1.442478847503662109e+02, 9.810000000000000000e+02, 4.660000000000000000e+02, -4.492477494633403956e-01
1.442801208496093750e+02, 9.820000000000000000e+02, 4.660000000000000000e+02, -4.492477494633403956e-01
1.443122258186340332e+02, 9.810000000000000000e+02, 4.650000000000000000e+02, -4.492477494633403956e-01
1.443441326618194580e+02, 9.820000000000000000e+02, 4.660000000000000000e+02, -4.492477494633403956e-01
1.443762838840484619e+02, 9.820000000000000000e+02, 4.660000000000000000e+02, -4.492477494633403956e-01
1.444097118377685547e+02, 9.820000000000000000e+02, 4.660000000000000000e+02, -2.434734306532089665e+00
1.444441568851470947e+02, 9.820000000000000000e+02, 4.660000000000000000e+02, -2.434734306532089665e+00
1.444734008312225342e+02, 9.870000000000000000e+02, 4.390000000000000000e+02, -2.434734306532089665e+00
1.445035719871520996e+02, 9.890000000000000000e+02, 3.580000000000000000e+02, 0.000000000000000000e+00
1.445364468097686768e+02, 9.830000000000000000e+02, 3.170000000000000000e+02, -4.712388980384689743e-03
1.445683336257934570e+02, 9.680000000000000000e+02, 2.650000000000000000e+02, -3.141592653589793307e-03
1.446002607345581055e+02, 9.520000000000000000e+02, 2.440000000000000000e+02, -4.712388980384689743e-03
1.446321527957916260e+02, 9.360000000000000000e+02, 2.560000000000000000e+02, -4.712388980384689743e-03
1.446639690399169922e+02, 9.200000000000000000e+02, 2.960000000000000000e+02, -4.712388980384689743e-03
1.446961038112640381e+02, 9.040000000000000000e+02, 2.980000000000000000e+02, -4.712388980384689743e-03
1.447281517982482910e+02, 8.910000000000000000e+02, 3.070000000000000000e+02, -4.712388980384689743e-03
1.447600760459899902e+02, 8.770000000000000000e+02, 3.080000000000000000e+02, -4.712388980384689743e-03
1.447923567295074463e+02, 8.660000000000000000e+02, 3.070000000000000000e+02, -4.712388980384689743e-03
1.448242008686065674e+02, 8.590000000000000000e+02, 3.070000000000000000e+02, -4.712388980384689743e-03
1.448563656806945801e+02, 8.480000000000000000e+02, 3.070000000000000000e+02, -4.712388980384689743e-03
1.448880839347839355e+02, 8.350000000000000000e+02, 3.080000000000000000e+02, -4.712388980384689743e-03
1.449201269149780273e+02, 8.230000000000000000e+02, 3.080000000000000000e+02, -4.712388980384689743e-03
1.449522118568420410e+02, 8.110000000000000000e+02, 3.080000000000000000e+02, -3.141592653589793307e-03
1.449842948913574219e+02, 7.990000000000000000e+02, 3.080000000000000000e+02, -4.712388980384689743e-03
1.450162837505340576e+02, 7.880000000000000000e+02, 3.080000000000000000e+02, -4.712388980384689743e-03
1.450482649803161621e+02, 7.770000000000000000e+02, 3.080000000000000000e+02, -4.712388980384689743e-03
1.450800776481628418e+02, 7.660000000000000000e+02, 3.090000000000000000e+02, -4.712388980384689743e-03
1.451118688583374023e+02, 7.560000000000000000e+02, 3.100000000000000000e+02, -4.712388980384689743e-03
1.451434450149536133e+02, 7.470000000000000000e+02, 3.110000000000000000e+02, -4.712388980384689743e-03
1.451764278411865234e+02, 7.390000000000000000e+02, 3.120000000000000000e+02, -4.712388980384689743e-03
1.452099819183349609e+02, 7.290000000000000000e+02, 3.140000000000000000e+02, -2.434734306532089665e+00
1.452420148849487305e+02, 7.220000000000000000e+02, 3.160000000000000000e+02, -2.434734306532089665e+00
1.452720839977264404e+02, 7.150000000000000000e+02, 3.190000000000000000e+02, -2.434734306532089665e+00
1.453041830062866211e+02, 7.110000000000000000e+02, 3.330000000000000000e+02, -2.434734306532089665e+00
1.453364298343658447e+02, 7.150000000000000000e+02, 3.490000000000000000e+02, -2.434734306532089665e+00
1.453650407791137695e+02, 7.260000000000000000e+02, 3.640000000000000000e+02, -2.434734306532089665e+00
1.453971016407012939e+02, 7.420000000000000000e+02, 3.880000000000000000e+02, -2.434734306532089665e+00
1.454151659011840820e+02, 7.560000000000000000e+02, 4.020000000000000000e+02, -2.434734306532089665e+00
1.454447097778320312e+02, 7.990000000000000000e+02, 4.310000000000000000e+02, -7.932521450314227174e-01
1.454800767898559570e+02, 8.240000000000000000e+02, 4.530000000000000000e+02, -8.545132017764237586e-01
1.455117318630218506e+02, 8.760000000000000000e+02, 5.240000000000000000e+02, -8.686503687175778365e-01
1.455435278415679932e+02, 9.220000000000000000e+02, 5.920000000000000000e+02, -8.686503687175778365e-01
1.455765256881713867e+02, 9.170000000000000000e+02, 5.940000000000000000e+02, -8.686503687175778365e-01
1.456121857166290283e+02, 9.190000000000000000e+02, 5.990000000000000000e+02, -2.434734306532089665e+00
1.456410999298095703e+02, 9.210000000000000000e+02, 6.000000000000000000e+02, -2.434734306532089665e+00
1.456779358386993408e+02, 9.160000000000000000e+02, 6.120000000000000000e+02, -2.434734306532089665e+00
1.457080440521240234e+02, 8.990000000000000000e+02, 6.360000000000000000e+02, -2.434734306532089665e+00
1.457369928359985352e+02, 8.670000000000000000e+02, 6.640000000000000000e+02, -2.434734306532089665e+00
1.457671198844909668e+02, 8.670000000000000000e+02, 6.610000000000000000e+02, -2.434734306532089665e+00
1.457840638160705566e+02, 8.770000000000000000e+02, 6.580000000000000000e+02, -2.434734306532089665e+00
1.458133409023284912e+02, 8.740000000000000000e+02, 6.490000000000000000e+02, -1.030442390377452222e+00
1.458479359149932861e+02, 8.780000000000000000e+02, 6.550000000000000000e+02, -9.723229262860410005e-01
1.458801488876342773e+02, 9.050000000000000000e+02, 6.320000000000000000e+02, -9.597565556716818325e-01
1.459124050140380859e+02, 9.120000000000000000e+02, 6.200000000000000000e+02, -9.613273519984766313e-01
1.459439496994018555e+02, 9.040000000000000000e+02, 6.250000000000000000e+02, -1.002168056495144066e+00
1.459758288860321045e+02, 8.930000000000000000e+02, 6.370000000000000000e+02, -1.017876019763092943e+00
1.460098817348480225e+02, 8.850000000000000000e+02, 6.450000000000000000e+02, -2.434734306532089665e+00
1.460397129058837891e+02, 8.830000000000000000e+02, 6.460000000000000000e+02, -2.434734306532089665e+00
1.460704886913299561e+02, 8.800000000000000000e+02, 6.490000000000000000e+02, -2.434734306532089665e+00
1.461056299209594727e+02, 8.700000000000000000e+02, 6.580000000000000000e+02, -2.434734306532089665e+00
1.461357567310333252e+02, 8.800000000000000000e+02, 6.500000000000000000e+02, -2.434734306532089665e+00
1.461544976234436035e+02, 8.910000000000000000e+02, 6.390000000000000000e+02, -2.434734306532089665e+00
1.461807749271392822e+02, 9.080000000000000000e+02, 6.180000000000000000e+02, -8.183848862601411644e-01
1.462161500453948975e+02, 9.210000000000000000e+02, 6.020000000000000000e+02, -7.618362184955248528e-01
1.462478737831115723e+02, 9.360000000000000000e+02, 5.780000000000000000e+02, -7.524114405347553935e-01
1.462801647186279297e+02, 9.380000000000000000e+02, 5.720000000000000000e+02, -7.508406442079604837e-01
1.463120038509368896e+02, 9.390000000000000000e+02, 5.710000000000000000e+02, -7.508406442079604837e-01
1.463440048694610596e+02, 9.390000000000000000e+02, 5.720000000000000000e+02, -7.508406442079604837e-01
1.463761887550354004e+02, 9.390000000000000000e+02, 5.720000000000000000e+02, -7.508406442079604837e-01
1.464083588123321533e+02, 9.390000000000000000e+02, 5.710000000000000000e+02, -2.434734306532089665e+00
1.464376299381256104e+02, 9.390000000000000000e+02, 5.710000000000000000e+02, -2.434734306532089665e+00
1.464727988243103027e+02, 9.390000000000000000e+02, 5.730000000000000000e+02, -2.434734306532089665e+00
1.465067608356475830e+02, 9.350000000000000000e+02, 5.790000000000000000e+02, -2.434734306532089665e+00
1.465390918254852295e+02, 9.190000000000000000e+02, 6.070000000000000000e+02, -2.434734306532089665e+00
1.465680975914001465e+02, 9.080000000000000000e+02, 6.190000000000000000e+02, -9.848892969004001685e-01
1.466002418994903564e+02, 9.030000000000000000e+02, 6.260000000000000000e+02, -9.283406291357838569e-01
1.466320838928222656e+02, 8.950000000000000000e+02, 6.340000000000000000e+02, -8.906415172927062418e-01
1.466640768051147461e+02, 9.150000000000000000e+02, 6.120000000000000000e+02, -8.827875356587319144e-01
1.466957478523254395e+02, 9.150000000000000000e+02, 6.100000000000000000e+02, -8.827875356587319144e-01
1.467280597686767578e+02, 9.110000000000000000e+02, 6.140000000000000000e+02, -8.827875356587319144e-01
1.467597858905792236e+02, 9.130000000000000000e+02, 6.140000000000000000e+02, -8.827875356587319144e-01
1.467922587394714355e+02, 9.120000000000000000e+02, 6.140000000000000000e+02, -8.827875356587319144e-01
1.468242678642272949e+02, 9.130000000000000000e+02, 6.130000000000000000e+02, -8.827875356587319144e-01
1.468563709259033203e+02, 9.120000000000000000e+02, 6.130000000000000000e+02, -8.827875356587319144e-01
1.468876378536224365e+02, 9.110000000000000000e+02, 6.140000000000000000e+02, -8.827875356587319144e-01
1.469206089973449707e+02, 9.120000000000000000e+02, 6.140000000000000000e+02, -8.827875356587319144e-01
1.469523959159851074e+02, 9.120000000000000000e+02, 6.140000000000000000e+02, -8.827875356587319144e-01
1.469841179847717285e+02, 9.130000000000000000e+02, 6.130000000000000000e+02, -8.827875356587319144e-01
1.470161097049713135e+02, 9.120000000000000000e+02, 6.130000000000000000e+02, -8.827875356587319144e-01
1.470478718280792236e+02, 9.130000000000000000e+02, 6.140000000000000000e+02, -8.827875356587319144e-01
1.470799057483673096e+02, 9.120000000000000000e+02, 6.140000000000000000e+02, -8.827875356587319144e-01
1.471119790077209473e+02, 9.120000000000000000e+02, 6.140000000000000000e+02, -8.827875356587319144e-01
1.471439149379730225e+02, 9.140000000000000000e+02, 6.130000000000000000e+02, -8.827875356587319144e-01
1.471763389110565186e+02, 9.120000000000000000e+02, 6.140000000000000000e+02, -8.827875356587319144e-01
1.472081568241119385e+02, 9.120000000000000000e+02, 6.140000000000000000e+02, -8.827875356587319144e-01
1.472402377128601074e+02, 9.120000000000000000e+02, 6.130000000000000000e+02, -7.838273670706533691e-01
1.472717058658599854e+02, 9.140000000000000000e+02, 6.110000000000000000e+02, -7.099999397112932709e-01
1.473042707443237305e+02, 9.470000000000000000e+02, 5.560000000000000000e+02, -6.927211801165493732e-01
1.473360848426818848e+02, 9.600000000000000000e+02, 5.260000000000000000e+02, -6.911503837897544633e-01
1.473679628372192383e+02, 9.600000000000000000e+02, 5.270000000000000000e+02, -6.895795874629595534e-01
1.474001538753509521e+02, 9.500000000000000000e+02, 5.490000000000000000e+02, -6.880087911361646436e-01
1.474318149089813232e+02, 9.510000000000000000e+02, 5.500000000000000000e+02, -6.880087911361646436e-01
1.474640026092529297e+02, 9.500000000000000000e+02, 5.490000000000000000e+02, -6.880087911361646436e-01
1.474959239959716797e+02, 9.500000000000000000e+02, 5.500000000000000000e+02, -6.880087911361646436e-01
1.475281398296356201e+02, 9.510000000000000000e+02, 5.490000000000000000e+02, -6.880087911361646436e-01
1.475598709583282471e+02, 9.500000000000000000e+02, 5.490000000000000000e+02, -6.880087911361646436e-01
1.475918200016021729e+02, 9.500000000000000000e+02, 5.500000000000000000e+02, -6.880087911361646436e-01
1.476237750053405762e+02, 9.500000000000000000e+02, 5.500000000000000000e+02, -6.880087911361646436e-01
1.476562428474426270e+02, 9.500000000000000000e+02, 5.490000000000000000e+02, -6.880087911361646436e-01
1.476876258850097656e+02, 9.510000000000000000e+02, 5.500000000000000000e+02, -6.880087911361646436e-01
1.477201857566833496e+02, 9.500000000000000000e+02, 5.500000000000000000e+02, -6.880087911361646436e-01
1.477520787715911865e+02, 9.500000000000000000e+02, 5.500000000000000000e+02, -6.880087911361646436e-01
1.477836787700653076e+02, 9.510000000000000000e+02, 5.500000000000000000e+02, -6.880087911361646436e-01
1.478157176971435547e+02, 9.490000000000000000e+02, 5.490000000000000000e+02, -6.880087911361646436e-01
1.478479888439178467e+02, 9.500000000000000000e+02, 5.500000000000000000e+02, -6.880087911361646436e-01
1.478798608779907227e+02, 9.500000000000000000e+02, 5.490000000000000000e+02, -6.880087911361646436e-01
1.479118998050689697e+02, 9.500000000000000000e+02, 5.490000000000000000e+02, -6.880087911361646436e-01
1.479439148902893066e+02, 9.510000000000000000e+02, 5.500000000000000000e+02, -6.880087911361646436e-01
1.479759497642517090e+02, 9.500000000000000000e+02, 5.500000000000000000e+02, -6.880087911361646436e-01
1.480102689266204834e+02, 9.510000000000000000e+02, 5.500000000000000000e+02, -2.434734306532089665e+00
1.480407698154449463e+02, 9.500000000000000000e+02, 5.500000000000000000e+02, -2.434734306532089665e+00
1.480736727714538574e+02, 9.520000000000000000e+02, 5.440000000000000000e+02, -2.434734306532089665e+00
1.481053247451782227e+02, 9.540000000000000000e+02, 5.400000000000000000e+02, -2.434734306532089665e+00
1.481342337131500244e+02, 9.540000000000000000e+02, 5.400000000000000000e+02, -2.434734306532089665e+00
1.481676547527313232e+02, 9.570000000000000000e+02, 5.330000000000000000e+02, -2.434734306532089665e+00
1.481965377330780029e+02, 9.490000000000000000e+02, 5.510000000000000000e+02, -2.434734306532089665e+00
1.482159597873687744e+02, 9.420000000000000000e+02, 5.710000000000000000e+02, -2.434734306532089665e+00
1.482446808815002441e+02, 9.250000000000000000e+02, 6.000000000000000000e+02, -9.833185005736052586e-01
1.482799479961395264e+02, 9.190000000000000000e+02, 6.070000000000000000e+02, -1.057145927932965357e+00
1.483120119571685791e+02, 9.000000000000000000e+02, 6.320000000000000000e+02, -1.068141502220529837e+00
1.483437559604644775e+02, 8.770000000000000000e+02, 6.540000000000000000e+02, -1.068141502220529837e+00
1.483763787746429443e+02, 8.740000000000000000e+02, 6.560000000000000000e+02, -1.068141502220529837e+00
1.484091508388519287e+02, 8.740000000000000000e+02, 6.580000000000000000e+02, -2.434734306532089665e+00
1.484400179386138916e+02, 8.730000000000000000e+02, 6.580000000000000000e+02, -2.434734306532089665e+00
1.484729058742523193e+02, 8.810000000000000000e+02, 6.520000000000000000e+02, -2.434734306532089665e+00
1.485040099620819092e+02, 9.030000000000000000e+02, 6.280000000000000000e+02, -2.434734306532089665e+00
1.485344729423522949e+02, 9.060000000000000000e+02, 6.260000000000000000e+02, -2.434734306532089665e+00
1.485676579475402832e+02, 8.910000000000000000e+02, 6.390000000000000000e+02, -1.138827336926300005e+00
1.485997979640960693e+02, 8.810000000000000000e+02, 6.510000000000000000e+02, -1.148252114887069464e+00
1.486323099136352539e+02, 8.560000000000000000e+02, 6.640000000000000000e+02, -1.162389281828223542e+00
1.486630017757415771e+02, 8.570000000000000000e+02, 6.640000000000000000e+02, -1.165530874481813139e+00
1.486956727504730225e+02, 8.490000000000000000e+02, 6.660000000000000000e+02, -1.165530874481813139e+00
1.487278966903686523e+02, 8.470000000000000000e+02, 6.670000000000000000e+02, -1.165530874481813139e+00
1.487598137855529785e+02, 8.470000000000000000e+02, 6.670000000000000000e+02, -1.165530874481813139e+00
1.487920377254486084e+02, 8.470000000000000000e+02, 6.670000000000000000e+02, -1.165530874481813139e+00
1.488239958286285400e+02, 8.470000000000000000e+02, 6.670000000000000000e+02, -1.165530874481813139e+00
1.488556847572326660e+02, 8.470000000000000000e+02, 6.670000000000000000e+02, -1.165530874481813139e+00
1.488879437446594238e+02, 8.470000000000000000e+02, 6.670000000000000000e+02, -1.165530874481813139e+00
1.489197478294372559e+02, 8.470000000000000000e+02, 6.670000000000000000e+02, -1.165530874481813139e+00
1.489521479606628418e+02, 8.460000000000000000e+02, 6.670000000000000000e+02, -1.165530874481813139e+00
1.489837517738342285e+02, 8.470000000000000000e+02, 6.660000000000000000e+02, -1.165530874481813139e+00
1.490159149169921875e+02, 8.470000000000000000e+02, 6.660000000000000000e+02, -1.165530874481813139e+00
1.490479359626770020e+02, 8.470000000000000000e+02, 6.660000000000000000e+02, -1.165530874481813139e+00
1.490798528194427490e+02, 8.470000000000000000e+02, 6.660000000000000000e+02, -1.165530874481813139e+00
1.491116437911987305e+02, 8.460000000000000000e+02, 6.670000000000000000e+02, -1.165530874481813139e+00
1.491447248458862305e+02, 8.470000000000000000e+02, 6.670000000000000000e+02, -1.146681318560274443e+00
1.491759598255157471e+02, 8.470000000000000000e+02, 6.660000000000000000e+02, -9.628981483252715412e-01
1.492079019546508789e+02, 8.930000000000000000e+02, 6.340000000000000000e+02, -8.246680715673206929e-01
1.492402949333190918e+02, 9.200000000000000000e+02, 6.020000000000000000e+02, -7.712609964562942011e-01
1.492719087600708008e+02, 9.510000000000000000e+02, 5.480000000000000000e+02, -7.555530331883452133e-01
1.493040318489074707e+02, 9.620000000000000000e+02, 5.250000000000000000e+02, -7.508406442079604837e-01
1.493361027240753174e+02, 9.600000000000000000e+02, 5.310000000000000000e+02, -7.508406442079604837e-01
1.493677158355712891e+02, 9.470000000000000000e+02, 5.630000000000000000e+02, -7.476990515543707749e-01
1.494001019001007080e+02, 9.450000000000000000e+02, 5.690000000000000000e+02, -7.492698478811655738e-01
1.494319617748260498e+02, 9.440000000000000000e+02, 5.680000000000000000e+02, -7.476990515543707749e-01
1.494636490345001221e+02, 9.450000000000000000e+02, 5.680000000000000000e+02, -7.476990515543707749e-01
1.494959647655487061e+02, 9.450000000000000000e+02, 5.680000000000000000e+02, -7.492698478811655738e-01
1.495276947021484375e+02, 9.450000000000000000e+02, 5.690000000000000000e+02, -7.476990515543707749e-01
1.495594658851623535e+02, 9.450000000000000000e+02, 5.690000000000000000e+02, -7.476990515543707749e-01
1.495916788578033447e+02, 9.450000000000000000e+02, 5.680000000000000000e+02, -7.492698478811655738e-01
1.496235537528991699e+02, 9.440000000000000000e+02, 5.680000000000000000e+02, -7.492698478811655738e-01
1.496561946868896484e+02, 9.440000000000000000e+02, 5.680000000000000000e+02, -7.492698478811655738e-01
1.496880118846893311e+02, 9.440000000000000000e+02, 5.690000000000000000e+02, -7.476990515543707749e-01
1.497195537090301514e+02, 9.440000000000000000e+02, 5.680000000000000000e+02, -7.476990515543707749e-01
1.497516038417816162e+02, 9.450000000000000000e+02, 5.690000000000000000e+02, -7.476990515543707749e-01
1.497838709354400635e+02, 9.440000000000000000e+02, 5.680000000000000000e+02, -7.476990515543707749e-01
1.498158526420593262e+02, 9.450000000000000000e+02, 5.680000000000000000e+02, -7.492698478811655738e-01
1.498477728366851807e+02, 9.450000000000000000e+02, 5.680000000000000000e+02, -7.492698478811655738e-01
1.498799347877502441e+02, 9.450000000000000000e+02, 5.680000000000000000e+02, -7.476990515543707749e-01
1.499115917682647705e+02, 9.450000000000000000e+02, 5.680000000000000000e+02, -7.492698478811655738e-01
1.499436228275299072e+02, 9.440000000000000000e+02, 5.680000000000000000e+02, -7.476990515543707749e-01
1.499758877754211426e+02, 9.440000000000000000e+02, 5.690000000000000000e+02, -7.492698478811655738e-01
1.500108318328857422e+02, 9.450000000000000000e+02, 5.680000000000000000e+02, -2.434734306532089665e+00
1.500422518253326416e+02, 9.450000000000000000e+02, 5.680000000000000000e+02, -2.434734306532089665e+00
1.500732498168945312e+02, 9.570000000000000000e+02, 5.410000000000000000e+02, -2.434734306532089665e+00
1.501064848899841309e+02, 9.790000000000000000e+02, 4.750000000000000000e+02, -2.434734306532089665e+00
1.501361417770385742e+02, 9.840000000000000000e+02, 4.390000000000000000e+02, -2.434734306532089665e+00
1.501672387123107910e+02, 9.860000000000000000e+02, 4.240000000000000000e+02, -2.434734306532089665e+00
1.501999468803405762e+02, 9.860000000000000000e+02, 3.960000000000000000e+02, -1.712167996206437337e-01
1.502313358783721924e+02, 9.860000000000000000e+02, 3.840000000000000000e+02, -8.482300164692441191e-02
1.502636816501617432e+02, 9.850000000000000000e+02, 3.580000000000000000e+02, -3.926990816987241395e-02
1.502961428165435791e+02, 9.770000000000000000e+02, 3.170000000000000000e+02, -2.984513020910303446e-02
1.503278179168701172e+02, 9.670000000000000000e+02, 3.050000000000000000e+02, -2.984513020910303446e-02
1.503598518371582031e+02, 9.590000000000000000e+02, 3.200000000000000000e+02, -2.984513020910303446e-02
1.503919448852539062e+02, 9.530000000000000000e+02, 3.210000000000000000e+02, -2.984513020910303446e-02
1.504238877296447754e+02, 9.500000000000000000e+02, 3.210000000000000000e+02, -2.984513020910303446e-02
1.504557917118072510e+02, 9.460000000000000000e+02, 3.200000000000000000e+02, -2.984513020910303446e-02
1.504877519607543945e+02, 9.410000000000000000e+02, 3.200000000000000000e+02, -2.984513020910303446e-02
1.505196049213409424e+02, 9.390000000000000000e+02, 3.200000000000000000e+02, -2.984513020910303446e-02
1.505521290302276611e+02, 9.370000000000000000e+02, 3.200000000000000000e+02, -2.984513020910303446e-02
1.505843007564544678e+02, 9.350000000000000000e+02, 3.210000000000000000e+02, -2.984513020910303446e-02
1.506154918670654297e+02, 9.360000000000000000e+02, 3.200000000000000000e+02, -2.984513020910303446e-02
1.506478416919708252e+02, 9.360000000000000000e+02, 3.210000000000000000e+02, -2.984513020910303446e-02
1.506790609359741211e+02, 9.370000000000000000e+02, 3.200000000000000000e+02, -2.984513020910303446e-02
1.507118198871612549e+02, 9.390000000000000000e+02, 3.210000000000000000e+02, -2.984513020910303446e-02
1.507433626651763916e+02, 9.420000000000000000e+02, 3.210000000000000000e+02, -2.984513020910303446e-02
1.507763986587524414e+02, 9.440000000000000000e+02, 3.200000000000000000e+02, -2.984513020910303446e-02
1.508086619377136230e+02, 9.470000000000000000e+02, 3.210000000000000000e+02, -2.984513020910303446e-02
1.508398036956787109e+02, 9.480000000000000000e+02, 3.210000000000000000e+02, 1.115265392024376440e-01
1.508718068599700928e+02, 9.520000000000000000e+02, 3.210000000000000000e+02, 2.591813939211579654e-01
1.509035966396331787e+02, 9.540000000000000000e+02, 2.590000000000000000e+02, 2.984513020910303238e-01
1.509354088306427002e+02, 9.320000000000000000e+02, 2.240000000000000000e+02, 3.015928947446201436e-01
1.509677786827087402e+02, 8.990000000000000000e+02, 2.250000000000000000e+02, 3.015928947446201436e-01
1.509996798038482666e+02, 8.620000000000000000e+02, 2.370000000000000000e+02, 3.015928947446201436e-01
1.510317339897155762e+02, 8.230000000000000000e+02, 2.510000000000000000e+02, 3.015928947446201436e-01
1.510638840198516846e+02, 7.940000000000000000e+02, 2.610000000000000000e+02, 3.015928947446201436e-01
1.510961079597473145e+02, 7.650000000000000000e+02, 2.740000000000000000e+02, 3.015928947446201436e-01
1.511278357505798340e+02, 7.280000000000000000e+02, 2.840000000000000000e+02, 3.015928947446201436e-01
1.511599297523498535e+02, 6.850000000000000000e+02, 2.950000000000000000e+02, 3.015928947446201436e-01
1.511915199756622314e+02, 6.360000000000000000e+02, 3.080000000000000000e+02, 3.015928947446201436e-01
1.512239947319030762e+02, 6.100000000000000000e+02, 3.140000000000000000e+02, 3.015928947446201436e-01
1.512557737827301025e+02, 5.490000000000000000e+02, 3.310000000000000000e+02, 3.015928947446201436e-01
1.512876229286193848e+02, 4.890000000000000000e+02, 3.440000000000000000e+02, 3.015928947446201436e-01
1.513197660446166992e+02, 4.200000000000000000e+02, 3.630000000000000000e+02, 3.015928947446201436e-01
1.513516118526458740e+02, 3.410000000000000000e+02, 3.820000000000000000e+02, 3.015928947446201436e-01
1.513839349746704102e+02, 2.560000000000000000e+02, 4.040000000000000000e+02, 3.015928947446201436e-01
1.514159049987792969e+02, 2.590000000000000000e+02, 4.040000000000000000e+02, 3.015928947446201436e-01
1.514476628303527832e+02, 2.530000000000000000e+02, 4.040000000000000000e+02, 3.015928947446201436e-01
1.514797768592834473e+02, 2.520000000000000000e+02, 4.040000000000000000e+02, 3.015928947446201436e-01
1.515115747451782227e+02, 2.510000000000000000e+02, 4.040000000000000000e+02, 3.015928947446201436e-01
1.515438299179077148e+02, 2.510000000000000000e+02, 4.040000000000000000e+02, 3.015928947446201436e-01
1.515759117603302002e+02, 2.510000000000000000e+02, 4.030000000000000000e+02, 3.015928947446201436e-01
1.516107409000396729e+02, 2.510000000000000000e+02, 4.040000000000000000e+02, -2.434734306532089665e+00
1.516440587043762207e+02, 2.520000000000000000e+02, 4.040000000000000000e+02, -2.434734306532089665e+00
1.516761369705200195e+02, 2.530000000000000000e+02, 3.940000000000000000e+02, -2.434734306532089665e+00
1.517037146091461182e+02, 2.630000000000000000e+02, 3.040000000000000000e+02, -2.434734306532089665e+00
1.517360739707946777e+02, 2.840000000000000000e+02, 2.430000000000000000e+02, -2.434734306532089665e+00
1.517656209468841553e+02, 3.050000000000000000e+02, 2.170000000000000000e+02, -2.434734306532089665e+00
1.518009448051452637e+02, 3.250000000000000000e+02, 2.250000000000000000e+02, -2.434734306532089665e+00
1.518318316936492920e+02, 3.430000000000000000e+02, 2.600000000000000000e+02, -2.434734306532089665e+00
1.518610298633575439e+02, 3.650000000000000000e+02, 2.730000000000000000e+02, -2.434734306532089665e+00
1.518910856246948242e+02, 3.930000000000000000e+02, 2.640000000000000000e+02, -2.434734306532089665e+00
1.519108967781066895e+02, 4.090000000000000000e+02, 2.590000000000000000e+02, -2.434734306532089665e+00
1.519407138824462891e+02, 4.430000000000000000e+02, 2.460000000000000000e+02, -2.371902453460293658e-01
1.519758238792419434e+02, 4.600000000000000000e+02, 2.530000000000000000e+02, -1.869247628885926937e-01
1.520084648132324219e+02, 4.900000000000000000e+02, 2.800000000000000000e+02, -1.774999849278233177e-01
1.520401327610015869e+02, 5.080000000000000000e+02, 2.880000000000000000e+02, -1.774999849278233177e-01
1.520715088844299316e+02, 5.460000000000000000e+02, 2.960000000000000000e+02, -1.774999849278233177e-01
1.521036789417266846e+02, 5.870000000000000000e+02, 3.020000000000000000e+02, -1.774999849278233177e-01
1.521357560157775879e+02, 6.310000000000000000e+02, 3.140000000000000000e+02, -1.774999849278233177e-01
1.521678619384765625e+02, 6.740000000000000000e+02, 3.240000000000000000e+02, -1.774999849278233177e-01
1.522000997066497803e+02, 7.270000000000000000e+02, 3.270000000000000000e+02, -1.774999849278233177e-01
1.522314329147338867e+02, 7.820000000000000000e+02, 3.360000000000000000e+02, -1.774999849278233177e-01
1.522635338306427002e+02, 8.420000000000000000e+02, 3.470000000000000000e+02, -1.774999849278233177e-01
1.522955965995788574e+02, 9.060000000000000000e+02, 3.610000000000000000e+02, -1.774999849278233177e-01
1.523275697231292725e+02, 9.690000000000000000e+02, 3.710000000000000000e+02, -1.774999849278233177e-01
1.523596489429473877e+02, 9.800000000000000000e+02, 3.720000000000000000e+02, -1.774999849278233177e-01
1.523918006420135498e+02, 9.780000000000000000e+02, 3.720000000000000000e+02, -1.774999849278233177e-01
1.524237837791442871e+02, 9.810000000000000000e+02, 3.710000000000000000e+02, -1.774999849278233177e-01
1.524557378292083740e+02, 9.880000000000000000e+02, 3.730000000000000000e+02, -1.774999849278233177e-01
1.524876728057861328e+02, 9.900000000000000000e+02, 3.740000000000000000e+02, -1.774999849278233177e-01
1.525201179981231689e+02, 9.910000000000000000e+02, 3.730000000000000000e+02, -1.774999849278233177e-01
1.525517449378967285e+02, 9.900000000000000000e+02, 3.740000000000000000e+02, -1.774999849278233177e-01
1.525834727287292480e+02, 9.910000000000000000e+02, 3.740000000000000000e+02, -1.774999849278233177e-01
1.526153936386108398e+02, 9.910000000000000000e+02, 3.730000000000000000e+02, -1.774999849278233177e-01
1.526477818489074707e+02, 9.900000000000000000e+02, 3.740000000000000000e+02, -1.774999849278233177e-01
1.526793367862701416e+02, 9.900000000000000000e+02, 3.740000000000000000e+02, -1.774999849278233177e-01
1.527115588188171387e+02, 9.900000000000000000e+02, 3.730000000000000000e+02, -1.774999849278233177e-01
1.527435786724090576e+02, 9.910000000000000000e+02, 3.730000000000000000e+02, -1.774999849278233177e-01
1.527757558822631836e+02, 9.900000000000000000e+02, 3.740000000000000000e+02, -1.774999849278233177e-01
1.528077387809753418e+02, 9.890000000000000000e+02, 3.740000000000000000e+02, -1.774999849278233177e-01
1.528396716117858887e+02, 9.900000000000000000e+02, 3.740000000000000000e+02, -3.612831551628262194e-02
1.528714768886566162e+02, 9.890000000000000000e+02, 3.730000000000000000e+02, 1.146681318560274360e-01
1.529041438102722168e+02, 9.780000000000000000e+02, 3.040000000000000000e+02, 1.570796326794896558e-01
1.529364428520202637e+02, 9.580000000000000000e+02, 2.450000000000000000e+02, 1.602212253330794478e-01
1.529678907394409180e+02, 9.390000000000000000e+02, 2.210000000000000000e+02, 1.602212253330794478e-01
1.529999177455902100e+02, 9.200000000000000000e+02, 2.290000000000000000e+02, 1.602212253330794478e-01
1.530317718982696533e+02, 8.970000000000000000e+02, 2.690000000000000000e+02, 1.602212253330794478e-01
1.530640697479248047e+02, 8.710000000000000000e+02, 2.740000000000000000e+02, 1.602212253330794478e-01
1.530954327583312988e+02, 8.430000000000000000e+02, 2.780000000000000000e+02, 1.633628179866692398e-01
1.531273589134216309e+02, 8.130000000000000000e+02, 2.820000000000000000e+02, 1.633628179866692398e-01
1.531594419479370117e+02, 7.800000000000000000e+02, 2.890000000000000000e+02, 1.633628179866692398e-01
1.531916577816009521e+02, 7.460000000000000000e+02, 2.950000000000000000e+02, 1.633628179866692398e-01
1.532233929634094238e+02, 7.280000000000000000e+02, 2.980000000000000000e+02, 1.633628179866692398e-01
1.532553179264068604e+02, 6.900000000000000000e+02, 3.060000000000000000e+02, 1.633628179866692398e-01
1.532875666618347168e+02, 6.470000000000000000e+02, 3.120000000000000000e+02, 1.633628179866692398e-01
1.533198618888854980e+02, 6.030000000000000000e+02, 3.170000000000000000e+02, 1.649336143134641219e-01
1.533516898155212402e+02, 5.540000000000000000e+02, 3.240000000000000000e+02, 1.649336143134641219e-01
1.533835179805755615e+02, 5.060000000000000000e+02, 3.270000000000000000e+02, 1.649336143134641219e-01
1.534155509471893311e+02, 4.520000000000000000e+02, 3.320000000000000000e+02, 1.649336143134641219e-01
1.534473788738250732e+02, 3.940000000000000000e+02, 3.390000000000000000e+02, 1.649336143134641219e-01
1.534795608520507812e+02, 3.320000000000000000e+02, 3.460000000000000000e+02, 1.649336143134641219e-01
1.535115418434143066e+02, 2.650000000000000000e+02, 3.540000000000000000e+02, 1.665044106402590318e-01
1.535437188148498535e+02, 2.620000000000000000e+02, 3.550000000000000000e+02, 1.665044106402590318e-01
1.535759518146514893e+02, 2.580000000000000000e+02, 3.560000000000000000e+02, 1.665044106402590318e-01
1.536085879802703857e+02, 2.570000000000000000e+02, 3.560000000000000000e+02, -2.434734306532089665e+00
1.536411488056182861e+02, 2.560000000000000000e+02, 3.560000000000000000e+02, -2.434734306532089665e+00
1.536729478836059570e+02, 2.560000000000000000e+02, 3.620000000000000000e+02, -2.434734306532089665e+00
1.537032618522644043e+02, 2.550000000000000000e+02, 4.020000000000000000e+02, -2.434734306532089665e+00
1.537359979152679443e+02, 2.640000000000000000e+02, 4.780000000000000000e+02, -2.434734306532089665e+00
1.537693209648132324e+02, 2.910000000000000000e+02, 5.580000000000000000e+02, -2.434734306532089665e+00
1.537998938560485840e+02, 2.880000000000000000e+02, 5.540000000000000000e+02, -2.434734306532089665e+00
1.538319258689880371e+02, 2.940000000000000000e+02, 5.620000000000000000e+02, -2.434734306532089665e+00
1.538673479557037354e+02, 2.830000000000000000e+02, 5.400000000000000000e+02, -2.434734306532089665e+00
1.539028987884521484e+02, 2.700000000000000000e+02, 5.040000000000000000e+02, -2.434734306532089665e+00
1.539293718338012695e+02, 2.620000000000000000e+02, 4.670000000000000000e+02, -2.434734306532089665e+00
1.539598729610443115e+02, 2.560000000000000000e+02, 4.310000000000000000e+02, -2.434734306532089665e+00
1.540077927112579346e+02, 2.560000000000000000e+02, 4.290000000000000000e+02, 3.345796176073129735e-01
1.540399627685546875e+02, 2.560000000000000000e+02, 4.320000000000000000e+02, 3.487167845484670514e-01
1.540715088844299316e+02, 2.560000000000000000e+02, 4.240000000000000000e+02, 3.612831551628262194e-01
1.541037538051605225e+02, 2.550000000000000000e+02, 4.250000000000000000e+02, 3.628539514896211293e-01
1.541360986232757568e+02, 2.550000000000000000e+02, 4.290000000000000000e+02, 3.628539514896211293e-01
1.541679108142852783e+02, 2.560000000000000000e+02, 4.280000000000000000e+02, 3.628539514896211293e-01
1.541994907855987549e+02, 2.560000000000000000e+02, 4.280000000000000000e+02, 3.628539514896211293e-01
1.542316567897796631e+02, 2.560000000000000000e+02, 4.280000000000000000e+02, 3.628539514896211293e-01
1.542638118267059326e+02, 2.560000000000000000e+02, 4.290000000000000000e+02, 3.628539514896211293e-01
1.542955808639526367e+02, 2.560000000000000000e+02, 4.290000000000000000e+02, 3.628539514896211293e-01
1.543275008201599121e+02, 2.570000000000000000e+02, 4.290000000000000000e+02, 3.628539514896211293e-01
1.543598108291625977e+02, 2.560000000000000000e+02, 4.290000000000000000e+02, 3.628539514896211293e-01
1.543922207355499268e+02, 2.560000000000000000e+02, 4.290000000000000000e+02, 3.628539514896211293e-01
1.544235699176788330e+02, 2.570000000000000000e+02, 4.290000000000000000e+02, 3.628539514896211293e-01
1.544556047916412354e+02, 2.560000000000000000e+02, 4.280000000000000000e+02, 3.628539514896211293e-01
1.544877548217773438e+02, 2.560000000000000000e+02, 4.280000000000000000e+02, 3.628539514896211293e-01
1.545197896957397461e+02, 2.560000000000000000e+02, 4.290000000000000000e+02, 3.628539514896211293e-01
1.545515677928924561e+02, 2.560000000000000000e+02, 4.290000000000000000e+02, 3.628539514896211293e-01
1.545835778713226318e+02, 2.550000000000000000e+02, 4.290000000000000000e+02, 3.628539514896211293e-01
1.546159269809722900e+02, 2.550000000000000000e+02, 4.290000000000000000e+02, 3.628539514896211293e-01
1.546476137638092041e+02, 2.560000000000000000e+02, 4.290000000000000000e+02, 3.628539514896211293e-01
1.546793158054351807e+02, 2.560000000000000000e+02, 4.290000000000000000e+02, 3.628539514896211293e-01
1.547114367485046387e+02, 2.560000000000000000e+02, 4.290000000000000000e+02, 3.628539514896211293e-01
1.547438399791717529e+02, 2.560000000000000000e+02, 4.290000000000000000e+02, 3.628539514896211293e-01
1.547756848335266113e+02, 2.550000000000000000e+02, 4.290000000000000000e+02, 3.628539514896211293e-01
1.548109328746795654e+02, 2.550000000000000000e+02, 4.280000000000000000e+02, -2.434734306532089665e+00
1.548428888320922852e+02, 2.560000000000000000e+02, 4.280000000000000000e+02, -2.434734306532089665e+00
1.548740816116333008e+02, 2.540000000000000000e+02, 4.070000000000000000e+02, -2.434734306532089665e+00
1.549065966606140137e+02, 2.620000000000000000e+02, 3.180000000000000000e+02, -2.434734306532089665e+00
1.549355037212371826e+02, 2.780000000000000000e+02, 2.630000000000000000e+02, -2.434734306532089665e+00
1.549692826271057129e+02, 2.930000000000000000e+02, 2.420000000000000000e+02, -2.434734306532089665e+00
1.550027248859405518e+02, 3.060000000000000000e+02, 2.560000000000000000e+02, -2.434734306532089665e+00
1.550298588275909424e+02, 3.190000000000000000e+02, 2.950000000000000000e+02, -2.434734306532089665e+00
1.550608468055725098e+02, 3.340000000000000000e+02, 2.810000000000000000e+02, -1.005309649148733858e-01
1.550953998565673828e+02, 3.420000000000000000e+02, 2.750000000000000000e+02, -8.796459430051420392e-02
1.551266937255859375e+02, 3.580000000000000000e+02, 2.790000000000000000e+02, -8.482300164692441191e-02
1.551592948436737061e+02, 3.750000000000000000e+02, 2.820000000000000000e+02, -8.325220532012951591e-02
1.551916909217834473e+02, 3.930000000000000000e+02, 2.840000000000000000e+02, -8.325220532012951591e-02
1.552239987850189209e+02, 4.020000000000000000e+02, 2.850000000000000000e+02, -8.325220532012951591e-02
1.552557828426361084e+02, 4.230000000000000000e+02, 2.880000000000000000e+02, -8.325220532012951591e-02
1.552878997325897217e+02, 4.420000000000000000e+02, 2.910000000000000000e+02, -8.325220532012951591e-02
1.553197467327117920e+02, 4.630000000000000000e+02, 2.960000000000000000e+02, -7.068583470577034789e-02
1.553515520095825195e+02, 4.850000000000000000e+02, 2.990000000000000000e+02, 2.199114857512855098e-02
1.553836307525634766e+02, 5.070000000000000000e+02, 3.060000000000000000e+02, 6.597344572538565988e-02
1.554155850410461426e+02, 5.330000000000000000e+02, 3.130000000000000000e+02, 7.382742735936013989e-02
1.554474449157714844e+02, 5.560000000000000000e+02, 3.130000000000000000e+02, 7.382742735936013989e-02
1.554797027111053467e+02, 5.760000000000000000e+02, 3.160000000000000000e+02, 7.382742735936013989e-02
1.555113086700439453e+02, 5.940000000000000000e+02, 3.150000000000000000e+02, 7.382742735936013989e-02
1.555433218479156494e+02, 6.120000000000000000e+02, 3.150000000000000000e+02, 7.382742735936013989e-02
1.555758378505706787e+02, 6.280000000000000000e+02, 3.150000000000000000e+02, 7.382742735936013989e-02
1.556085197925567627e+02, 6.440000000000000000e+02, 3.150000000000000000e+02, -2.434734306532089665e+00
1.556379907131195068e+02, 6.560000000000000000e+02, 3.140000000000000000e+02, -2.434734306532089665e+00
1.556737687587738037e+02, 6.680000000000000000e+02, 3.150000000000000000e+02, -2.434734306532089665e+00
1.557084836959838867e+02, 6.780000000000000000e+02, 3.170000000000000000e+02, -2.434734306532089665e+00
1.557416267395019531e+02, 6.880000000000000000e+02, 3.210000000000000000e+02, -2.434734306532089665e+00
1.557704346179962158e+02, 6.990000000000000000e+02, 3.280000000000000000e+02, -2.434734306532089665e+00
1.558009498119354248e+02, 7.140000000000000000e+02, 3.310000000000000000e+02, -2.434734306532089665e+00
1.558208446502685547e+02, 7.220000000000000000e+02, 3.320000000000000000e+02, -2.434734306532089665e+00
1.558435907363891602e+02, 7.410000000000000000e+02, 3.350000000000000000e+02, -2.042035224833365636e-01
1.558793909549713135e+02, 7.530000000000000000e+02, 3.370000000000000000e+02, -1.382300767579508760e-01
1.559117276668548584e+02, 7.790000000000000000e+02, 3.330000000000000000e+02, -1.225221134900019299e-01
1.559433937072753906e+02, 8.100000000000000000e+02, 3.320000000000000000e+02, -1.209513171632070339e-01
1.559756119251251221e+02, 8.420000000000000000e+02, 3.350000000000000000e+02, -1.209513171632070339e-01
1.560101029872894287e+02, 8.770000000000000000e+02, 3.400000000000000000e+02, -2.434734306532089665e+00
1.560388877391815186e+02, 9.130000000000000000e+02, 3.450000000000000000e+02, -2.434734306532089665e+00
1.560746827125549316e+02, 9.530000000000000000e+02, 3.520000000000000000e+02, -2.434734306532089665e+00
1.561021118164062500e+02, 9.820000000000000000e+02, 3.870000000000000000e+02, -2.434734306532089665e+00
1.561374976634979248e+02, 9.710000000000000000e+02, 4.560000000000000000e+02, -2.434734306532089665e+00
1.561716506481170654e+02, 9.680000000000000000e+02, 4.840000000000000000e+02, -2.434734306532089665e+00
1.561964387893676758e+02, 9.570000000000000000e+02, 5.020000000000000000e+02, -2.434734306532089665e+00
1.562326898574829102e+02, 9.660000000000000000e+02, 5.080000000000000000e+02, -5.717698629533423116e-01
1.562635638713836670e+02, 9.650000000000000000e+02, 5.100000000000000000e+02, -5.434955290710341558e-01
1.562955589294433594e+02, 9.700000000000000000e+02, 5.020000000000000000e+02, -5.340707511102649185e-01
1.563272759914398193e+02, 9.710000000000000000e+02, 4.970000000000000000e+02, -5.340707511102649185e-01
1.563594679832458496e+02, 9.710000000000000000e+02, 4.980000000000000000e+02, -5.340707511102649185e-01
1.563912749290466309e+02, 9.700000000000000000e+02, 4.970000000000000000e+02, -5.340707511102649185e-01
1.564234297275543213e+02, 9.700000000000000000e+02, 4.970000000000000000e+02, -5.340707511102649185e-01
1.564555609226226807e+02, 9.700000000000000000e+02, 4.960000000000000000e+02, -5.340707511102649185e-01
1.564874367713928223e+02, 9.700000000000000000e+02, 4.970000000000000000e+02, -5.340707511102649185e-01
1.565191988945007324e+02, 9.700000000000000000e+02, 4.970000000000000000e+02, -5.340707511102649185e-01
1.565514729022979736e+02, 9.690000000000000000e+02, 4.970000000000000000e+02, -5.324999547834700087e-01
1.565830228328704834e+02, 9.700000000000000000e+02, 4.960000000000000000e+02, -5.340707511102649185e-01
1.566154077053070068e+02, 9.710000000000000000e+02, 4.970000000000000000e+02, -5.340707511102649185e-01
1.566474187374114990e+02, 9.700000000000000000e+02, 4.970000000000000000e+02, -5.324999547834700087e-01
1.566797239780426025e+02, 9.700000000000000000e+02, 4.960000000000000000e+02, -5.340707511102649185e-01
1.567112057209014893e+02, 9.700000000000000000e+02, 4.970000000000000000e+02, -5.340707511102649185e-01
1.567442607879638672e+02, 9.700000000000000000e+02, 4.960000000000000000e+02, -5.199335841691108406e-01
1.567753489017486572e+02, 9.690000000000000000e+02, 4.970000000000000000e+02, -4.194026192542373854e-01
1.568074138164520264e+02, 9.760000000000000000e+02, 4.630000000000000000e+02, -3.707079331235955677e-01
1.568393547534942627e+02, 9.800000000000000000e+02, 4.430000000000000000e+02, -2.890265241302609756e-01
1.568716447353363037e+02, 9.830000000000000000e+02, 4.270000000000000000e+02, -2.261946710584650799e-01
1.569033608436584473e+02, 9.840000000000000000e+02, 3.840000000000000000e+02, -2.151990967709008495e-01
1.569355199337005615e+02, 9.800000000000000000e+02, 3.550000000000000000e+02, -2.136283004441059397e-01
1.569672026634216309e+02, 9.790000000000000000e+02, 3.590000000000000000e+02, -2.136283004441059397e-01
1.569997386932373047e+02, 9.810000000000000000e+02, 3.810000000000000000e+02, -2.136283004441059397e-01
1.570315189361572266e+02, 9.820000000000000000e+02, 3.820000000000000000e+02, -2.136283004441059397e-01
1.570633337497711182e+02, 9.840000000000000000e+02, 3.830000000000000000e+02, -2.136283004441059397e-01
1.570955536365509033e+02, 9.830000000000000000e+02, 3.830000000000000000e+02, -2.136283004441059397e-01
1.571274569034576416e+02, 9.830000000000000000e+02, 3.830000000000000000e+02, -2.136283004441059397e-01
1.571596798896789551e+02, 9.830000000000000000e+02, 3.840000000000000000e+02, -2.136283004441059397e-01
1.571917407512664795e+02, 9.840000000000000000e+02, 3.830000000000000000e+02, -2.136283004441059397e-01
1.572238416671752930e+02, 9.830000000000000000e+02, 3.830000000000000000e+02, -2.136283004441059397e-01
1.572555058002471924e+02, 9.830000000000000000e+02, 3.820000000000000000e+02, -2.136283004441059397e-01
1.572874398231506348e+02, 9.820000000000000000e+02, 3.840000000000000000e+02, -2.136283004441059397e-01
1.573193757534027100e+02, 9.830000000000000000e+02, 3.820000000000000000e+02, -2.136283004441059397e-01
1.573516347408294678e+02, 9.830000000000000000e+02, 3.840000000000000000e+02, -2.136283004441059397e-01
1.573836538791656494e+02, 9.830000000000000000e+02, 3.830000000000000000e+02, -2.136283004441059397e-01
1.574155247211456299e+02, 9.830000000000000000e+02, 3.830000000000000000e+02, -2.136283004441059397e-01
1.574476528167724609e+02, 9.840000000000000000e+02, 3.830000000000000000e+02, -2.136283004441059397e-01
1.574791438579559326e+02, 9.830000000000000000e+02, 3.820000000000000000e+02, -2.136283004441059397e-01
1.575110766887664795e+02, 9.830000000000000000e+02, 3.840000000000000000e+02, -2.136283004441059397e-01
1.575435688495635986e+02, 9.830000000000000000e+02, 3.830000000000000000e+02, -2.136283004441059397e-01
1.575757198333740234e+02, 9.830000000000000000e+02, 3.830000000000000000e+02, -1.979203371761569796e-01
1.576085968017578125e+02, 9.830000000000000000e+02, 3.830000000000000000e+02, -2.434734306532089665e+00
1.576389129161834717e+02, 9.810000000000000000e+02, 3.360000000000000000e+02, -2.434734306532089665e+00
1.576728577613830566e+02, 9.620000000000000000e+02, 2.670000000000000000e+02, -2.434734306532089665e+00
1.576995258331298828e+02, 9.310000000000000000e+02, 1.980000000000000000e+02, -2.434734306532089665e+00
1.577339127063751221e+02, 8.950000000000000000e+02, 1.610000000000000000e+02, -2.434734306532089665e+00
1.577529637813568115e+02, 8.780000000000000000e+02, 1.550000000000000000e+02, -2.434734306532089665e+00
1.577807447910308838e+02, 8.410000000000000000e+02, 1.650000000000000000e+02, 5.356415474370597174e-01
1.578156657218933105e+02, 8.230000000000000000e+02, 1.800000000000000000e+02, 5.513495107050087052e-01
1.578474438190460205e+02, 7.760000000000000000e+02, 2.100000000000000000e+02, 5.529203070318035040e-01
1.578795747756958008e+02, 7.190000000000000000e+02, 2.450000000000000000e+02, 5.529203070318035040e-01
1.579111616611480713e+02, 6.630000000000000000e+02, 2.810000000000000000e+02, 5.529203070318035040e-01
1.579434797763824463e+02, 5.990000000000000000e+02, 3.130000000000000000e+02, 5.529203070318035040e-01
1.579755966663360596e+02, 5.600000000000000000e+02, 3.370000000000000000e+02, 5.529203070318035040e-01
1.580086207389831543e+02, 4.260000000000000000e+02, 4.070000000000000000e+02, -2.434734306532089665e+00
1.580399048328399658e+02, 3.240000000000000000e+02, 4.670000000000000000e+02, -2.434734306532089665e+00
1.580724506378173828e+02, 2.860000000000000000e+02, 4.990000000000000000e+02, -2.434734306532089665e+00
1.581043856143951416e+02, 3.250000000000000000e+02, 5.250000000000000000e+02, -2.434734306532089665e+00
1.581362717151641846e+02, 3.570000000000000000e+02, 5.920000000000000000e+02, -2.434734306532089665e+00
1.581658608913421631e+02, 3.960000000000000000e+02, 6.710000000000000000e+02, -2.434734306532089665e+00
1.581979117393493652e+02, 3.890000000000000000e+02, 6.730000000000000000e+02, -2.434734306532089665e+00
1.582276077270507812e+02, 3.870000000000000000e+02, 6.740000000000000000e+02, -2.434734306532089665e+00
1.582455129623413086e+02, 3.900000000000000000e+02, 6.750000000000000000e+02, -2.434734306532089665e+00
1.582766118049621582e+02, 3.930000000000000000e+02, 6.760000000000000000e+02, 1.141968929579889824e+00
1.583113148212432861e+02, 3.780000000000000000e+02, 6.690000000000000000e+02, 1.152964503867454082e+00
1.583435907363891602e+02, 3.640000000000000000e+02, 6.610000000000000000e+02, 1.157676892847838701e+00
1.583752307891845703e+02, 3.680000000000000000e+02, 6.620000000000000000e+02, 1.159247689174633722e+00
1.584098758697509766e+02, 3.840000000000000000e+02, 6.690000000000000000e+02, -2.434734306532089665e+00
1.584383728504180908e+02, 3.940000000000000000e+02, 6.740000000000000000e+02, -2.434734306532089665e+00
1.584732809066772461e+02, 3.980000000000000000e+02, 6.760000000000000000e+02, -2.434734306532089665e+00
1.585030858516693115e+02, 4.080000000000000000e+02, 6.800000000000000000e+02, -2.434734306532089665e+00
1.585324380397796631e+02, 4.080000000000000000e+02, 6.800000000000000000e+02, -2.434734306532089665e+00
1.585671007633209229e+02, 4.080000000000000000e+02, 6.800000000000000000e+02, -2.434734306532089665e+00
1.585958938598632812e+02, 3.820000000000000000e+02, 6.710000000000000000e+02, -2.434734306532089665e+00
1.586179189682006836e+02, 3.680000000000000000e+02, 6.630000000000000000e+02, -2.434734306532089665e+00
1.586474790573120117e+02, 3.590000000000000000e+02, 6.580000000000000000e+02, -2.434734306532089665e+00
1.586813688278198242e+02, 3.670000000000000000e+02, 6.620000000000000000e+02, -2.434734306532089665e+00
1.587097818851470947e+02, 3.860000000000000000e+02, 6.710000000000000000e+02, -2.434734306532089665e+00
1.587430107593536377e+02, 4.060000000000000000e+02, 6.770000000000000000e+02, -2.434734306532089665e+00
1.587710878849029541e+02, 4.020000000000000000e+02, 6.760000000000000000e+02, -2.434734306532089665e+00
1.588077087402343750e+02, 4.000000000000000000e+02, 6.750000000000000000e+02, -2.434734306532089665e+00
1.588411297798156738e+02, 4.040000000000000000e+02, 6.760000000000000000e+02, -2.434734306532089665e+00
1.588725357055664062e+02, 4.070000000000000000e+02, 6.770000000000000000e+02, -2.434734306532089665e+00
1.589043917655944824e+02, 4.070000000000000000e+02, 6.770000000000000000e+02, -2.434734306532089665e+00
1.589333817958831787e+02, 4.070000000000000000e+02, 6.770000000000000000e+02, -2.434734306532089665e+00
1.589641070365905762e+02, 4.060000000000000000e+02, 6.770000000000000000e+02, -2.434734306532089665e+00
1.589974520206451416e+02, 3.780000000000000000e+02, 6.660000000000000000e+02, -2.434734306532089665e+00
1.590318279266357422e+02, 3.580000000000000000e+02, 6.560000000000000000e+02, -2.434734306532089665e+00
1.590599837303161621e+02, 3.580000000000000000e+02, 6.570000000000000000e+02, -2.434734306532089665e+00
1.590962297916412354e+02, 3.720000000000000000e+02, 6.630000000000000000e+02, -2.434734306532089665e+00
1.591294307708740234e+02, 4.010000000000000000e+02, 6.730000000000000000e+02, -2.434734306532089665e+00
1.591632859706878662e+02, 4.080000000000000000e+02, 6.750000000000000000e+02, -2.434734306532089665e+00
1.592081069946289062e+02, 4.100000000000000000e+02, 6.750000000000000000e+02, -2.434734306532089665e+00
1.592404170036315918e+02, 4.110000000000000000e+02, 6.760000000000000000e+02, -2.434734306532089665e+00
1.592728717327117920e+02, 4.100000000000000000e+02, 6.760000000000000000e+02, -2.434734306532089665e+00
1.593048887252807617e+02, 4.090000000000000000e+02, 6.760000000000000000e+02, -2.434734306532089665e+00
1.593369858264923096e+02, 4.110000000000000000e+02, 6.760000000000000000e+02, -2.434734306532089665e+00
1.593669087886810303e+02, 4.100000000000000000e+02, 6.760000000000000000e+02, -2.434734306532089665e+00
1.593979237079620361e+02, 4.100000000000000000e+02, 6.760000000000000000e+02, -2.434734306532089665e+00
1.594305338859558105e+02, 4.120000000000000000e+02, 6.760000000000000000e+02, -2.434734306532089665e+00
1.594615328311920166e+02, 4.110000000000000000e+02, 6.760000000000000000e+02, -2.434734306532089665e+00
1.594916229248046875e+02, 4.110000000000000000e+02, 6.760000000000000000e+02, -2.434734306532089665e+00
1.595228888988494873e+02, 4.040000000000000000e+02, 6.740000000000000000e+02, -2.434734306532089665e+00
1.595627868175506592e+02, 3.670000000000000000e+02, 6.590000000000000000e+02, -2.434734306532089665e+00
1.596098129749298096e+02, 3.460000000000000000e+02, 6.430000000000000000e+02, -2.434734306532089665e+00
1.596414957046508789e+02, 3.190000000000000000e+02, 6.090000000000000000e+02, -2.434734306532089665e+00
1.596719648838043213e+02, 3.020000000000000000e+02, 5.870000000000000000e+02, -2.434734306532089665e+00
1.597052836418151855e+02, 2.960000000000000000e+02, 5.760000000000000000e+02, -2.434734306532089665e+00
1.597369027137756348e+02, 2.790000000000000000e+02, 5.460000000000000000e+02, -2.434734306532089665e+00
1.597681627273559570e+02, 2.670000000000000000e+02, 5.090000000000000000e+02, -2.434734306532089665e+00
1.597999107837677002e+02, 2.580000000000000000e+02, 4.750000000000000000e+02, -2.434734306532089665e+00
1.598313338756561279e+02, 2.540000000000000000e+02, 4.530000000000000000e+02, -2.434734306532089665e+00
1.598636128902435303e+02, 2.570000000000000000e+02, 4.690000000000000000e+02, -2.434734306532089665e+00
1.598925638198852539e+02, 2.690000000000000000e+02, 5.130000000000000000e+02, -2.434734306532089665e+00
1.599273679256439209e+02, 2.700000000000000000e+02, 5.150000000000000000e+02, -2.434734306532089665e+00
1.599583578109741211e+02, 2.710000000000000000e+02, 5.140000000000000000e+02, -2.434734306532089665e+00
1.600075850486755371e+02, 2.730000000000000000e+02, 5.200000000000000000e+02, -2.434734306532089665e+00
1.600409708023071289e+02, 2.640000000000000000e+02, 4.920000000000000000e+02, -2.434734306532089665e+00
1.600709266662597656e+02, 2.620000000000000000e+02, 4.860000000000000000e+02, -2.434734306532089665e+00
1.601044178009033203e+02, 2.660000000000000000e+02, 4.990000000000000000e+02, 5.639158813193678732e-01
1.601355857849121094e+02, 2.660000000000000000e+02, 5.000000000000000000e+02, 5.859070298944963895e-01
1.601671547889709473e+02, 2.680000000000000000e+02, 5.060000000000000000e+02, 5.906194188748811191e-01
1.601989896297454834e+02, 2.700000000000000000e+02, 5.130000000000000000e+02, 5.921902152016760290e-01
1.602313196659088135e+02, 2.710000000000000000e+02, 5.140000000000000000e+02, 5.921902152016760290e-01
1.602632408142089844e+02, 2.710000000000000000e+02, 5.140000000000000000e+02, 5.921902152016760290e-01
1.602952907085418701e+02, 2.710000000000000000e+02, 5.140000000000000000e+02, 5.921902152016760290e-01
1.603274238109588623e+02, 2.700000000000000000e+02, 5.140000000000000000e+02, 5.921902152016760290e-01
1.603593809604644775e+02, 2.710000000000000000e+02, 5.140000000000000000e+02, 5.937610115284709389e-01
1.603921709060668945e+02, 2.710000000000000000e+02, 5.140000000000000000e+02, 6.204645490839841848e-01
1.604232077598571777e+02, 2.710000000000000000e+02, 5.160000000000000000e+02, 6.738716241950105656e-01
1.604553577899932861e+02, 2.740000000000000000e+02, 5.250000000000000000e+02, 6.974335690969341028e-01
1.604869697093963623e+02, 2.820000000000000000e+02, 5.480000000000000000e+02, 7.021459580773187215e-01
1.605195798873901367e+02, 2.840000000000000000e+02, 5.530000000000000000e+02, 7.037167544041136313e-01
1.605516386032104492e+02, 2.850000000000000000e+02, 5.540000000000000000e+02, 7.052875507309085412e-01
1.605832347869873047e+02, 2.850000000000000000e+02, 5.550000000000000000e+02, 7.052875507309085412e-01
1.606151607036590576e+02, 2.850000000000000000e+02, 5.550000000000000000e+02, 7.052875507309085412e-01
1.606472859382629395e+02, 2.850000000000000000e+02, 5.560000000000000000e+02, 7.052875507309085412e-01
1.606791706085205078e+02, 2.850000000000000000e+02, 5.560000000000000000e+02, 7.052875507309085412e-01
1.607112638950347900e+02, 2.860000000000000000e+02, 5.560000000000000000e+02, 7.052875507309085412e-01
1.607431817054748535e+02, 2.860000000000000000e+02, 5.550000000000000000e+02, 7.052875507309085412e-01
1.607752666473388672e+02, 2.840000000000000000e+02, 5.550000000000000000e+02, 7.052875507309085412e-01
1.608116338253021240e+02, 2.850000000000000000e+02, 5.550000000000000000e+02, -2.434734306532089665e+00
1.608420479297637939e+02, 2.860000000000000000e+02, 5.560000000000000000e+02, -2.434734306532089665e+00
1.608707027435302734e+02, 2.800000000000000000e+02, 5.410000000000000000e+02, -2.434734306532089665e+00
1.609070348739624023e+02, 2.540000000000000000e+02, 4.480000000000000000e+02, -2.434734306532089665e+00
1.609411108493804932e+02, 2.510000000000000000e+02, 3.810000000000000000e+02, -2.434734306532089665e+00
1.609698276519775391e+02, 2.600000000000000000e+02, 3.150000000000000000e+02, -2.434734306532089665e+00
1.610004537105560303e+02, 2.710000000000000000e+02, 2.820000000000000000e+02, -2.434734306532089665e+00
1.610334026813507080e+02, 2.800000000000000000e+02, 2.830000000000000000e+02, -2.434734306532089665e+00
1.610652408599853516e+02, 2.900000000000000000e+02, 3.210000000000000000e+02, -2.434734306532089665e+00
1.610959029197692871e+02, 2.940000000000000000e+02, 3.920000000000000000e+02, -2.434734306532089665e+00
1.611294667720794678e+02, 2.800000000000000000e+02, 4.050000000000000000e+02, -2.434734306532089665e+00
1.611611146926879883e+02, 2.530000000000000000e+02, 3.840000000000000000e+02, -2.434734306532089665e+00
1.612069168090820312e+02, 2.550000000000000000e+02, 3.560000000000000000e+02, -2.434734306532089665e+00
1.612423906326293945e+02, 2.590000000000000000e+02, 3.270000000000000000e+02, -2.434734306532089665e+00
1.612706146240234375e+02, 2.660000000000000000e+02, 3.100000000000000000e+02, -2.434734306532089665e+00
1.613017377853393555e+02, 2.690000000000000000e+02, 2.860000000000000000e+02, -2.434734306532089665e+00
1.613352119922637939e+02, 2.730000000000000000e+02, 2.980000000000000000e+02, -2.434734306532089665e+00
1.613633499145507812e+02, 2.750000000000000000e+02, 3.200000000000000000e+02, -2.434734306532089665e+00
1.613983187675476074e+02, 2.750000000000000000e+02, 3.040000000000000000e+02, -2.434734306532089665e+00
1.614346706867218018e+02, 2.720000000000000000e+02, 2.760000000000000000e+02, -2.434734306532089665e+00
1.614654388427734375e+02, 2.720000000000000000e+02, 2.820000000000000000e+02, -2.434734306532089665e+00
1.615000457763671875e+02, 2.720000000000000000e+02, 3.190000000000000000e+02, -2.434734306532089665e+00
1.615289957523345947e+02, 2.700000000000000000e+02, 3.180000000000000000e+02, -2.434734306532089665e+00
1.615614597797393799e+02, 2.660000000000000000e+02, 3.280000000000000000e+02, -2.434734306532089665e+00
1.616081328392028809e+02, 2.610000000000000000e+02, 3.260000000000000000e+02, -2.434734306532089665e+00
1.616414358615875244e+02, 2.590000000000000000e+02, 3.390000000000000000e+02, -2.434734306532089665e+00
1.616709077358245850e+02, 2.550000000000000000e+02, 3.630000000000000000e+02, -2.434734306532089665e+00
1.617018659114837646e+02, 2.540000000000000000e+02, 3.760000000000000000e+02, -2.434734306532089665e+00
1.617368638515472412e+02, 2.550000000000000000e+02, 3.760000000000000000e+02, -2.434734306532089665e+00
1.617671506404876709e+02, 2.550000000000000000e+02, 3.810000000000000000e+02, -2.434734306532089665e+00
1.618001589775085449e+02, 2.560000000000000000e+02, 3.660000000000000000e+02, -2.434734306532089665e+00
1.618333859443664551e+02, 2.590000000000000000e+02, 3.510000000000000000e+02, -2.434734306532089665e+00
1.618671798706054688e+02, 2.590000000000000000e+02, 3.720000000000000000e+02, -2.434734306532089665e+00
1.618966169357299805e+02, 2.560000000000000000e+02, 3.890000000000000000e+02, -2.434734306532089665e+00
1.619259309768676758e+02, 2.560000000000000000e+02, 4.080000000000000000e+02, 3.125884690321844572e-01
1.619593367576599121e+02, 2.560000000000000000e+02, 4.080000000000000000e+02, 3.455751918948772317e-01
1.619916369915008545e+02, 2.560000000000000000e+02, 4.180000000000000000e+02, 3.502875808752619613e-01
1.620233948230743408e+02, 2.560000000000000000e+02, 4.220000000000000000e+02, 3.502875808752619613e-01
1.620557518005371094e+02, 2.560000000000000000e+02, 4.240000000000000000e+02, 3.518583772020568157e-01
1.620870897769927979e+02, 2.560000000000000000e+02, 4.240000000000000000e+02, 3.502875808752619613e-01
1.621194038391113281e+02, 2.550000000000000000e+02, 4.240000000000000000e+02, 3.502875808752619613e-01
1.621511459350585938e+02, 2.550000000000000000e+02, 4.240000000000000000e+02, 3.502875808752619613e-01
1.621833148002624512e+02, 2.550000000000000000e+02, 4.250000000000000000e+02, 3.518583772020568157e-01
1.622153208255767822e+02, 2.550000000000000000e+02, 4.240000000000000000e+02, 3.502875808752619613e-01
1.622469158172607422e+02, 2.550000000000000000e+02, 4.240000000000000000e+02, 3.518583772020568157e-01
1.622791259288787842e+02, 2.560000000000000000e+02, 4.240000000000000000e+02, 3.502875808752619613e-01
1.623124148845672607e+02, 2.560000000000000000e+02, 4.240000000000000000e+02, 3.691371367968006578e-01
1.623431596755981445e+02, 2.560000000000000000e+02, 4.230000000000000000e+02, 4.916592502868026293e-01
1.623756139278411865e+02, 2.570000000000000000e+02, 4.390000000000000000e+02, 5.576326960121882337e-01
1.624078400135040283e+02, 2.660000000000000000e+02, 4.860000000000000000e+02, 5.701990666265474017e-01
1.624394450187683105e+02, 2.700000000000000000e+02, 5.010000000000000000e+02, 5.246459731494954593e-01
1.624712858200073242e+02, 2.710000000000000000e+02, 5.040000000000000000e+02, 4.885176576332128096e-01
1.625029749870300293e+02, 2.650000000000000000e+02, 4.830000000000000000e+02, 4.822344723260332255e-01
1.625350868701934814e+02, 2.630000000000000000e+02, 4.750000000000000000e+02, 4.822344723260332255e-01
1.625671989917755127e+02, 2.640000000000000000e+02, 4.790000000000000000e+02, 4.822344723260332255e-01
1.625993747711181641e+02, 2.630000000000000000e+02, 4.790000000000000000e+02, 4.822344723260332255e-01
1.626309618949890137e+02, 2.640000000000000000e+02, 4.800000000000000000e+02, 4.822344723260332255e-01
1.626633348464965820e+02, 2.650000000000000000e+02, 4.790000000000000000e+02, 4.822344723260332255e-01
1.626949548721313477e+02, 2.630000000000000000e+02, 4.800000000000000000e+02, 4.822344723260332255e-01
1.627270398139953613e+02, 2.640000000000000000e+02, 4.790000000000000000e+02, 4.822344723260332255e-01
1.627593307495117188e+02, 2.640000000000000000e+02, 4.800000000000000000e+02, 4.822344723260332255e-01
1.627914257049560547e+02, 2.640000000000000000e+02, 4.790000000000000000e+02, 4.822344723260332255e-01
1.628241820335388184e+02, 2.640000000000000000e+02, 4.790000000000000000e+02, 4.932300466135975392e-01
1.628552148342132568e+02, 2.640000000000000000e+02, 4.790000000000000000e+02, 5.623450849925729633e-01
1.628874139785766602e+02, 2.640000000000000000e+02, 4.810000000000000000e+02, 5.937610115284709389e-01
1.629191186428070068e+02, 2.700000000000000000e+02, 5.050000000000000000e+02, 6.000441968356504674e-01
1.629512698650360107e+02, 2.730000000000000000e+02, 5.150000000000000000e+02, 6.016149931624453773e-01
1.629830908775329590e+02, 2.730000000000000000e+02, 5.150000000000000000e+02, 6.016149931624453773e-01
1.630151767730712891e+02, 2.740000000000000000e+02, 5.160000000000000000e+02, 6.016149931624453773e-01
1.630470597743988037e+02, 2.730000000000000000e+02, 5.160000000000000000e+02, 6.016149931624453773e-01
1.630790536403656006e+02, 2.730000000000000000e+02, 5.160000000000000000e+02, 6.016149931624453773e-01
1.631109137535095215e+02, 2.740000000000000000e+02, 5.150000000000000000e+02, 6.016149931624453773e-01
1.631431889533996582e+02, 2.740000000000000000e+02, 5.160000000000000000e+02, 6.016149931624453773e-01
1.631753368377685547e+02, 2.740000000000000000e+02, 5.150000000000000000e+02, 6.016149931624453773e-01
1.632075638771057129e+02, 2.740000000000000000e+02, 5.150000000000000000e+02, 6.016149931624453773e-01
1.632390418052673340e+02, 2.740000000000000000e+02, 5.150000000000000000e+02, 4.539601384437250697e-01
1.632715537548065186e+02, 2.740000000000000000e+02, 5.150000000000000000e+02, 3.078760800517997276e-01
1.633030757904052734e+02, 2.570000000000000000e+02, 4.310000000000000000e+02, 2.717477645355170779e-01
1.633355410099029541e+02, 2.560000000000000000e+02, 3.570000000000000000e+02, 2.701769682087221680e-01
1.633675599098205566e+02, 2.620000000000000000e+02, 3.180000000000000000e+02, 2.701769682087221680e-01
1.633988318443298340e+02, 2.670000000000000000e+02, 3.130000000000000000e+02, 2.701769682087221680e-01
1.634311118125915527e+02, 2.720000000000000000e+02, 3.440000000000000000e+02, 2.701769682087221680e-01
1.634627146720886230e+02, 2.700000000000000000e+02, 3.950000000000000000e+02, 2.701769682087221680e-01
1.634951176643371582e+02, 2.540000000000000000e+02, 3.910000000000000000e+02, 2.701769682087221680e-01
1.635271697044372559e+02, 2.530000000000000000e+02, 3.990000000000000000e+02, 2.701769682087221680e-01
1.635591249465942383e+02, 2.540000000000000000e+02, 4.010000000000000000e+02, 2.701769682087221680e-01
1.635911579132080078e+02, 2.540000000000000000e+02, 4.010000000000000000e+02, 2.701769682087221680e-01
1.636233508586883545e+02, 2.540000000000000000e+02, 4.010000000000000000e+02, 2.701769682087221680e-01
1.636555867195129395e+02, 2.540000000000000000e+02, 4.010000000000000000e+02, 2.701769682087221680e-01
1.636871628761291504e+02, 2.540000000000000000e+02, 4.020000000000000000e+02, 2.701769682087221680e-01
1.637191050052642822e+02, 2.550000000000000000e+02, 4.000000000000000000e+02, 2.701769682087221680e-01
1.637512929439544678e+02, 2.540000000000000000e+02, 4.010000000000000000e+02, 2.701769682087221680e-01
1.637837376594543457e+02, 2.540000000000000000e+02, 4.010000000000000000e+02, 2.513274122871834715e-01
1.638155407905578613e+02, 2.550000000000000000e+02, 4.000000000000000000e+02, 6.440264939859076387e-02
1.638469958305358887e+02, 2.540000000000000000e+02, 3.710000000000000000e+02, -1.099557428756427757e-01
1.638793296813964844e+02, 2.680000000000000000e+02, 2.930000000000000000e+02, -1.665044106402590318e-01
1.639101357460021973e+02, 2.850000000000000000e+02, 2.510000000000000000e+02, -1.712167996206437337e-01
1.639429748058319092e+02, 2.990000000000000000e+02, 2.440000000000000000e+02, -1.712167996206437337e-01
1.639752650260925293e+02, 3.150000000000000000e+02, 2.540000000000000000e+02, -1.712167996206437337e-01
1.640111348628997803e+02, 3.330000000000000000e+02, 2.570000000000000000e+02, -2.434734306532089665e+00
1.640388028621673584e+02, 3.550000000000000000e+02, 2.610000000000000000e+02, -2.434734306532089665e+00
1.640723667144775391e+02, 3.800000000000000000e+02, 2.670000000000000000e+02, -2.434734306532089665e+00
1.641048748493194580e+02, 4.050000000000000000e+02, 2.840000000000000000e+02, -2.434734306532089665e+00
1.641359648704528809e+02, 4.330000000000000000e+02, 2.980000000000000000e+02, -2.434734306532089665e+00
1.641652169227600098e+02, 4.590000000000000000e+02, 3.030000000000000000e+02, -2.434734306532089665e+00
1.641953616142272949e+02, 4.850000000000000000e+02, 3.090000000000000000e+02, -2.434734306532089665e+00
1.642273857593536377e+02, 5.120000000000000000e+02, 3.080000000000000000e+02, -2.434734306532089665e+00
1.642458486557006836e+02, 5.250000000000000000e+02, 3.070000000000000000e+02, -2.434734306532089665e+00
1.642765660285949707e+02, 5.520000000000000000e+02, 3.100000000000000000e+02, -1.099557428756427549e-02
1.643110928535461426e+02, 5.660000000000000000e+02, 3.120000000000000000e+02, -1.884955592153875897e-02
1.643432366847991943e+02, 5.920000000000000000e+02, 3.130000000000000000e+02, -2.042035224833365498e-02
1.643751869201660156e+02, 6.180000000000000000e+02, 3.150000000000000000e+02, -2.042035224833365498e-02
1.644101567268371582e+02, 6.430000000000000000e+02, 3.170000000000000000e+02, -2.434734306532089665e+00
1.644409048557281494e+02, 6.700000000000000000e+02, 3.160000000000000000e+02, -2.434734306532089665e+00
1.644715867042541504e+02, 6.960000000000000000e+02, 3.170000000000000000e+02, -2.434734306532089665e+00
1.645018849372863770e+02, 7.240000000000000000e+02, 3.210000000000000000e+02, -2.434734306532089665e+00
1.645346937179565430e+02, 7.520000000000000000e+02, 3.210000000000000000e+02, -2.434734306532089665e+00
1.645635409355163574e+02, 7.820000000000000000e+02, 3.110000000000000000e+02, -2.434734306532089665e+00
1.646011707782745361e+02, 8.110000000000000000e+02, 2.960000000000000000e+02, -2.434734306532089665e+00
1.646319117546081543e+02, 8.390000000000000000e+02, 2.760000000000000000e+02, -2.434734306532089665e+00
1.646657097339630127e+02, 8.630000000000000000e+02, 2.630000000000000000e+02, -2.434734306532089665e+00
1.646969897747039795e+02, 8.880000000000000000e+02, 2.570000000000000000e+02, -2.434734306532089665e+00
1.647299137115478516e+02, 9.020000000000000000e+02, 2.300000000000000000e+02, -2.434734306532089665e+00
1.647605588436126709e+02, 9.110000000000000000e+02, 2.180000000000000000e+02, -2.434734306532089665e+00
1.648076448440551758e+02, 9.170000000000000000e+02, 2.110000000000000000e+02, -2.434734306532089665e+00
1.648413367271423340e+02, 9.130000000000000000e+02, 2.030000000000000000e+02, -2.434734306532089665e+00
1.648742089271545410e+02, 9.070000000000000000e+02, 2.120000000000000000e+02, -2.434734306532089665e+00
1.649061458110809326e+02, 8.910000000000000000e+02, 2.010000000000000000e+02, -2.434734306532089665e+00
1.649339418411254883e+02, 8.670000000000000000e+02, 1.920000000000000000e+02, -2.434734306532089665e+00
1.649639139175415039e+02, 8.430000000000000000e+02, 2.150000000000000000e+02, -2.434734306532089665e+00
1.650029466152191162e+02, 8.110000000000000000e+02, 2.410000000000000000e+02, -2.434734306532089665e+00
1.650350756645202637e+02, 7.740000000000000000e+02, 2.580000000000000000e+02, -2.434734306532089665e+00
1.650651326179504395e+02, 7.350000000000000000e+02, 2.820000000000000000e+02, -2.434734306532089665e+00
1.650957927703857422e+02, 6.910000000000000000e+02, 3.010000000000000000e+02, -2.434734306532089665e+00
1.651313307285308838e+02, 6.410000000000000000e+02, 3.110000000000000000e+02, -2.434734306532089665e+00
1.651609516143798828e+02, 5.870000000000000000e+02, 3.180000000000000000e+02, -2.434734306532089665e+00
1.652055907249450684e+02, 5.300000000000000000e+02, 3.320000000000000000e+02, -2.434734306532089665e+00
1.652396197319030762e+02, 4.680000000000000000e+02, 3.600000000000000000e+02, -2.434734306532089665e+00
1.652754747867584229e+02, 3.970000000000000000e+02, 3.960000000000000000e+02, -2.434734306532089665e+00
1.653053197860717773e+02, 3.150000000000000000e+02, 4.360000000000000000e+02, -2.434734306532089665e+00
1.653331277370452881e+02, 2.600000000000000000e+02, 4.440000000000000000e+02, -2.434734306532089665e+00
1.653706128597259521e+02, 2.670000000000000000e+02, 4.160000000000000000e+02, -2.434734306532089665e+00
1.653987078666687012e+02, 2.530000000000000000e+02, 3.940000000000000000e+02, -2.434734306532089665e+00
1.654329929351806641e+02, 2.540000000000000000e+02, 3.990000000000000000e+02, -2.434734306532089665e+00
1.654674918651580811e+02, 2.560000000000000000e+02, 4.380000000000000000e+02, -2.434734306532089665e+00
1.654969317913055420e+02, 2.520000000000000000e+02, 4.140000000000000000e+02, -2.434734306532089665e+00
1.655255308151245117e+02, 2.500000000000000000e+02, 4.040000000000000000e+02, -2.434734306532089665e+00
1.655599508285522461e+02, 2.500000000000000000e+02, 4.040000000000000000e+02, -2.434734306532089665e+00
1.656067857742309570e+02, 2.500000000000000000e+02, 3.830000000000000000e+02, -2.434734306532089665e+00
1.656367118358612061e+02, 2.530000000000000000e+02, 3.480000000000000000e+02, -2.434734306532089665e+00
1.656703298091888428e+02, 2.560000000000000000e+02, 3.300000000000000000e+02, -2.434734306532089665e+00
1.656999087333679199e+02, 2.610000000000000000e+02, 3.060000000000000000e+02, -2.434734306532089665e+00
1.657189648151397705e+02, 2.650000000000000000e+02, 2.940000000000000000e+02, -2.434734306532089665e+00
1.657485997676849365e+02, 2.730000000000000000e+02, 2.660000000000000000e+02, -2.984513020910303446e-02
1.657833919525146484e+02, 2.750000000000000000e+02, 2.620000000000000000e+02, 2.670353755551324246e-02
1.658150069713592529e+02, 2.800000000000000000e+02, 2.810000000000000000e+02, 3.769911184307751795e-02
1.658473887443542480e+02, 2.840000000000000000e+02, 3.100000000000000000e+02, 3.769911184307751795e-02
1.658791427612304688e+02, 2.880000000000000000e+02, 3.110000000000000000e+02, 3.769911184307751795e-02
1.659107298851013184e+02, 2.920000000000000000e+02, 3.110000000000000000e+02, 3.769911184307751795e-02
1.659430377483367920e+02, 2.930000000000000000e+02, 3.110000000000000000e+02, 3.769911184307751795e-02
1.659750149250030518e+02, 2.940000000000000000e+02, 3.110000000000000000e+02, 3.769911184307751795e-02
1.660079579353332520e+02, 2.950000000000000000e+02, 3.110000000000000000e+02, -2.434734306532089665e+00
1.660409920215606689e+02, 2.940000000000000000e+02, 3.110000000000000000e+02, -2.434734306532089665e+00
1.660753247737884521e+02, 2.920000000000000000e+02, 3.080000000000000000e+02, -2.434734306532089665e+00
1.661049227714538574e+02, 2.920000000000000000e+02, 2.550000000000000000e+02, -2.434734306532089665e+00
1.661359479427337646e+02, 2.890000000000000000e+02, 2.280000000000000000e+02, -2.434734306532089665e+00
1.661697318553924561e+02, 2.860000000000000000e+02, 2.370000000000000000e+02, -2.434734306532089665e+00
1.661991827487945557e+02, 2.830000000000000000e+02, 2.570000000000000000e+02, -2.434734306532089665e+00
1.662306427955627441e+02, 2.860000000000000000e+02, 2.590000000000000000e+02, -2.434734306532089665e+00
1.662630169391632080e+02, 2.910000000000000000e+02, 2.650000000000000000e+02, -2.434734306532089665e+00
1.662947437763214111e+02, 2.950000000000000000e+02, 2.950000000000000000e+02, -2.434734306532089665e+00
1.663273327350616455e+02, 3.010000000000000000e+02, 3.020000000000000000e+02, -2.434734306532089665e+00
1.663589539527893066e+02, 3.060000000000000000e+02, 2.940000000000000000e+02, -2.434734306532089665e+00
1.664055926799774170e+02, 3.120000000000000000e+02, 2.630000000000000000e+02, -2.434734306532089665e+00
1.664401059150695801e+02, 3.200000000000000000e+02, 2.390000000000000000e+02, -2.434734306532089665e+00
1.664733498096466064e+02, 3.300000000000000000e+02, 2.270000000000000000e+02, -2.434734306532089665e+00
1.665050308704376221e+02, 3.420000000000000000e+02, 2.370000000000000000e+02, -2.434734306532089665e+00
1.665406169891357422e+02, 3.550000000000000000e+02, 2.410000000000000000e+02, -2.434734306532089665e+00
1.665708956718444824e+02, 3.700000000000000000e+02, 2.630000000000000000e+02, -2.434734306532089665e+00
1.666019599437713623e+02, 3.870000000000000000e+02, 2.810000000000000000e+02, -2.434734306532089665e+00
1.666322770118713379e+02, 4.080000000000000000e+02, 2.770000000000000000e+02, -2.434734306532089665e+00
1.666627788543701172e+02, 4.320000000000000000e+02, 2.680000000000000000e+02, -2.434734306532089665e+00
1.666946978569030762e+02, 4.550000000000000000e+02, 2.850000000000000000e+02, -2.434734306532089665e+00
1.667261438369750977e+02, 4.790000000000000000e+02, 3.020000000000000000e+02, -2.434734306532089665e+00
1.667586998939514160e+02, 5.040000000000000000e+02, 3.060000000000000000e+02, -2.434734306532089665e+00
1.668070368766784668e+02, 5.320000000000000000e+02, 3.000000000000000000e+02, -2.434734306532089665e+00
1.668412659168243408e+02, 5.600000000000000000e+02, 3.020000000000000000e+02, -2.434734306532089665e+00
1.668699367046356201e+02, 5.880000000000000000e+02, 3.090000000000000000e+02, -2.434734306532089665e+00
1.669092788696289062e+02, 6.150000000000000000e+02, 3.130000000000000000e+02, -2.434734306532089665e+00
1.669376637935638428e+02, 6.400000000000000000e+02, 3.100000000000000000e+02, -2.434734306532089665e+00
1.669674797058105469e+02, 6.610000000000000000e+02, 3.070000000000000000e+02, 1.696460032938488238e-01
1.669989318847656250e+02, 6.720000000000000000e+02, 3.050000000000000000e+02, 1.916371518689773679e-01
1.670309617519378662e+02, 6.900000000000000000e+02, 3.010000000000000000e+02, 1.979203371761569796e-01
1.670629429817199707e+02, 7.040000000000000000e+02, 2.970000000000000000e+02, 1.979203371761569796e-01
1.670947468280792236e+02, 7.140000000000000000e+02, 2.950000000000000000e+02, 1.979203371761569796e-01
1.671267027854919434e+02, 7.180000000000000000e+02, 2.950000000000000000e+02, 1.979203371761569796e-01
1.671587188243865967e+02, 7.170000000000000000e+02, 2.950000000000000000e+02, 1.979203371761569796e-01
1.671911218166351318e+02, 7.120000000000000000e+02, 2.960000000000000000e+02, 1.979203371761569796e-01
1.672222878932952881e+02, 7.020000000000000000e+02, 2.970000000000000000e+02, 1.979203371761569796e-01
1.672548758983612061e+02, 7.030000000000000000e+02, 2.990000000000000000e+02, 1.979203371761569796e-01
1.672873249053955078e+02, 6.810000000000000000e+02, 3.020000000000000000e+02, 1.979203371761569796e-01
1.673191857337951660e+02, 6.560000000000000000e+02, 3.080000000000000000e+02, 1.979203371761569796e-01
1.673511159420013428e+02, 6.350000000000000000e+02, 3.080000000000000000e+02, 1.884955592153875759e-01
1.673832099437713623e+02, 6.060000000000000000e+02, 3.110000000000000000e+02, 1.146681318560274360e-01
1.674150168895721436e+02, 5.770000000000000000e+02, 3.180000000000000000e+02, 8.168140899333461991e-02
1.674469587802886963e+02, 5.430000000000000000e+02, 3.180000000000000000e+02, 7.696902001294993190e-02
1.674784219264984131e+02, 5.090000000000000000e+02, 3.170000000000000000e+02, 7.696902001294993190e-02
1.675109038352966309e+02, 4.710000000000000000e+02, 3.190000000000000000e+02, 7.696902001294993190e-02
1.675428037643432617e+02, 4.310000000000000000e+02, 3.220000000000000000e+02, 7.696902001294993190e-02
1.675750708580017090e+02, 3.880000000000000000e+02, 3.250000000000000000e+02, 7.696902001294993190e-02
1.676099116802215576e+02, 3.490000000000000000e+02, 3.300000000000000000e+02, -2.434734306532089665e+00
1.676389887332916260e+02, 3.020000000000000000e+02, 3.310000000000000000e+02, -2.434734306532089665e+00
1.676725759506225586e+02, 2.590000000000000000e+02, 3.330000000000000000e+02, -2.434734306532089665e+00
1.677085549831390381e+02, 2.710000000000000000e+02, 3.600000000000000000e+02, -2.434734306532089665e+00
1.677389729022979736e+02, 2.740000000000000000e+02, 4.190000000000000000e+02, -2.434734306532089665e+00
1.677649316787719727e+02, 2.560000000000000000e+02, 4.380000000000000000e+02, -2.434734306532089665e+00
1.677988538742065430e+02, 2.540000000000000000e+02, 4.220000000000000000e+02, -2.434734306532089665e+00
1.678311150074005127e+02, 2.500000000000000000e+02, 4.090000000000000000e+02, -2.434734306532089665e+00
1.678619430065155029e+02, 2.540000000000000000e+02, 4.200000000000000000e+02, -2.434734306532089665e+00
1.678976969718933105e+02, 2.520000000000000000e+02, 4.300000000000000000e+02, -2.434734306532089665e+00
1.679295659065246582e+02, 2.560000000000000000e+02, 4.260000000000000000e+02, -2.434734306532089665e+00
1.679617638587951660e+02, 2.570000000000000000e+02, 4.430000000000000000e+02, -2.434734306532089665e+00
1.680103528499603271e+02, 2.610000000000000000e+02, 4.640000000000000000e+02, -2.434734306532089665e+00
1.680429198741912842e+02, 2.730000000000000000e+02, 5.090000000000000000e+02, -2.434734306532089665e+00
1.680747778415679932e+02, 2.760000000000000000e+02, 5.210000000000000000e+02, -2.434734306532089665e+00
1.681071748733520508e+02, 2.750000000000000000e+02, 5.180000000000000000e+02, -2.434734306532089665e+00
1.681416876316070557e+02, 2.780000000000000000e+02, 5.270000000000000000e+02, -2.434734306532089665e+00
1.681668899059295654e+02, 2.780000000000000000e+02, 5.270000000000000000e+02, -2.434734306532089665e+00
1.682009799480438232e+02, 2.840000000000000000e+02, 5.550000000000000000e+02, -2.434734306532089665e+00
1.682294538021087646e+02, 3.050000000000000000e+02, 5.910000000000000000e+02, -2.434734306532089665e+00
1.682633218765258789e+02, 3.220000000000000000e+02, 6.050000000000000000e+02, -2.434734306532089665e+00
1.682932097911834717e+02, 3.270000000000000000e+02, 6.100000000000000000e+02, -2.434734306532089665e+00
1.683259038925170898e+02, 3.100000000000000000e+02, 5.870000000000000000e+02, -2.434734306532089665e+00
1.683626508712768555e+02, 2.900000000000000000e+02, 5.530000000000000000e+02, -2.434734306532089665e+00
1.684091107845306396e+02, 2.760000000000000000e+02, 5.320000000000000000e+02, -2.434734306532089665e+00
1.684414527416229248e+02, 2.770000000000000000e+02, 5.360000000000000000e+02, -2.434734306532089665e+00
1.684746255874633789e+02, 2.940000000000000000e+02, 5.610000000000000000e+02, -2.434734306532089665e+00
1.685052909851074219e+02, 2.990000000000000000e+02, 5.730000000000000000e+02, -2.434734306532089665e+00
1.685379338264465332e+02, 2.950000000000000000e+02, 5.740000000000000000e+02, -2.434734306532089665e+00
1.685678029060363770e+02, 3.060000000000000000e+02, 5.920000000000000000e+02, -2.434734306532089665e+00
1.685988948345184326e+02, 3.300000000000000000e+02, 6.160000000000000000e+02, -2.434734306532089665e+00
1.686309659481048584e+02, 3.500000000000000000e+02, 6.380000000000000000e+02, -2.434734306532089665e+00
1.686629748344421387e+02, 3.840000000000000000e+02, 6.640000000000000000e+02, -2.434734306532089665e+00
1.686929447650909424e+02, 4.020000000000000000e+02, 6.730000000000000000e+02, -2.434734306532089665e+00
1.687245538234710693e+02, 4.110000000000000000e+02, 6.760000000000000000e+02, -2.434734306532089665e+00
1.687581307888031006e+02, 4.070000000000000000e+02, 6.740000000000000000e+02, -2.434734306532089665e+00
1.687767868041992188e+02, 4.050000000000000000e+02, 6.730000000000000000e+02, -2.434734306532089665e+00
1.688080530166625977e+02, 4.070000000000000000e+02, 6.740000000000000000e+02, 1.203229986324890755e+00
1.688388967514038086e+02, 4.110000000000000000e+02, 6.760000000000000000e+02, 1.185951226730146857e+00
1.688709177970886230e+02, 4.090000000000000000e+02, 6.740000000000000000e+02, 1.179668041422967217e+00
1.689024977684020996e+02, 4.060000000000000000e+02, 6.740000000000000000e+02, 1.176526448769377620e+00
1.689348390102386475e+02, 4.050000000000000000e+02, 6.730000000000000000e+02, 1.173384856115787800e+00
1.689666428565979004e+02, 4.040000000000000000e+02, 6.720000000000000000e+02, 1.174955652442582599e+00
1.689986176490783691e+02, 4.040000000000000000e+02, 6.720000000000000000e+02, 1.173384856115787800e+00
1.690307667255401611e+02, 4.040000000000000000e+02, 6.720000000000000000e+02, 1.173384856115787800e+00
1.690630469322204590e+02, 4.040000000000000000e+02, 6.720000000000000000e+02, 1.173384856115787800e+00
1.690946707725524902e+02, 4.040000000000000000e+02, 6.710000000000000000e+02, 1.174955652442582599e+00
1.691278877258300781e+02, 4.040000000000000000e+02, 6.710000000000000000e+02, 1.174955652442582599e+00
1.691590778827667236e+02, 4.040000000000000000e+02, 6.710000000000000000e+02, 1.174955652442582599e+00
1.691908378601074219e+02, 4.040000000000000000e+02, 6.710000000000000000e+02, 1.174955652442582599e+00
1.692229397296905518e+02, 4.040000000000000000e+02, 6.710000000000000000e+02, 1.174955652442582599e+00
1.692550179958343506e+02, 4.040000000000000000e+02, 6.710000000000000000e+02, 1.174955652442582599e+00
1.692866129875183105e+02, 4.040000000000000000e+02, 6.720000000000000000e+02, 1.176526448769377620e+00
1.693186140060424805e+02, 4.040000000000000000e+02, 6.710000000000000000e+02, 1.174955652442582599e+00
1.693508238792419434e+02, 4.040000000000000000e+02, 6.710000000000000000e+02, 1.174955652442582599e+00
1.693827388286590576e+02, 4.040000000000000000e+02, 6.720000000000000000e+02, 1.174955652442582599e+00
1.694147968292236328e+02, 4.040000000000000000e+02, 6.710000000000000000e+02, 1.174955652442582599e+00
1.694467027187347412e+02, 4.040000000000000000e+02, 6.710000000000000000e+02, 1.174955652442582599e+00
1.694791827201843262e+02, 4.040000000000000000e+02, 6.720000000000000000e+02, 1.170243263462197980e+00
1.695108306407928467e+02, 4.040000000000000000e+02, 6.710000000000000000e+02, 1.126260966311940726e+00
1.695427827835083008e+02, 3.900000000000000000e+02, 6.640000000000000000e+02, 1.104269817736812209e+00
1.695750997066497803e+02, 3.840000000000000000e+02, 6.600000000000000000e+02, 1.101128225083222389e+00
1.696101858615875244e+02, 3.830000000000000000e+02, 6.600000000000000000e+02, -2.434734306532089665e+00
1.696411850452423096e+02, 3.830000000000000000e+02, 6.600000000000000000e+02, -2.434734306532089665e+00
1.696737699508666992e+02, 3.480000000000000000e+02, 6.290000000000000000e+02, -2.434734306532089665e+00
1.697032876014709473e+02, 3.070000000000000000e+02, 5.700000000000000000e+02, -2.434734306532089665e+00
1.697361488342285156e+02, 2.890000000000000000e+02, 5.380000000000000000e+02, -2.434734306532089665e+00
1.697689738273620605e+02, 2.820000000000000000e+02, 5.390000000000000000e+02, -2.434734306532089665e+00
1.698009617328643799e+02, 2.980000000000000000e+02, 5.550000000000000000e+02, -2.434734306532089665e+00
1.698349130153656006e+02, 2.880000000000000000e+02, 5.540000000000000000e+02, -2.434734306532089665e+00
1.698632397651672363e+02, 2.930000000000000000e+02, 5.640000000000000000e+02, -2.434734306532089665e+00
1.698921799659729004e+02, 2.820000000000000000e+02, 5.400000000000000000e+02, 6.016149931624453773e-01
1.699269347190856934e+02, 2.780000000000000000e+02, 5.280000000000000000e+02, 5.466371217246239755e-01
1.699587588310241699e+02, 2.670000000000000000e+02, 4.940000000000000000e+02, 5.372123437638546273e-01
1.699908478260040283e+02, 2.660000000000000000e+02, 4.890000000000000000e+02, 5.372123437638546273e-01
1.700226197242736816e+02, 2.670000000000000000e+02, 4.970000000000000000e+02, 5.372123437638546273e-01
1.700550179481506348e+02, 2.680000000000000000e+02, 4.980000000000000000e+02, 5.372123437638546273e-01
1.700879769325256348e+02, 2.680000000000000000e+02, 4.980000000000000000e+02, 5.356415474370597174e-01
1.701192708015441895e+02, 2.690000000000000000e+02, 4.980000000000000000e+02, 5.293583621298801889e-01
1.701520986557006836e+02, 2.680000000000000000e+02, 4.980000000000000000e+02, 5.246459731494954593e-01
1.701833889484405518e+02, 2.680000000000000000e+02, 4.950000000000000000e+02, 5.167919915155210209e-01
1.702150678634643555e+02, 2.670000000000000000e+02, 4.930000000000000000e+02, 5.136503988619312011e-01
1.702468688488006592e+02, 2.660000000000000000e+02, 4.910000000000000000e+02, 5.136503988619312011e-01
1.702786657810211182e+02, 2.660000000000000000e+02, 4.910000000000000000e+02, 5.136503988619312011e-01
1.703108339309692383e+02, 2.670000000000000000e+02, 4.920000000000000000e+02, 5.136503988619312011e-01
1.703428390026092529e+02, 2.660000000000000000e+02, 4.910000000000000000e+02, 5.136503988619312011e-01
1.703747978210449219e+02, 2.660000000000000000e+02, 4.910000000000000000e+02, 5.136503988619312011e-01
1.704108448028564453e+02, 2.660000000000000000e+02, 4.910000000000000000e+02, -2.434734306532089665e+00
1.704402797222137451e+02, 2.670000000000000000e+02, 4.910000000000000000e+02, -2.434734306532089665e+00
1.704739537239074707e+02, 2.660000000000000000e+02, 4.900000000000000000e+02, -2.434734306532089665e+00
1.705034868717193604e+02, 2.670000000000000000e+02, 4.930000000000000000e+02, -2.434734306532089665e+00
1.705364699363708496e+02, 2.690000000000000000e+02, 5.030000000000000000e+02, -2.434734306532089665e+00
1.705669319629669189e+02, 2.690000000000000000e+02, 4.990000000000000000e+02, -2.434734306532089665e+00
1.705985748767852783e+02, 2.750000000000000000e+02, 5.170000000000000000e+02, -2.434734306532089665e+00
1.706348338127136230e+02, 2.760000000000000000e+02, 5.210000000000000000e+02, -2.434734306532089665e+00
1.706618938446044922e+02, 2.660000000000000000e+02, 4.890000000000000000e+02, -2.434734306532089665e+00
1.706941606998443604e+02, 2.580000000000000000e+02, 4.520000000000000000e+02, -2.434734306532089665e+00
1.707308537960052490e+02, 2.560000000000000000e+02, 4.320000000000000000e+02, -2.434734306532089665e+00
1.707619078159332275e+02, 2.580000000000000000e+02, 4.450000000000000000e+02, -2.434734306532089665e+00
1.708100779056549072e+02, 2.670000000000000000e+02, 4.920000000000000000e+02, -2.434734306532089665e+00
1.708427348136901855e+02, 2.740000000000000000e+02, 5.170000000000000000e+02, -2.434734306532089665e+00
1.708738470077514648e+02, 2.740000000000000000e+02, 5.180000000000000000e+02, -2.434734306532089665e+00
1.709034118652343750e+02, 2.810000000000000000e+02, 5.380000000000000000e+02, -2.434734306532089665e+00
1.709357559680938721e+02, 2.910000000000000000e+02, 5.620000000000000000e+02, -2.434734306532089665e+00
1.709694609642028809e+02, 2.830000000000000000e+02, 5.460000000000000000e+02, -2.434734306532089665e+00
1.709988679885864258e+02, 2.800000000000000000e+02, 5.360000000000000000e+02, -2.434734306532089665e+00
1.710335538387298584e+02, 2.830000000000000000e+02, 5.430000000000000000e+02, -2.434734306532089665e+00
1.710620298385620117e+02, 2.810000000000000000e+02, 5.370000000000000000e+02, -2.434734306532089665e+00
1.710948548316955566e+02, 2.790000000000000000e+02, 5.350000000000000000e+02, -2.434734306532089665e+00
1.711286709308624268e+02, 2.700000000000000000e+02, 5.090000000000000000e+02, -2.434734306532089665e+00
1.711578586101531982e+02, 2.630000000000000000e+02, 4.830000000000000000e+02, -2.434734306532089665e+00
1.712100946903228760e+02, 2.580000000000000000e+02, 4.530000000000000000e+02, -2.434734306532089665e+00
1.712407238483428955e+02, 2.550000000000000000e+02, 4.440000000000000000e+02, -2.434734306532089665e+00
1.712733497619628906e+02, 2.570000000000000000e+02, 4.530000000000000000e+02, -2.434734306532089665e+00
1.713073170185089111e+02, 2.540000000000000000e+02, 4.250000000000000000e+02, -2.434734306532089665e+00
1.713366608619689941e+02, 2.530000000000000000e+02, 3.930000000000000000e+02, -2.434734306532089665e+00
1.713711028099060059e+02, 2.530000000000000000e+02, 3.940000000000000000e+02, -2.434734306532089665e+00
1.714010937213897705e+02, 2.540000000000000000e+02, 3.840000000000000000e+02, -2.434734306532089665e+00
1.714348998069763184e+02, 2.540000000000000000e+02, 3.540000000000000000e+02, -2.434734306532089665e+00
1.714651896953582764e+02, 2.580000000000000000e+02, 3.310000000000000000e+02, -2.434734306532089665e+00
1.714954407215118408e+02, 2.610000000000000000e+02, 3.430000000000000000e+02, -2.434734306532089665e+00
1.715302619934082031e+02, 2.600000000000000000e+02, 3.820000000000000000e+02, -2.434734306532089665e+00
1.715623857975006104e+02, 2.530000000000000000e+02, 4.070000000000000000e+02, -2.434734306532089665e+00
1.716088876724243164e+02, 2.520000000000000000e+02, 4.160000000000000000e+02, -2.434734306532089665e+00
1.716418046951293945e+02, 2.530000000000000000e+02, 4.230000000000000000e+02, -2.434734306532089665e+00
1.716717576980590820e+02, 2.540000000000000000e+02, 4.350000000000000000e+02, -2.434734306532089665e+00
1.717067966461181641e+02, 2.560000000000000000e+02, 4.470000000000000000e+02, -2.434734306532089665e+00
1.717394278049468994e+02, 2.540000000000000000e+02, 4.370000000000000000e+02, -2.434734306532089665e+00
1.717723147869110107e+02, 2.550000000000000000e+02, 4.470000000000000000e+02, -2.434734306532089665e+00
1.718035299777984619e+02, 2.570000000000000000e+02, 4.580000000000000000e+02, -2.434734306532089665e+00
1.718346328735351562e+02, 2.560000000000000000e+02, 4.510000000000000000e+02, -2.434734306532089665e+00
1.718643457889556885e+02, 2.570000000000000000e+02, 4.550000000000000000e+02, -2.434734306532089665e+00
1.718974907398223877e+02, 2.540000000000000000e+02, 4.320000000000000000e+02, -2.434734306532089665e+00
1.719297578334808350e+02, 2.530000000000000000e+02, 4.200000000000000000e+02, -2.434734306532089665e+00
1.719585738182067871e+02, 2.510000000000000000e+02, 4.170000000000000000e+02, -2.434734306532089665e+00
1.720067887306213379e+02, 2.510000000000000000e+02, 3.910000000000000000e+02, -2.434734306532089665e+00
1.720388617515563965e+02, 2.510000000000000000e+02, 3.900000000000000000e+02, -2.434734306532089665e+00
1.720714278221130371e+02, 2.520000000000000000e+02, 4.050000000000000000e+02, -2.434734306532089665e+00
1.721050138473510742e+02, 2.540000000000000000e+02, 4.280000000000000000e+02, -2.434734306532089665e+00
1.721336169242858887e+02, 2.600000000000000000e+02, 4.720000000000000000e+02, -2.434734306532089665e+00
1.721703596115112305e+02, 2.630000000000000000e+02, 4.840000000000000000e+02, -2.434734306532089665e+00
1.722022688388824463e+02, 2.590000000000000000e+02, 4.610000000000000000e+02, -2.434734306532089665e+00
1.722373199462890625e+02, 2.560000000000000000e+02, 4.430000000000000000e+02, -2.434734306532089665e+00
1.722681038379669189e+02, 2.600000000000000000e+02, 4.600000000000000000e+02, -2.434734306532089665e+00
1.723009159564971924e+02, 2.700000000000000000e+02, 5.050000000000000000e+02, -2.434734306532089665e+00
1.723290128707885742e+02, 2.720000000000000000e+02, 5.120000000000000000e+02, -2.434734306532089665e+00
1.723599679470062256e+02, 2.650000000000000000e+02, 4.860000000000000000e+02, -2.434734306532089665e+00
1.724094858169555664e+02, 2.610000000000000000e+02, 4.720000000000000000e+02, -2.434734306532089665e+00
1.724392976760864258e+02, 2.640000000000000000e+02, 4.820000000000000000e+02, -2.434734306532089665e+00
1.724739856719970703e+02, 2.620000000000000000e+02, 4.780000000000000000e+02, -2.434734306532089665e+00
1.725035576820373535e+02, 2.660000000000000000e+02, 4.930000000000000000e+02, -2.434734306532089665e+00
1.725345289707183838e+02, 2.790000000000000000e+02, 5.330000000000000000e+02, -2.434734306532089665e+00
1.725674419403076172e+02, 2.820000000000000000e+02, 5.410000000000000000e+02, -2.434734306532089665e+00
1.725989029407501221e+02, 2.830000000000000000e+02, 5.430000000000000000e+02, -2.434734306532089665e+00
1.726316847801208496e+02, 2.820000000000000000e+02, 5.400000000000000000e+02, -2.434734306532089665e+00
1.726623029708862305e+02, 2.790000000000000000e+02, 5.330000000000000000e+02, -2.434734306532089665e+00
1.726945908069610596e+02, 2.790000000000000000e+02, 5.330000000000000000e+02, -2.434734306532089665e+00
1.727262747287750244e+02, 2.670000000000000000e+02, 5.010000000000000000e+02, -2.434734306532089665e+00
1.727618486881256104e+02, 2.610000000000000000e+02, 4.700000000000000000e+02, -2.434734306532089665e+00
1.728060216903686523e+02, 2.560000000000000000e+02, 4.450000000000000000e+02, -2.434734306532089665e+00
1.728423528671264648e+02, 2.540000000000000000e+02, 4.210000000000000000e+02, -2.434734306532089665e+00
1.728755676746368408e+02, 2.520000000000000000e+02, 4.060000000000000000e+02, -2.434734306532089665e+00
1.729054226875305176e+02, 2.580000000000000000e+02, 3.830000000000000000e+02, -2.434734306532089665e+00
1.729405817985534668e+02, 2.540000000000000000e+02, 3.690000000000000000e+02, -2.434734306532089665e+00
1.729689788818359375e+02, 2.530000000000000000e+02, 3.770000000000000000e+02, -2.434734306532089665e+00
1.729986469745635986e+02, 2.540000000000000000e+02, 3.570000000000000000e+02, -2.434734306532089665e+00
1.730321958065032959e+02, 2.590000000000000000e+02, 3.280000000000000000e+02, -2.434734306532089665e+00
1.730649237632751465e+02, 2.660000000000000000e+02, 3.120000000000000000e+02, -2.434734306532089665e+00
1.730916516780853271e+02, 2.720000000000000000e+02, 3.270000000000000000e+02, -2.434734306532089665e+00
1.731250658035278320e+02, 2.740000000000000000e+02, 3.420000000000000000e+02, -2.434734306532089665e+00
1.731619148254394531e+02, 2.740000000000000000e+02, 3.830000000000000000e+02, -2.434734306532089665e+00
1.732115757465362549e+02, 2.680000000000000000e+02, 4.190000000000000000e+02, -2.434734306532089665e+00
1.732404727935791016e+02, 2.550000000000000000e+02, 4.290000000000000000e+02, -2.434734306532089665e+00
1.732753047943115234e+02, 2.550000000000000000e+02, 4.170000000000000000e+02, -2.434734306532089665e+00
1.733102877140045166e+02, 2.540000000000000000e+02, 3.950000000000000000e+02, -2.434734306532089665e+00
1.733378438949584961e+02, 2.550000000000000000e+02, 3.710000000000000000e+02, -2.434734306532089665e+00
1.733685476779937744e+02, 2.590000000000000000e+02, 3.490000000000000000e+02, -2.434734306532089665e+00
1.733993699550628662e+02, 2.610000000000000000e+02, 3.580000000000000000e+02, -2.434734306532089665e+00
1.734293949604034424e+02, 2.590000000000000000e+02, 3.350000000000000000e+02, -2.434734306532089665e+00
1.734622609615325928e+02, 2.670000000000000000e+02, 3.280000000000000000e+02, -2.434734306532089665e+00
1.734918057918548584e+02, 2.660000000000000000e+02, 3.300000000000000000e+02, -2.434734306532089665e+00
1.735270779132843018e+02, 2.620000000000000000e+02, 3.210000000000000000e+02, -2.434734306532089665e+00
1.735583307743072510e+02, 2.570000000000000000e+02, 3.480000000000000000e+02, -2.434734306532089665e+00
1.736138517856597900e+02, 2.550000000000000000e+02, 3.950000000000000000e+02, -2.434734306532089665e+00
1.736420767307281494e+02, 2.540000000000000000e+02, 4.000000000000000000e+02, -2.434734306532089665e+00
1.736738109588623047e+02, 2.530000000000000000e+02, 3.970000000000000000e+02, -2.434734306532089665e+00
1.737081708908081055e+02, 2.540000000000000000e+02, 3.750000000000000000e+02, -2.434734306532089665e+00
1.737379388809204102e+02, 2.580000000000000000e+02, 3.420000000000000000e+02, -2.434734306532089665e+00
1.737689049243927002e+02, 2.600000000000000000e+02, 3.420000000000000000e+02, -2.434734306532089665e+00
1.738021178245544434e+02, 2.580000000000000000e+02, 3.310000000000000000e+02, -2.434734306532089665e+00
1.738339226245880127e+02, 2.630000000000000000e+02, 3.140000000000000000e+02, -2.434734306532089665e+00
1.738648288249969482e+02, 2.670000000000000000e+02, 3.180000000000000000e+02, -2.434734306532089665e+00
1.738950068950653076e+02, 2.680000000000000000e+02, 3.000000000000000000e+02, -2.434734306532089665e+00
1.739265568256378174e+02, 2.690000000000000000e+02, 2.910000000000000000e+02, -2.434734306532089665e+00
1.739628317356109619e+02, 2.690000000000000000e+02, 3.000000000000000000e+02, -2.434734306532089665e+00
1.740101037025451660e+02, 2.670000000000000000e+02, 3.350000000000000000e+02, -2.434734306532089665e+00
1.740420238971710205e+02, 2.630000000000000000e+02, 3.590000000000000000e+02, -2.434734306532089665e+00
1.740710117816925049e+02, 2.540000000000000000e+02, 3.760000000000000000e+02, -2.434734306532089665e+00
1.740999050140380859e+02, 2.530000000000000000e+02, 4.000000000000000000e+02, 2.324778563656446917e-01
1.741348607540130615e+02, 2.530000000000000000e+02, 3.990000000000000000e+02, 1.853539665617977839e-01
1.741666469573974609e+02, 2.550000000000000000e+02, 3.750000000000000000e+02, 1.759291886010284078e-01
1.741990227699279785e+02, 2.550000000000000000e+02, 3.680000000000000000e+02, 1.759291886010284078e-01
1.742304258346557617e+02, 2.550000000000000000e+02, 3.690000000000000000e+02, 1.759291886010284078e-01
1.742625169754028320e+02, 2.520000000000000000e+02, 3.690000000000000000e+02, 1.759291886010284078e-01
1.742950909137725830e+02, 2.520000000000000000e+02, 3.700000000000000000e+02, 1.743583922742335257e-01
1.743269367218017578e+02, 2.520000000000000000e+02, 3.700000000000000000e+02, 1.633628179866692398e-01
1.743589189052581787e+02, 2.530000000000000000e+02, 3.670000000000000000e+02, 1.586504290062845657e-01
1.743903858661651611e+02, 2.530000000000000000e+02, 3.630000000000000000e+02, 1.586504290062845657e-01
1.744227597713470459e+02, 2.520000000000000000e+02, 3.630000000000000000e+02, 1.586504290062845657e-01
1.744546186923980713e+02, 2.520000000000000000e+02, 3.630000000000000000e+02, 1.586504290062845657e-01
1.744870789051055908e+02, 2.520000000000000000e+02, 3.640000000000000000e+02, 1.586504290062845657e-01
1.745193047523498535e+02, 2.520000000000000000e+02, 3.640000000000000000e+02, 1.586504290062845657e-01
1.745507409572601318e+02, 2.520000000000000000e+02, 3.640000000000000000e+02, 1.586504290062845657e-01
1.745826208591461182e+02, 2.520000000000000000e+02, 3.640000000000000000e+02, 1.586504290062845657e-01
1.746146979331970215e+02, 2.520000000000000000e+02, 3.640000000000000000e+02, 1.586504290062845657e-01
1.746467719078063965e+02, 2.530000000000000000e+02, 3.640000000000000000e+02, 1.586504290062845657e-01
1.746792378425598145e+02, 2.530000000000000000e+02, 3.630000000000000000e+02, 1.555088363526947737e-01
1.747106177806854248e+02, 2.530000000000000000e+02, 3.630000000000000000e+02, 1.350884841043610840e-01
1.747428588867187500e+02, 2.550000000000000000e+02, 3.580000000000000000e+02, 1.225221134900019299e-01
1.747748379707336426e+02, 2.550000000000000000e+02, 3.520000000000000000e+02, 1.209513171632070339e-01
1.748115727901458740e+02, 2.560000000000000000e+02, 3.510000000000000000e+02, -2.434734306532089665e+00
1.748438746929168701e+02, 2.560000000000000000e+02, 3.510000000000000000e+02, -2.434734306532089665e+00
1.748739538192749023e+02, 2.590000000000000000e+02, 3.390000000000000000e+02, -2.434734306532089665e+00
1.749057648181915283e+02, 2.680000000000000000e+02, 2.930000000000000000e+02, -2.434734306532089665e+00
1.749369258880615234e+02, 2.770000000000000000e+02, 2.830000000000000000e+02, -2.434734306532089665e+00
1.749721958637237549e+02, 2.860000000000000000e+02, 2.880000000000000000e+02, -2.434734306532089665e+00
1.749998409748077393e+02, 2.980000000000000000e+02, 2.920000000000000000e+02, -2.434734306532089665e+00
1.750294878482818604e+02, 3.100000000000000000e+02, 2.850000000000000000e+02, -2.434734306532089665e+00
1.750639948844909668e+02, 3.200000000000000000e+02, 2.990000000000000000e+02, -2.434734306532089665e+00
1.750947587490081787e+02, 3.320000000000000000e+02, 3.230000000000000000e+02, -2.434734306532089665e+00
1.751321988105773926e+02, 3.420000000000000000e+02, 3.450000000000000000e+02, -2.434734306532089665e+00
1.751585407257080078e+02, 3.440000000000000000e+02, 3.520000000000000000e+02, -2.434734306532089665e+00
1.752047889232635498e+02, 3.390000000000000000e+02, 3.310000000000000000e+02, -2.434734306532089665e+00
1.752434248924255371e+02, 3.270000000000000000e+02, 3.050000000000000000e+02, -2.434734306532089665e+00
1.752736377716064453e+02, 3.200000000000000000e+02, 2.840000000000000000e+02, -2.434734306532089665e+00
1.753040468692779541e+02, 3.100000000000000000e+02, 2.590000000000000000e+02, -2.434734306532089665e+00
1.753370916843414307e+02, 3.060000000000000000e+02, 2.360000000000000000e+02, -2.434734306532089665e+00
1.753697538375854492e+02, 3.090000000000000000e+02, 2.070000000000000000e+02, -2.434734306532089665e+00
1.754033868312835693e+02, 3.230000000000000000e+02, 1.820000000000000000e+02, -2.434734306532089665e+00
1.754307007789611816e+02, 3.420000000000000000e+02, 1.940000000000000000e+02, -2.434734306532089665e+00
1.754625318050384521e+02, 3.600000000000000000e+02, 2.390000000000000000e+02, -2.434734306532089665e+00
1.754923958778381348e+02, 3.790000000000000000e+02, 2.510000000000000000e+02, -2.434734306532089665e+00
1.755293879508972168e+02, 4.030000000000000000e+02, 2.490000000000000000e+02, -2.434734306532089665e+00
1.755627348423004150e+02, 4.320000000000000000e+02, 2.520000000000000000e+02, -2.434734306532089665e+00
1.756084558963775635e+02, 4.660000000000000000e+02, 2.600000000000000000e+02, -2.434734306532089665e+00
1.756405229568481445e+02, 5.050000000000000000e+02, 2.620000000000000000e+02, -2.434734306532089665e+00
1.756731677055358887e+02, 5.480000000000000000e+02, 2.710000000000000000e+02, -2.434734306532089665e+00
1.757076458930969238e+02, 5.900000000000000000e+02, 2.890000000000000000e+02, -2.434734306532089665e+00
1.757363576889038086e+02, 6.350000000000000000e+02, 3.110000000000000000e+02, -2.434734306532089665e+00
1.757711899280548096e+02, 6.900000000000000000e+02, 3.310000000000000000e+02, -2.434734306532089665e+00
1.757961997985839844e+02, 7.530000000000000000e+02, 3.510000000000000000e+02, -2.434734306532089665e+00
1.758338367938995361e+02, 8.240000000000000000e+02, 3.560000000000000000e+02, -2.434734306532089665e+00
1.758659849166870117e+02, 9.150000000000000000e+02, 3.560000000000000000e+02, -2.434734306532089665e+00
1.759005477428436279e+02, 9.890000000000000000e+02, 3.690000000000000000e+02, -2.434734306532089665e+00
1.759299867153167725e+02, 9.740000000000000000e+02, 3.710000000000000000e+02, -2.434734306532089665e+00
1.759608299732208252e+02, 9.640000000000000000e+02, 3.960000000000000000e+02, -2.434734306532089665e+00
1.760036568641662598e+02, 9.640000000000000000e+02, 4.140000000000000000e+02, -2.434734306532089665e+00
1.760430378913879395e+02, 9.760000000000000000e+02, 4.350000000000000000e+02, -2.434734306532089665e+00
1.760739929676055908e+02, 9.800000000000000000e+02, 4.370000000000000000e+02, -2.434734306532089665e+00
1.761030278205871582e+02, 9.860000000000000000e+02, 4.190000000000000000e+02, -2.434734306532089665e+00
1.761345720291137695e+02, 9.900000000000000000e+02, 4.040000000000000000e+02, -2.434734306532089665e+00
1.761706538200378418e+02, 9.900000000000000000e+02, 4.080000000000000000e+02, -2.434734306532089665e+00
1.762005848884582520e+02, 9.910000000000000000e+02, 4.090000000000000000e+02, -2.434734306532089665e+00
1.762303497791290283e+02, 9.900000000000000000e+02, 4.160000000000000000e+02, -2.434734306532089665e+00
1.762620427608489990e+02, 9.880000000000000000e+02, 4.360000000000000000e+02, -2.434734306532089665e+00
1.762973649501800537e+02, 9.900000000000000000e+02, 4.310000000000000000e+02, -2.434734306532089665e+00
1.763274598121643066e+02, 9.900000000000000000e+02, 4.160000000000000000e+02, -2.434734306532089665e+00
1.763633756637573242e+02, 9.890000000000000000e+02, 4.380000000000000000e+02, -2.434734306532089665e+00
1.764030346870422363e+02, 9.820000000000000000e+02, 4.780000000000000000e+02, -2.434734306532089665e+00
1.764370377063751221e+02, 9.810000000000000000e+02, 4.830000000000000000e+02, -2.434734306532089665e+00
1.764716987609863281e+02, 9.840000000000000000e+02, 4.690000000000000000e+02, -2.434734306532089665e+00
1.765051047801971436e+02, 9.890000000000000000e+02, 4.430000000000000000e+02, -2.434734306532089665e+00
1.765351598262786865e+02, 9.860000000000000000e+02, 4.520000000000000000e+02, -2.434734306532089665e+00
1.765687317848205566e+02, 9.860000000000000000e+02, 4.550000000000000000e+02, -2.434734306532089665e+00
1.766034138202667236e+02, 9.880000000000000000e+02, 4.410000000000000000e+02, -2.434734306532089665e+00
1.766310310363769531e+02, 9.890000000000000000e+02, 4.410000000000000000e+02, -2.434734306532089665e+00
1.766646358966827393e+02, 9.920000000000000000e+02, 4.090000000000000000e+02, -2.434734306532089665e+00
1.766954438686370850e+02, 9.900000000000000000e+02, 3.730000000000000000e+02, -2.434734306532089665e+00
1.767248578071594238e+02, 9.870000000000000000e+02, 3.460000000000000000e+02, -2.434734306532089665e+00
1.767611668109893799e+02, 9.810000000000000000e+02, 3.330000000000000000e+02, -2.434734306532089665e+00
1.768049669265747070e+02, 9.770000000000000000e+02, 3.570000000000000000e+02, -2.434734306532089665e+00
1.768381497859954834e+02, 9.780000000000000000e+02, 3.950000000000000000e+02, -2.434734306532089665e+00
1.768747458457946777e+02, 9.890000000000000000e+02, 4.050000000000000000e+02, -2.434734306532089665e+00
1.769070088863372803e+02, 9.900000000000000000e+02, 4.090000000000000000e+02, -2.434734306532089665e+00
1.769366626739501953e+02, 9.910000000000000000e+02, 4.080000000000000000e+02, -2.434734306532089665e+00
1.769706637859344482e+02, 9.920000000000000000e+02, 3.850000000000000000e+02, -2.434734306532089665e+00
1.770002927780151367e+02, 9.890000000000000000e+02, 3.660000000000000000e+02, -2.434734306532089665e+00
1.770304110050201416e+02, 9.880000000000000000e+02, 3.750000000000000000e+02, -2.434734306532089665e+00
1.770663259029388428e+02, 9.900000000000000000e+02, 4.010000000000000000e+02, -2.434734306532089665e+00
1.770934977531433105e+02, 9.860000000000000000e+02, 4.480000000000000000e+02, -2.434734306532089665e+00
1.771242759227752686e+02, 9.860000000000000000e+02, 4.550000000000000000e+02, -4.288273972150067892e-01
1.771585657596588135e+02, 9.870000000000000000e+02, 4.550000000000000000e+02, -4.445353604829556660e-01
1.771907210350036621e+02, 9.870000000000000000e+02, 4.580000000000000000e+02, -4.476769531365454857e-01
1.772221786975860596e+02, 9.870000000000000000e+02, 4.600000000000000000e+02, -4.476769531365454857e-01
1.772550528049468994e+02, 9.860000000000000000e+02, 4.610000000000000000e+02, -4.633849164044944735e-01
1.772863507270812988e+02, 9.870000000000000000e+02, 4.600000000000000000e+02, -6.440264939859075000e-01
1.773184638023376465e+02, 9.860000000000000000e+02, 4.660000000000000000e+02, -7.696902001294992912e-01
1.773507018089294434e+02, 9.770000000000000000e+02, 5.020000000000000000e+02, -8.026769229921921767e-01
1.773824348449707031e+02, 9.510000000000000000e+02, 5.680000000000000000e+02, -8.576547944300135784e-01
1.774143438339233398e+02, 9.430000000000000000e+02, 5.820000000000000000e+02, -8.812167393319370046e-01
1.774466097354888916e+02, 9.320000000000000000e+02, 5.990000000000000000e+02, -8.827875356587319144e-01
1.774782857894897461e+02, 9.240000000000000000e+02, 6.110000000000000000e+02, -8.827875356587319144e-01
1.775101277828216553e+02, 9.230000000000000000e+02, 6.110000000000000000e+02, -8.827875356587319144e-01
1.775424168109893799e+02, 9.240000000000000000e+02, 6.110000000000000000e+02, -8.827875356587319144e-01
1.775751707553863525e+02, 9.230000000000000000e+02, 6.120000000000000000e+02, -8.843583319855267133e-01
1.776109240055084229e+02, 9.240000000000000000e+02, 6.120000000000000000e+02, -2.434734306532089665e+00
1.776370377540588379e+02, 9.240000000000000000e+02, 6.120000000000000000e+02, -2.434734306532089665e+00
1.776683778762817383e+02, 9.220000000000000000e+02, 6.140000000000000000e+02, -9.754645189396307092e-01
1.777023837566375732e+02, 9.150000000000000000e+02, 6.210000000000000000e+02, -1.030442390377452222e+00
1.777344398498535156e+02, 8.930000000000000000e+02, 6.450000000000000000e+02, -1.039867168338221681e+00
1.777664718627929688e+02, 8.840000000000000000e+02, 6.500000000000000000e+02, -1.039867168338221681e+00
1.777983148097991943e+02, 8.830000000000000000e+02, 6.510000000000000000e+02, -1.039867168338221681e+00
1.778318357467651367e+02, 8.830000000000000000e+02, 6.510000000000000000e+02, -1.055575131606170558e+00
1.778623507022857666e+02, 8.820000000000000000e+02, 6.510000000000000000e+02, -1.152964503867454082e+00
1.778944177627563477e+02, 8.810000000000000000e+02, 6.520000000000000000e+02, -1.201659189998095956e+00
1.779267358779907227e+02, 8.650000000000000000e+02, 6.590000000000000000e+02, -1.209513171632070394e+00
1.779587337970733643e+02, 8.300000000000000000e+02, 6.720000000000000000e+02, -1.209513171632070394e+00
1.779906847476959229e+02, 8.270000000000000000e+02, 6.730000000000000000e+02, -1.209513171632070394e+00
1.780234119892120361e+02, 8.260000000000000000e+02, 6.730000000000000000e+02, -1.193805208364121295e+00
1.780542736053466797e+02, 8.260000000000000000e+02, 6.730000000000000000e+02, -1.011592834455913303e+00
1.780864768028259277e+02, 8.530000000000000000e+02, 6.670000000000000000e+02, -8.749335540247574761e-01
1.781183087825775146e+02, 8.910000000000000000e+02, 6.420000000000000000e+02, -8.435176274888595005e-01
1.781502599716186523e+02, 9.390000000000000000e+02, 5.820000000000000000e+02, -8.403760348352696807e-01
1.781822338104248047e+02, 9.570000000000000000e+02, 5.440000000000000000e+02, -8.403760348352696807e-01
1.782142097949981689e+02, 9.560000000000000000e+02, 5.430000000000000000e+02, -8.403760348352696807e-01
1.782471168041229248e+02, 9.420000000000000000e+02, 5.770000000000000000e+02, -8.356636458548850621e-01
1.782784099578857422e+02, 9.270000000000000000e+02, 6.000000000000000000e+02, -8.073893119725767953e-01
1.783103458881378174e+02, 9.320000000000000000e+02, 5.920000000000000000e+02, -7.932521450314227174e-01
1.783424398899078369e+02, 9.360000000000000000e+02, 5.880000000000000000e+02, -7.901105523778330086e-01
1.783745658397674561e+02, 9.360000000000000000e+02, 5.860000000000000000e+02, -7.901105523778330086e-01
1.784073526859283447e+02, 9.360000000000000000e+02, 5.870000000000000000e+02, -2.434734306532089665e+00
1.784427568912506104e+02, 9.370000000000000000e+02, 5.870000000000000000e+02, -2.434734306532089665e+00
1.784728777408599854e+02, 9.370000000000000000e+02, 5.870000000000000000e+02, -2.434734306532089665e+00
1.785066747665405273e+02, 9.290000000000000000e+02, 5.970000000000000000e+02, -2.434734306532089665e+00
1.785349969863891602e+02, 9.220000000000000000e+02, 6.080000000000000000e+02, -2.434734306532089665e+00
1.785694589614868164e+02, 9.330000000000000000e+02, 5.920000000000000000e+02, -2.434734306532089665e+00
1.785990526676177979e+02, 9.490000000000000000e+02, 5.620000000000000000e+02, -2.434734306532089665e+00
1.786310856342315674e+02, 9.600000000000000000e+02, 5.380000000000000000e+02, -2.434734306532089665e+00
1.786650187969207764e+02, 9.630000000000000000e+02, 5.290000000000000000e+02, -2.434734306532089665e+00
1.786981577873229980e+02, 9.550000000000000000e+02, 5.470000000000000000e+02, -2.434734306532089665e+00
1.787289290428161621e+02, 9.520000000000000000e+02, 5.570000000000000000e+02, -2.434734306532089665e+00
1.787610778808593750e+02, 9.560000000000000000e+02, 5.480000000000000000e+02, -2.434734306532089665e+00
1.788102397918701172e+02, 9.470000000000000000e+02, 5.670000000000000000e+02, -2.434734306532089665e+00
1.788418879508972168e+02, 9.210000000000000000e+02, 6.090000000000000000e+02, -2.434734306532089665e+00
1.788756358623504639e+02, 9.000000000000000000e+02, 6.330000000000000000e+02, -2.434734306532089665e+00
1.789033148288726807e+02, 8.870000000000000000e+02, 6.470000000000000000e+02, -2.434734306532089665e+00
1.789349377155303955e+02, 8.580000000000000000e+02, 6.630000000000000000e+02, -2.434734306532089665e+00
1.789659757614135742e+02, 8.310000000000000000e+02, 6.710000000000000000e+02, -2.434734306532089665e+00
1.789979717731475830e+02, 8.230000000000000000e+02, 6.730000000000000000e+02, -2.434734306532089665e+00
1.790299756526947021e+02, 8.360000000000000000e+02, 6.720000000000000000e+02, -2.434734306532089665e+00
1.790644798278808594e+02, 8.580000000000000000e+02, 6.640000000000000000e+02, -2.434734306532089665e+00
1.790995976924896240e+02, 8.660000000000000000e+02, 6.600000000000000000e+02, -2.434734306532089665e+00
1.791278128623962402e+02, 8.600000000000000000e+02, 6.620000000000000000e+02, -2.434734306532089665e+00
1.791603038311004639e+02, 8.560000000000000000e+02, 6.640000000000000000e+02, -2.434734306532089665e+00
1.792099258899688721e+02, 8.520000000000000000e+02, 6.650000000000000000e+02, -2.434734306532089665e+00
1.792400257587432861e+02, 8.510000000000000000e+02, 6.660000000000000000e+02, -2.434734306532089665e+00
1.792710828781127930e+02, 8.400000000000000000e+02, 6.690000000000000000e+02, -2.434734306532089665e+00
1.793059167861938477e+02, 8.330000000000000000e+02, 6.730000000000000000e+02, -2.434734306532089665e+00
1.793371546268463135e+02, 8.330000000000000000e+02, 6.720000000000000000e+02, -2.434734306532089665e+00
1.793696978092193604e+02, 8.320000000000000000e+02, 6.730000000000000000e+02, -2.434734306532089665e+00
1.794014637470245361e+02, 8.320000000000000000e+02, 6.730000000000000000e+02, -2.434734306532089665e+00
1.794294090270996094e+02, 8.370000000000000000e+02, 6.720000000000000000e+02, -2.434734306532089665e+00
1.794640169143676758e+02, 8.620000000000000000e+02, 6.630000000000000000e+02, -2.434734306532089665e+00
1.794975957870483398e+02, 8.700000000000000000e+02, 6.590000000000000000e+02, -2.434734306532089665e+00
1.795227878093719482e+02, 8.770000000000000000e+02, 6.540000000000000000e+02, -2.434734306532089665e+00
1.795542147159576416e+02, 8.930000000000000000e+02, 6.390000000000000000e+02, -9.079202768874501395e-01
1.795906827449798584e+02, 9.110000000000000000e+02, 6.220000000000000000e+02, -8.466592201424493203e-01
1.796220378875732422e+02, 9.250000000000000000e+02, 6.030000000000000000e+02, -8.372344421816798610e-01
1.796544709205627441e+02, 9.370000000000000000e+02, 5.860000000000000000e+02, -8.325220532012952424e-01
1.796868758201599121e+02, 9.330000000000000000e+02, 5.900000000000000000e+02, -7.963937376850125371e-01
1.797183480262756348e+02, 9.320000000000000000e+02, 5.940000000000000000e+02, -8.089601082993717052e-01
1.797503967285156250e+02, 9.360000000000000000e+02, 5.860000000000000000e+02, -8.183848862601411644e-01
1.797824137210845947e+02, 9.340000000000000000e+02, 5.890000000000000000e+02, -8.215264789137309842e-01
1.798141088485717773e+02, 9.330000000000000000e+02, 5.910000000000000000e+02, -8.215264789137309842e-01
1.798463618755340576e+02, 9.330000000000000000e+02, 5.900000000000000000e+02, -8.215264789137309842e-01
1.798782079219818115e+02, 9.320000000000000000e+02, 5.910000000000000000e+02, -8.215264789137309842e-01
1.799101138114929199e+02, 9.330000000000000000e+02, 5.910000000000000000e+02, -8.215264789137309842e-01
1.799421238899230957e+02, 9.320000000000000000e+02, 5.910000000000000000e+02, -8.215264789137309842e-01
1.799747848510742188e+02, 9.320000000000000000e+02, 5.900000000000000000e+02, -8.215264789137309842e-01
1.800066568851470947e+02, 9.340000000000000000e+02, 5.910000000000000000e+02, -2.434734306532089665e+00
1.800432717800140381e+02, 9.330000000000000000e+02, 5.910000000000000000e+02, -2.434734306532089665e+00
1.800703077316284180e+02, 9.310000000000000000e+02, 5.940000000000000000e+02, -2.434734306532089665e+00
1.801058297157287598e+02, 9.280000000000000000e+02, 5.990000000000000000e+02, -2.434734306532089665e+00
1.801323146820068359e+02, 9.270000000000000000e+02, 5.990000000000000000e+02, -2.434734306532089665e+00
1.801706638336181641e+02, 9.220000000000000000e+02, 6.050000000000000000e+02, -2.434734306532089665e+00
1.802025558948516846e+02, 9.020000000000000000e+02, 6.310000000000000000e+02, -2.434734306532089665e+00
1.802310888767242432e+02, 8.680000000000000000e+02, 6.580000000000000000e+02, -2.434734306532089665e+00
1.802666869163513184e+02, 8.660000000000000000e+02, 6.590000000000000000e+02, -2.434734306532089665e+00
1.802950878143310547e+02, 8.860000000000000000e+02, 6.460000000000000000e+02, -2.434734306532089665e+00
1.803259508609771729e+02, 9.130000000000000000e+02, 6.170000000000000000e+02, -2.434734306532089665e+00
1.803584818840026855e+02, 9.300000000000000000e+02, 5.950000000000000000e+02, -2.434734306532089665e+00
1.804063038825988770e+02, 9.460000000000000000e+02, 5.690000000000000000e+02, -2.434734306532089665e+00
1.804411668777465820e+02, 9.560000000000000000e+02, 5.450000000000000000e+02, -2.434734306532089665e+00
1.804709339141845703e+02, 9.580000000000000000e+02, 5.420000000000000000e+02, -2.434734306532089665e+00
1.805040886402130127e+02, 9.490000000000000000e+02, 5.600000000000000000e+02, -2.434734306532089665e+00
1.805317368507385254e+02, 9.270000000000000000e+02, 6.000000000000000000e+02, -2.434734306532089665e+00
1.805708947181701660e+02, 9.220000000000000000e+02, 6.050000000000000000e+02, -2.434734306532089665e+00
1.806051058769226074e+02, 9.260000000000000000e+02, 6.010000000000000000e+02, -2.434734306532089665e+00
1.806351618766784668e+02, 9.150000000000000000e+02, 6.150000000000000000e+02, -2.434734306532089665e+00
1.806675007343292236e+02, 8.870000000000000000e+02, 6.460000000000000000e+02, -2.434734306532089665e+00
1.807003006935119629e+02, 8.790000000000000000e+02, 6.520000000000000000e+02, -2.434734306532089665e+00
1.807292847633361816e+02, 9.010000000000000000e+02, 6.310000000000000000e+02, -2.434734306532089665e+00
1.807593028545379639e+02, 9.120000000000000000e+02, 6.180000000000000000e+02, -2.434734306532089665e+00
1.808086278438568115e+02, 9.050000000000000000e+02, 6.270000000000000000e+02, -2.434734306532089665e+00
1.808418838977813721e+02, 8.830000000000000000e+02, 6.500000000000000000e+02, -2.434734306532089665e+00
1.808702609539031982e+02, 8.450000000000000000e+02, 6.690000000000000000e+02, -2.434734306532089665e+00
1.809042439460754395e+02, 8.400000000000000000e+02, 6.720000000000000000e+02, -2.434734306532089665e+00
1.809374499320983887e+02, 8.390000000000000000e+02, 6.710000000000000000e+02, -2.434734306532089665e+00
1.809663538932800293e+02, 8.400000000000000000e+02, 6.720000000000000000e+02, -2.434734306532089665e+00
1.809972748756408691e+02, 8.410000000000000000e+02, 6.720000000000000000e+02, -2.434734306532089665e+00
1.810288348197937012e+02, 8.390000000000000000e+02, 6.720000000000000000e+02, -2.434734306532089665e+00
1.810612826347351074e+02, 8.570000000000000000e+02, 6.660000000000000000e+02, -2.434734306532089665e+00
1.811019928455352783e+02, 8.780000000000000000e+02, 6.560000000000000000e+02, -2.434734306532089665e+00
1.811277639865875244e+02, 9.080000000000000000e+02, 6.260000000000000000e+02, -2.434734306532089665e+00
1.811594717502593994e+02, 9.220000000000000000e+02, 6.070000000000000000e+02, -7.963937376850125371e-01
1.811901450157165527e+02, 9.310000000000000000e+02, 5.950000000000000000e+02, -7.602654221687299430e-01
1.812233288288116455e+02, 9.390000000000000000e+02, 5.820000000000000000e+02, -7.508406442079604837e-01
1.812544236183166504e+02, 9.420000000000000000e+02, 5.770000000000000000e+02, -7.539822368615503034e-01
1.812866067886352539e+02, 9.440000000000000000e+02, 5.750000000000000000e+02, -7.901105523778330086e-01
1.813181319236755371e+02, 9.430000000000000000e+02, 5.760000000000000000e+02, -8.105309046261666150e-01
1.813503959178924561e+02, 9.370000000000000000e+02, 5.870000000000000000e+02, -8.136724972797564348e-01
1.813822038173675537e+02, 9.340000000000000000e+02, 5.910000000000000000e+02, -8.152432936065513447e-01
1.814140207767486572e+02, 9.340000000000000000e+02, 5.900000000000000000e+02, -8.152432936065513447e-01
1.814458177089691162e+02, 9.340000000000000000e+02, 5.900000000000000000e+02, -8.136724972797564348e-01
1.814783947467803955e+02, 9.330000000000000000e+02, 5.900000000000000000e+02, -8.136724972797564348e-01
1.815100538730621338e+02, 9.330000000000000000e+02, 5.890000000000000000e+02, -8.152432936065513447e-01
1.815420489311218262e+02, 9.340000000000000000e+02, 5.900000000000000000e+02, -8.136724972797564348e-01
1.815742557048797607e+02, 9.340000000000000000e+02, 5.900000000000000000e+02, -8.152432936065513447e-01
1.816089489459991455e+02, 9.340000000000000000e+02, 5.910000000000000000e+02, -2.434734306532089665e+00
1.816404948234558105e+02, 9.340000000000000000e+02, 5.900000000000000000e+02, -2.434734306532089665e+00
1.816690478324890137e+02, 9.290000000000000000e+02, 5.960000000000000000e+02, -2.434734306532089665e+00
1.817056958675384521e+02, 9.110000000000000000e+02, 6.200000000000000000e+02, -2.434734306532089665e+00
1.817339639663696289e+02, 8.760000000000000000e+02, 6.560000000000000000e+02, -2.434734306532089665e+00
1.817683498859405518e+02, 8.700000000000000000e+02, 6.600000000000000000e+02, -1.156106096521043902e+00
1.817981758117675781e+02, 8.650000000000000000e+02, 6.630000000000000000e+02, -1.141968929579889824e+00
1.818301358222961426e+02, 8.510000000000000000e+02, 6.680000000000000000e+02, -1.137256540599504984e+00
1.818625178337097168e+02, 8.530000000000000000e+02, 6.670000000000000000e+02, -1.135685744272710185e+00
1.818942437171936035e+02, 8.490000000000000000e+02, 6.700000000000000000e+02, -1.135685744272710185e+00
1.819269828796386719e+02, 8.520000000000000000e+02, 6.690000000000000000e+02, -1.135685744272710185e+00
1.819579236507415771e+02, 8.520000000000000000e+02, 6.690000000000000000e+02, -1.135685744272710185e+00
1.819903967380523682e+02, 8.510000000000000000e+02, 6.690000000000000000e+02, -1.135685744272710185e+00
1.820225436687469482e+02, 8.490000000000000000e+02, 6.700000000000000000e+02, -1.126260966311940726e+00
1.820544078350067139e+02, 8.500000000000000000e+02, 6.700000000000000000e+02, -1.121548577331556107e+00
1.820861937999725342e+02, 8.520000000000000000e+02, 6.680000000000000000e+02, -1.121548577331556107e+00
1.821185748577117920e+02, 8.520000000000000000e+02, 6.680000000000000000e+02, -1.121548577331556107e+00
1.821502327919006348e+02, 8.530000000000000000e+02, 6.680000000000000000e+02, -1.121548577331556107e+00
1.821821036338806152e+02, 8.520000000000000000e+02, 6.680000000000000000e+02, -1.121548577331556107e+00
1.822141597270965576e+02, 8.520000000000000000e+02, 6.680000000000000000e+02, -1.121548577331556107e+00
1.822462568283081055e+02, 8.530000000000000000e+02, 6.680000000000000000e+02, -1.121548577331556107e+00
1.822779157161712646e+02, 8.530000000000000000e+02, 6.680000000000000000e+02, -1.121548577331556107e+00
1.823103728294372559e+02, 8.560000000000000000e+02, 6.670000000000000000e+02, -1.121548577331556107e+00
1.823422927856445312e+02, 8.560000000000000000e+02, 6.660000000000000000e+02, -1.118406984677966287e+00
1.823740918636322021e+02, 8.550000000000000000e+02, 6.680000000000000000e+02, -1.094845039776042750e+00
1.824078776836395264e+02, 8.620000000000000000e+02, 6.650000000000000000e+02, -2.434734306532089665e+00
1.824452149868011475e+02, 8.670000000000000000e+02, 6.630000000000000000e+02, -2.434734306532089665e+00
1.824750456809997559e+02, 8.670000000000000000e+02, 6.630000000000000000e+02, -2.434734306532089665e+00
1.825080330371856689e+02, 8.760000000000000000e+02, 6.580000000000000000e+02, -2.434734306532089665e+00
1.825395309925079346e+02, 8.880000000000000000e+02, 6.490000000000000000e+02, -2.434734306532089665e+00
1.825711297988891602e+02, 8.840000000000000000e+02, 6.530000000000000000e+02, -2.434734306532089665e+00
1.826004726886749268e+02, 8.630000000000000000e+02, 6.630000000000000000e+02, -2.434734306532089665e+00
1.826308147907257080e+02, 8.340000000000000000e+02, 6.740000000000000000e+02, -2.434734306532089665e+00
1.826644716262817383e+02, 8.380000000000000000e+02, 6.740000000000000000e+02, -2.434734306532089665e+00
1.826990909576416016e+02, 8.400000000000000000e+02, 6.720000000000000000e+02, -2.434734306532089665e+00
1.827260427474975586e+02, 8.460000000000000000e+02, 6.700000000000000000e+02, -2.434734306532089665e+00
1.827556726932525635e+02, 8.740000000000000000e+02, 6.580000000000000000e+02, -9.974556675147593365e-01
1.827903149127960205e+02, 8.890000000000000000e+02, 6.460000000000000000e+02, -9.361946107697582953e-01
1.828220667839050293e+02, 9.050000000000000000e+02, 6.350000000000000000e+02, -9.691813336324511807e-01
1.828542306423187256e+02, 9.130000000000000000e+02, 6.240000000000000000e+02, -9.896016858807847871e-01
1.828858509063720703e+02, 9.120000000000000000e+02, 6.230000000000000000e+02, -9.927432785343746069e-01
1.829181969165802002e+02, 8.970000000000000000e+02, 6.410000000000000000e+02, -9.927432785343746069e-01
1.829504468441009521e+02, 8.950000000000000000e+02, 6.420000000000000000e+02, -9.927432785343746069e-01
1.829832289218902588e+02, 8.950000000000000000e+02, 6.430000000000000000e+02, -9.754645189396307092e-01
1.830139558315277100e+02, 8.950000000000000000e+02, 6.420000000000000000e+02, -8.058185156457819964e-01
1.830463585853576660e+02, 9.250000000000000000e+02, 6.090000000000000000e+02, -7.084291433844983610e-01
1.830781939029693604e+02, 9.680000000000000000e+02, 5.270000000000000000e+02, -6.958627727701391930e-01
1.831099898815155029e+02, 9.830000000000000000e+02, 4.750000000000000000e+02, -7.461282552275758650e-01
1.831419928073883057e+02, 9.850000000000000000e+02, 4.570000000000000000e+02, -7.712609964562942011e-01
1.831743328571319580e+02, 9.850000000000000000e+02, 4.600000000000000000e+02, -7.759733854366789307e-01
1.832091410160064697e+02, 9.800000000000000000e+02, 4.900000000000000000e+02, -2.434734306532089665e+00
1.832416419982910156e+02, 9.450000000000000000e+02, 5.780000000000000000e+02, -2.434734306532089665e+00
1.832779169082641602e+02, 9.430000000000000000e+02, 5.800000000000000000e+02, -2.434734306532089665e+00
1.833089139461517334e+02, 9.280000000000000000e+02, 6.060000000000000000e+02, -2.434734306532089665e+00
1.833348248004913330e+02, 8.930000000000000000e+02, 6.430000000000000000e+02, -2.434734306532089665e+00
1.833698458671569824e+02, 8.490000000000000000e+02, 6.710000000000000000e+02, -2.434734306532089665e+00
1.834008667469024658e+02, 8.460000000000000000e+02, 6.730000000000000000e+02, -2.434734306532089665e+00
1.834350190162658691e+02, 8.390000000000000000e+02, 6.730000000000000000e+02, -2.434734306532089665e+00
1.834660358428955078e+02, 8.460000000000000000e+02, 6.710000000000000000e+02, -2.434734306532089665e+00
1.834971888065338135e+02, 8.540000000000000000e+02, 6.690000000000000000e+02, -2.434734306532089665e+00
1.835264809131622314e+02, 8.480000000000000000e+02, 6.700000000000000000e+02, -2.434734306532089665e+00
1.835581979751586914e+02, 8.490000000000000000e+02, 6.690000000000000000e+02, -2.434734306532089665e+00
1.836080808639526367e+02, 8.530000000000000000e+02, 6.680000000000000000e+02, -2.434734306532089665e+00
1.836418459415435791e+02, 8.450000000000000000e+02, 6.690000000000000000e+02, -2.434734306532089665e+00
1.836699819564819336e+02, 8.390000000000000000e+02, 6.710000000000000000e+02, -2.434734306532089665e+00
1.837050597667694092e+02, 8.430000000000000000e+02, 6.700000000000000000e+02, -2.434734306532089665e+00
1.837329189777374268e+02, 8.540000000000000000e+02, 6.660000000000000000e+02, -2.434734306532089665e+00
1.837631707191467285e+02, 8.490000000000000000e+02, 6.670000000000000000e+02, -1.209513171632070394e+00
1.837979326248168945e+02, 8.420000000000000000e+02, 6.700000000000000000e+02, -1.209513171632070394e+00
1.838295159339904785e+02, 8.360000000000000000e+02, 6.720000000000000000e+02, -1.209513171632070394e+00
1.838618419170379639e+02, 8.360000000000000000e+02, 6.720000000000000000e+02, -1.209513171632070394e+00
1.838941886425018311e+02, 8.360000000000000000e+02, 6.720000000000000000e+02, -1.209513171632070394e+00
1.839257988929748535e+02, 8.360000000000000000e+02, 6.720000000000000000e+02, -1.209513171632070394e+00
1.839581429958343506e+02, 8.360000000000000000e+02, 6.720000000000000000e+02, -1.209513171632070394e+00
1.839904937744140625e+02, 8.360000000000000000e+02, 6.720000000000000000e+02, -1.198517597344506136e+00
1.840219528675079346e+02, 8.360000000000000000e+02, 6.720000000000000000e+02, -1.021017612416682763e+00
1.840541026592254639e+02, 8.580000000000000000e+02, 6.660000000000000000e+02, -9.079202768874501395e-01
1.840862257480621338e+02, 9.280000000000000000e+02, 6.090000000000000000e+02, -8.859291283123216232e-01
1.841179876327514648e+02, 9.460000000000000000e+02, 5.800000000000000000e+02, -8.827875356587319144e-01
1.841500380039215088e+02, 9.660000000000000000e+02, 5.400000000000000000e+02, -8.827875356587319144e-01
1.841820957660675049e+02, 9.700000000000000000e+02, 5.320000000000000000e+02, -8.827875356587319144e-01
1.842138738632202148e+02, 9.620000000000000000e+02, 5.530000000000000000e+02, -8.827875356587319144e-01
1.842460689544677734e+02, 9.240000000000000000e+02, 6.130000000000000000e+02, -8.812167393319370046e-01
1.842778177261352539e+02, 9.250000000000000000e+02, 6.130000000000000000e+02, -8.827875356587319144e-01
1.843101608753204346e+02, 9.260000000000000000e+02, 6.140000000000000000e+02, -8.827875356587319144e-01
1.843418428897857666e+02, 9.250000000000000000e+02, 6.130000000000000000e+02, -8.890707209659113319e-01
1.843742978572845459e+02, 9.240000000000000000e+02, 6.130000000000000000e+02, -8.922123136195011517e-01
1.844081857204437256e+02, 9.230000000000000000e+02, 6.130000000000000000e+02, -2.434734306532089665e+00
1.844422876834869385e+02, 9.230000000000000000e+02, 6.120000000000000000e+02, -2.434734306532089665e+00
1.844739089012145996e+02, 9.250000000000000000e+02, 6.100000000000000000e+02, -2.434734306532089665e+00
1.845053997039794922e+02, 9.420000000000000000e+02, 5.850000000000000000e+02, -2.434734306532089665e+00
1.845380280017852783e+02, 9.580000000000000000e+02, 5.540000000000000000e+02, -2.434734306532089665e+00
1.845655689239501953e+02, 9.660000000000000000e+02, 5.350000000000000000e+02, -2.434734306532089665e+00
1.845980448722839355e+02, 9.620000000000000000e+02, 5.460000000000000000e+02, -2.434734306532089665e+00
1.846293947696685791e+02, 9.420000000000000000e+02, 5.840000000000000000e+02, -2.434734306532089665e+00
1.846617069244384766e+02, 9.360000000000000000e+02, 5.920000000000000000e+02, -2.434734306532089665e+00
1.846979467868804932e+02, 9.530000000000000000e+02, 5.590000000000000000e+02, -2.434734306532089665e+00
1.847313108444213867e+02, 9.690000000000000000e+02, 5.260000000000000000e+02, -2.434734306532089665e+00
1.847620909214019775e+02, 9.770000000000000000e+02, 5.040000000000000000e+02, -2.434734306532089665e+00
1.848100390434265137e+02, 9.860000000000000000e+02, 4.710000000000000000e+02, -2.434734306532089665e+00
1.848430688381195068e+02, 9.900000000000000000e+02, 4.580000000000000000e+02, -2.434734306532089665e+00
1.848745558261871338e+02, 9.860000000000000000e+02, 4.750000000000000000e+02, -2.434734306532089665e+00
1.849069247245788574e+02, 9.910000000000000000e+02, 4.580000000000000000e+02, -2.434734306532089665e+00
1.849350657463073730e+02, 9.950000000000000000e+02, 4.220000000000000000e+02, -2.434734306532089665e+00
1.849666817188262939e+02, 9.970000000000000000e+02, 3.810000000000000000e+02, -2.434734306532089665e+00
1.850017018318176270e+02, 9.920000000000000000e+02, 3.440000000000000000e+02, -2.434734306532089665e+00
1.850346918106079102e+02, 9.900000000000000000e+02, 3.370000000000000000e+02, -2.434734306532089665e+00
1.850655238628387451e+02, 9.880000000000000000e+02, 3.520000000000000000e+02, -2.434734306532089665e+00
1.850976078510284424e+02, 9.910000000000000000e+02, 3.610000000000000000e+02, -2.434734306532089665e+00
1.851290817260742188e+02, 9.940000000000000000e+02, 3.930000000000000000e+02, -2.434734306532089665e+00
1.851653847694396973e+02, 9.950000000000000000e+02, 4.120000000000000000e+02, -2.434734306532089665e+00
1.852091588973999023e+02, 9.920000000000000000e+02, 4.570000000000000000e+02, -2.434734306532089665e+00
1.852420637607574463e+02, 9.920000000000000000e+02, 4.650000000000000000e+02, -2.434734306532089665e+00
1.852738969326019287e+02, 9.950000000000000000e+02, 4.550000000000000000e+02, -2.434734306532089665e+00
1.853085608482360840e+02, 9.980000000000000000e+02, 4.430000000000000000e+02, -2.434734306532089665e+00
1.853395998477935791e+02, 9.980000000000000000e+02, 4.420000000000000000e+02, -2.434734306532089665e+00
1.853686189651489258e+02, 9.960000000000000000e+02, 4.420000000000000000e+02, -2.434734306532089665e+00
1.853980448246002197e+02, 9.970000000000000000e+02, 4.470000000000000000e+02, -2.434734306532089665e+00
1.854329128265380859e+02, 9.970000000000000000e+02, 4.480000000000000000e+02, -2.434734306532089665e+00
1.854611418247222900e+02, 9.940000000000000000e+02, 4.640000000000000000e+02, -2.434734306532089665e+00
1.854976639747619629e+02, 9.810000000000000000e+02, 5.060000000000000000e+02, -2.434734306532089665e+00
1.855309758186340332e+02, 9.800000000000000000e+02, 5.090000000000000000e+02, -2.434734306532089665e+00
1.855616748332977295e+02, 9.880000000000000000e+02, 4.880000000000000000e+02, -2.434734306532089665e+00
1.856071717739105225e+02, 9.880000000000000000e+02, 4.790000000000000000e+02, -2.434734306532089665e+00
1.856419699192047119e+02, 9.800000000000000000e+02, 5.050000000000000000e+02, -2.434734306532089665e+00
1.856728777885437012e+02, 9.700000000000000000e+02, 5.330000000000000000e+02, -2.434734306532089665e+00
1.857036287784576416e+02, 9.600000000000000000e+02, 5.590000000000000000e+02, -2.434734306532089665e+00
1.857365467548370361e+02, 9.500000000000000000e+02, 5.760000000000000000e+02, -2.434734306532089665e+00
1.857680058479309082e+02, 9.510000000000000000e+02, 5.740000000000000000e+02, -2.434734306532089665e+00
1.858012087345123291e+02, 9.490000000000000000e+02, 5.780000000000000000e+02, -2.434734306532089665e+00
1.858327569961547852e+02, 9.510000000000000000e+02, 5.700000000000000000e+02, -2.434734306532089665e+00
1.858650708198547363e+02, 9.500000000000000000e+02, 5.700000000000000000e+02, -2.434734306532089665e+00
1.858936109542846680e+02, 9.540000000000000000e+02, 5.640000000000000000e+02, -2.434734306532089665e+00
1.859248566627502441e+02, 9.530000000000000000e+02, 5.650000000000000000e+02, -2.434734306532089665e+00
1.859584858417510986e+02, 9.550000000000000000e+02, 5.620000000000000000e+02, -2.434734306532089665e+00
1.860050468444824219e+02, 9.440000000000000000e+02, 5.820000000000000000e+02, -2.434734306532089665e+00
1.860417428016662598e+02, 9.490000000000000000e+02, 5.720000000000000000e+02, -2.434734306532089665e+00
1.860731027126312256e+02, 9.580000000000000000e+02, 5.530000000000000000e+02, -2.434734306532089665e+00
1.861065909862518311e+02, 9.630000000000000000e+02, 5.430000000000000000e+02, -2.434734306532089665e+00
1.861404857635498047e+02, 9.600000000000000000e+02, 5.490000000000000000e+02, -2.434734306532089665e+00
1.861706948280334473e+02, 9.440000000000000000e+02, 5.800000000000000000e+02, -2.434734306532089665e+00
1.862011487483978271e+02, 9.310000000000000000e+02, 6.000000000000000000e+02, -2.434734306532089665e+00
1.862329268455505371e+02, 9.490000000000000000e+02, 5.720000000000000000e+02, -2.434734306532089665e+00
1.862630519866943359e+02, 9.600000000000000000e+02, 5.530000000000000000e+02, -2.434734306532089665e+00
1.862986738681793213e+02, 9.560000000000000000e+02, 5.620000000000000000e+02, -2.434734306532089665e+00
1.863262789249420166e+02, 9.590000000000000000e+02, 5.560000000000000000e+02, -2.434734306532089665e+00
1.863576519489288330e+02, 9.570000000000000000e+02, 5.580000000000000000e+02, -2.434734306532089665e+00
1.864052877426147461e+02, 9.720000000000000000e+02, 5.280000000000000000e+02, -2.434734306532089665e+00
1.864427216053009033e+02, 9.750000000000000000e+02, 5.230000000000000000e+02, -2.434734306532089665e+00
1.864752948284149170e+02, 9.640000000000000000e+02, 5.450000000000000000e+02, -2.434734306532089665e+00
1.865070776939392090e+02, 9.460000000000000000e+02, 5.810000000000000000e+02, -2.434734306532089665e+00
1.865371568202972412e+02, 9.250000000000000000e+02, 6.110000000000000000e+02, -2.434734306532089665e+00
1.865716118812561035e+02, 9.070000000000000000e+02, 6.320000000000000000e+02, -2.434734306532089665e+00
1.866046018600463867e+02, 8.920000000000000000e+02, 6.440000000000000000e+02, -2.434734306532089665e+00
1.866391038894653320e+02, 8.850000000000000000e+02, 6.470000000000000000e+02, -2.434734306532089665e+00
1.866630840301513672e+02, 8.800000000000000000e+02, 6.510000000000000000e+02, -2.434734306532089665e+00
1.866979227066040039e+02, 8.790000000000000000e+02, 6.520000000000000000e+02, -2.434734306532089665e+00
1.867265427112579346e+02, 8.730000000000000000e+02, 6.550000000000000000e+02, -2.434734306532089665e+00
1.867569837570190430e+02, 8.980000000000000000e+02, 6.360000000000000000e+02, -1.006880445475528685e+00
1.867898857593536377e+02, 9.090000000000000000e+02, 6.250000000000000000e+02, -1.019446816089887964e+00
1.868235538005828857e+02, 9.130000000000000000e+02, 6.200000000000000000e+02, -1.022588408743477784e+00
1.868542249202728271e+02, 9.140000000000000000e+02, 6.200000000000000000e+02, -1.022588408743477784e+00
1.868859457969665527e+02, 8.910000000000000000e+02, 6.410000000000000000e+02, -1.024159205070272582e+00
1.869179320335388184e+02, 8.910000000000000000e+02, 6.410000000000000000e+02, -1.024159205070272582e+00
1.869498708248138428e+02, 8.890000000000000000e+02, 6.430000000000000000e+02, -1.024159205070272582e+00
1.869819157123565674e+02, 8.890000000000000000e+02, 6.420000000000000000e+02, -1.024159205070272582e+00
1.870138149261474609e+02, 8.890000000000000000e+02, 6.430000000000000000e+02, -1.024159205070272582e+00
1.870458376407623291e+02, 8.890000000000000000e+02, 6.420000000000000000e+02, -1.024159205070272582e+00
1.870784058570861816e+02, 8.890000000000000000e+02, 6.430000000000000000e+02, -1.024159205070272582e+00
1.871108527183532715e+02, 8.890000000000000000e+02, 6.430000000000000000e+02, -1.039867168338221681e+00
1.871421518325805664e+02, 8.890000000000000000e+02, 6.430000000000000000e+02, -1.104269817736812209e+00
1.871739897727966309e+02, 8.800000000000000000e+02, 6.480000000000000000e+02, -1.134114947945915386e+00
1.872083008289337158e+02, 8.580000000000000000e+02, 6.630000000000000000e+02, -2.434734306532089665e+00
1.872401478290557861e+02, 8.550000000000000000e+02, 6.650000000000000000e+02, -2.434734306532089665e+00
1.872710478305816650e+02, 8.520000000000000000e+02, 6.670000000000000000e+02, -2.434734306532089665e+00
1.872926347255706787e+02, 8.480000000000000000e+02, 6.690000000000000000e+02, -2.434734306532089665e+00
1.873206088542938232e+02, 8.490000000000000000e+02, 6.690000000000000000e+02, -1.032013186704247021e+00
1.873498008251190186e+02, 8.640000000000000000e+02, 6.620000000000000000e+02, -9.628981483252715412e-01
1.873818948268890381e+02, 8.990000000000000000e+02, 6.310000000000000000e+02, -9.456193887305276435e-01
1.874138989448547363e+02, 9.100000000000000000e+02, 6.190000000000000000e+02, -9.440485924037328447e-01
1.874458858966827393e+02, 9.150000000000000000e+02, 6.120000000000000000e+02, -9.440485924037328447e-01
1.874778628349304199e+02, 9.060000000000000000e+02, 6.220000000000000000e+02, -9.440485924037328447e-01
1.875099179744720459e+02, 9.040000000000000000e+02, 6.260000000000000000e+02, -9.424777960769379348e-01
1.875416367053985596e+02, 9.040000000000000000e+02, 6.270000000000000000e+02, -9.424777960769379348e-01
1.875738329887390137e+02, 9.040000000000000000e+02, 6.260000000000000000e+02, -9.424777960769379348e-01
1.876084170341491699e+02, 9.030000000000000000e+02, 6.260000000000000000e+02, -2.434734306532089665e+00
1.876375648975372314e+02, 9.040000000000000000e+02, 6.260000000000000000e+02, -2.434734306532089665e+00
1.876730868816375732e+02, 9.170000000000000000e+02, 6.100000000000000000e+02, -2.434734306532089665e+00
1.877069559097290039e+02, 9.410000000000000000e+02, 5.740000000000000000e+02, -2.434734306532089665e+00
1.877376267910003662e+02, 9.590000000000000000e+02, 5.360000000000000000e+02, -2.434734306532089665e+00
1.877702646255493164e+02, 9.660000000000000000e+02, 5.200000000000000000e+02, -2.434734306532089665e+00
1.878030416965484619e+02, 9.750000000000000000e+02, 4.970000000000000000e+02, -2.434734306532089665e+00
1.878341288566589355e+02, 9.730000000000000000e+02, 5.040000000000000000e+02, -2.434734306532089665e+00
1.878656356334686279e+02, 9.800000000000000000e+02, 4.790000000000000000e+02, -2.434734306532089665e+00
1.878990118503570557e+02, 9.870000000000000000e+02, 4.480000000000000000e+02, -2.434734306532089665e+00
1.879290807247161865e+02, 9.910000000000000000e+02, 4.130000000000000000e+02, -2.434734306532089665e+00
1.879594466686248779e+02, 9.910000000000000000e+02, 3.960000000000000000e+02, -2.434734306532089665e+00
1.880112607479095459e+02, 9.910000000000000000e+02, 4.050000000000000000e+02, -2.434734306532089665e+00
1.880391087532043457e+02, 9.910000000000000000e+02, 3.940000000000000000e+02, -2.434734306532089665e+00
1.880685517787933350e+02, 9.900000000000000000e+02, 4.170000000000000000e+02, -2.434734306532089665e+00
1.881041357517242432e+02, 9.870000000000000000e+02, 4.420000000000000000e+02, -2.434734306532089665e+00
1.881385710239410400e+02, 9.830000000000000000e+02, 4.640000000000000000e+02, -2.434734306532089665e+00
1.881699068546295166e+02, 9.870000000000000000e+02, 4.440000000000000000e+02, -2.434734306532089665e+00
1.882013816833496094e+02, 9.900000000000000000e+02, 4.120000000000000000e+02, -2.434734306532089665e+00
1.882358636856079102e+02, 9.890000000000000000e+02, 4.160000000000000000e+02, -2.434734306532089665e+00
1.882674968242645264e+02, 9.890000000000000000e+02, 4.330000000000000000e+02, -2.434734306532089665e+00
1.882949986457824707e+02, 9.860000000000000000e+02, 4.440000000000000000e+02, -2.434734306532089665e+00
1.883286619186401367e+02, 9.810000000000000000e+02, 4.630000000000000000e+02, -2.434734306532089665e+00
1.883601727485656738e+02, 9.850000000000000000e+02, 4.400000000000000000e+02, -2.434734306532089665e+00
1.884091138839721680e+02, 9.880000000000000000e+02, 4.230000000000000000e+02, -2.434734306532089665e+00
1.884374437332153320e+02, 9.860000000000000000e+02, 4.390000000000000000e+02, -2.434734306532089665e+00
1.884722588062286377e+02, 9.860000000000000000e+02, 4.310000000000000000e+02, -4.790928796724434613e-01
1.885018360614776611e+02, 9.850000000000000000e+02, 4.380000000000000000e+02, -5.230751768227005494e-01
1.885339708328247070e+02, 9.800000000000000000e+02, 4.710000000000000000e+02, -5.340707511102649185e-01
1.885659058094024658e+02, 9.790000000000000000e+02, 4.800000000000000000e+02, -5.340707511102649185e-01
1.885979976654052734e+02, 9.780000000000000000e+02, 4.870000000000000000e+02, -5.340707511102649185e-01
1.886300799846649170e+02, 9.780000000000000000e+02, 4.860000000000000000e+02, -5.340707511102649185e-01
1.886625528335571289e+02, 9.780000000000000000e+02, 4.860000000000000000e+02, -5.215043804959056395e-01
1.886950228214263916e+02, 9.770000000000000000e+02, 4.860000000000000000e+02, -3.424335992412874674e-01
1.887269089221954346e+02, 9.860000000000000000e+02, 4.500000000000000000e+02, -2.607521902479528197e-01
1.887578959465026855e+02, 9.890000000000000000e+02, 3.610000000000000000e+02, -2.042035224833365636e-01
1.887889997959136963e+02, 9.770000000000000000e+02, 3.080000000000000000e+02, -1.853539665617977839e-01
1.888217818737030029e+02, 9.720000000000000000e+02, 2.960000000000000000e+02, -1.822123739082080196e-01
1.888538429737091064e+02, 9.670000000000000000e+02, 2.920000000000000000e+02, -1.837831702350029017e-01
1.888858168125152588e+02, 9.590000000000000000e+02, 3.060000000000000000e+02, -1.822123739082080196e-01
1.889179048538208008e+02, 9.520000000000000000e+02, 3.580000000000000000e+02, -1.822123739082080196e-01
1.889497139453887939e+02, 9.550000000000000000e+02, 3.560000000000000000e+02, -1.822123739082080196e-01
1.889819216728210449e+02, 9.600000000000000000e+02, 3.640000000000000000e+02, -1.727875959474386158e-01
1.890140607357025146e+02, 9.740000000000000000e+02, 3.660000000000000000e+02, -4.555309347705200490e-02
1.890463018417358398e+02, 9.820000000000000000e+02, 3.440000000000000000e+02, 1.727875959474385950e-02
1.890774207115173340e+02, 9.690000000000000000e+02, 2.850000000000000000e+02, 2.042035224833365498e-02
1.891099298000335693e+02, 9.560000000000000000e+02, 2.570000000000000000e+02, 2.042035224833365498e-02
1.891442818641662598e+02, 9.450000000000000000e+02, 2.630000000000000000e+02, 2.827433388230813499e-02
1.891740758419036865e+02, 9.340000000000000000e+02, 2.970000000000000000e+02, 6.440264939859076387e-02
1.892104587554931641e+02, 9.250000000000000000e+02, 2.870000000000000000e+02, -2.434734306532089665e+00
1.892420437335968018e+02, 9.170000000000000000e+02, 2.810000000000000000e+02, -2.434734306532089665e+00
1.892745027542114258e+02, 9.060000000000000000e+02, 2.880000000000000000e+02, -2.434734306532089665e+00
1.893063538074493408e+02, 8.970000000000000000e+02, 3.130000000000000000e+02, -2.434734306532089665e+00
1.893351097106933594e+02, 8.870000000000000000e+02, 3.360000000000000000e+02, -2.434734306532089665e+00
1.893653669357299805e+02, 8.830000000000000000e+02, 3.340000000000000000e+02, -2.434734306532089665e+00
1.894013078212738037e+02, 8.820000000000000000e+02, 3.250000000000000000e+02, -2.434734306532089665e+00
1.894318368434906006e+02, 8.840000000000000000e+02, 3.270000000000000000e+02, -2.434734306532089665e+00
1.894619667530059814e+02, 8.860000000000000000e+02, 3.280000000000000000e+02, -2.434734306532089665e+00
1.894975368976593018e+02, 8.900000000000000000e+02, 3.280000000000000000e+02, -2.434734306532089665e+00
1.895240497589111328e+02, 8.980000000000000000e+02, 3.110000000000000000e+02, -2.434734306532089665e+00
1.895611078739166260e+02, 9.070000000000000000e+02, 2.820000000000000000e+02, -2.434734306532089665e+00
1.896040587425231934e+02, 9.110000000000000000e+02, 2.520000000000000000e+02, -2.434734306532089665e+00
1.896420438289642334e+02, 9.170000000000000000e+02, 2.480000000000000000e+02, -2.434734306532089665e+00
1.896710846424102783e+02, 9.180000000000000000e+02, 2.560000000000000000e+02, -2.434734306532089665e+00
1.897066466808319092e+02, 9.210000000000000000e+02, 2.690000000000000000e+02, -2.434734306532089665e+00
1.897423067092895508e+02, 9.180000000000000000e+02, 2.870000000000000000e+02, -2.434734306532089665e+00
1.897718179225921631e+02, 9.130000000000000000e+02, 2.900000000000000000e+02, -2.434734306532089665e+00
1.897894728183746338e+02, 9.110000000000000000e+02, 2.910000000000000000e+02, -2.434734306532089665e+00
1.898142499923706055e+02, 9.090000000000000000e+02, 3.020000000000000000e+02, -1.288052987971815277e-01
1.898464729785919189e+02, 9.070000000000000000e+02, 3.100000000000000000e+02, -1.900663555421824857e-01
1.898775207996368408e+02, 9.070000000000000000e+02, 3.270000000000000000e+02, -2.026327261565416538e-01
1.899098989963531494e+02, 9.060000000000000000e+02, 3.480000000000000000e+02, -2.026327261565416538e-01
1.899420187473297119e+02, 9.110000000000000000e+02, 3.510000000000000000e+02, -2.026327261565416538e-01
1.899741077423095703e+02, 9.280000000000000000e+02, 3.520000000000000000e+02, -2.183406894244906415e-01
1.900076527595520020e+02, 9.420000000000000000e+02, 3.540000000000000000e+02, -2.434734306532089665e+00
1.900418686866760254e+02, 9.580000000000000000e+02, 3.720000000000000000e+02, -2.434734306532089665e+00
1.900748836994171143e+02, 9.770000000000000000e+02, 4.320000000000000000e+02, -2.434734306532089665e+00
1.901073558330535889e+02, 9.780000000000000000e+02, 4.400000000000000000e+02, -2.434734306532089665e+00
1.901369526386260986e+02, 9.770000000000000000e+02, 4.560000000000000000e+02, -2.434734306532089665e+00
1.901686787605285645e+02, 9.860000000000000000e+02, 4.530000000000000000e+02, -2.434734306532089665e+00
1.902015478610992432e+02, 9.850000000000000000e+02, 4.680000000000000000e+02, -2.434734306532089665e+00
1.902321228981018066e+02, 9.790000000000000000e+02, 5.090000000000000000e+02, -2.434734306532089665e+00
1.902630608081817627e+02, 9.730000000000000000e+02, 5.300000000000000000e+02, -2.434734306532089665e+00
1.902935419082641602e+02, 9.620000000000000000e+02, 5.550000000000000000e+02, -2.434734306532089665e+00
1.903331546783447266e+02, 9.720000000000000000e+02, 5.280000000000000000e+02, -2.434734306532089665e+00
1.903653450012207031e+02, 9.800000000000000000e+02, 5.020000000000000000e+02, -2.434734306532089665e+00
1.904100816249847412e+02, 9.840000000000000000e+02, 4.770000000000000000e+02, -2.434734306532089665e+00
1.904417307376861572e+02, 9.870000000000000000e+02, 4.680000000000000000e+02, -2.434734306532089665e+00
1.904751298427581787e+02, 9.850000000000000000e+02, 4.770000000000000000e+02, -2.434734306532089665e+00
1.905059959888458252e+02, 9.770000000000000000e+02, 5.070000000000000000e+02, -2.434734306532089665e+00
1.905387098789215088e+02, 9.670000000000000000e+02, 5.380000000000000000e+02, -2.434734306532089665e+00
1.905682277679443359e+02, 9.560000000000000000e+02, 5.620000000000000000e+02, -2.434734306532089665e+00
1.906051378250122070e+02, 9.560000000000000000e+02, 5.660000000000000000e+02, -2.434734306532089665e+00
1.906306018829345703e+02, 9.490000000000000000e+02, 5.780000000000000000e+02, -2.434734306532089665e+00
1.906634166240692139e+02, 9.420000000000000000e+02, 5.920000000000000000e+02, -2.434734306532089665e+00
1.906981246471405029e+02, 9.370000000000000000e+02, 5.970000000000000000e+02, -2.434734306532089665e+00
1.907299740314483643e+02, 9.220000000000000000e+02, 6.180000000000000000e+02, -2.434734306532089665e+00
1.907621128559112549e+02, 9.140000000000000000e+02, 6.270000000000000000e+02, -2.434734306532089665e+00
1.908071038722991943e+02, 9.340000000000000000e+02, 5.990000000000000000e+02, -2.434734306532089665e+00
1.908432908058166504e+02, 9.440000000000000000e+02, 5.860000000000000000e+02, -2.434734306532089665e+00
1.908707079887390137e+02, 9.360000000000000000e+02, 5.960000000000000000e+02, -2.434734306532089665e+00
1.909019498825073242e+02, 9.480000000000000000e+02, 5.750000000000000000e+02, -2.434734306532089665e+00
1.909384517669677734e+02, 9.480000000000000000e+02, 5.790000000000000000e+02, -2.434734306532089665e+00
1.909725687503814697e+02, 9.320000000000000000e+02, 6.020000000000000000e+02, -2.434734306532089665e+00
1.910047140121459961e+02, 8.990000000000000000e+02, 6.430000000000000000e+02, -2.434734306532089665e+00
1.910340588092803955e+02, 8.780000000000000000e+02, 6.580000000000000000e+02, -2.434734306532089665e+00
1.910689938068389893e+02, 8.620000000000000000e+02, 6.590000000000000000e+02, -2.434734306532089665e+00
1.910979678630828857e+02, 8.640000000000000000e+02, 6.580000000000000000e+02, -2.434734306532089665e+00
1.911315457820892334e+02, 8.700000000000000000e+02, 6.550000000000000000e+02, -2.434734306532089665e+00
1.911635267734527588e+02, 8.790000000000000000e+02, 6.570000000000000000e+02, -2.434734306532089665e+00
1.912075226306915283e+02, 8.740000000000000000e+02, 6.600000000000000000e+02, -2.434734306532089665e+00
1.912419719696044922e+02, 9.030000000000000000e+02, 6.380000000000000000e+02, -2.434734306532089665e+00
1.912766728401184082e+02, 9.180000000000000000e+02, 6.200000000000000000e+02, -2.434734306532089665e+00
1.913052728176116943e+02, 9.320000000000000000e+02, 6.000000000000000000e+02, -2.434734306532089665e+00
1.913357770442962646e+02, 9.520000000000000000e+02, 5.660000000000000000e+02, -2.434734306532089665e+00
1.913709886074066162e+02, 9.660000000000000000e+02, 5.370000000000000000e+02, -2.434734306532089665e+00
1.914055967330932617e+02, 9.640000000000000000e+02, 5.380000000000000000e+02, -2.434734306532089665e+00
1.914340908527374268e+02, 9.660000000000000000e+02, 5.340000000000000000e+02, -2.434734306532089665e+00
1.914630968570709229e+02, 9.740000000000000000e+02, 5.110000000000000000e+02, -6.738716241950105656e-01
1.914937627315521240e+02, 9.740000000000000000e+02, 5.120000000000000000e+02, -7.304202919596269883e-01
1.915257358551025391e+02, 9.710000000000000000e+02, 5.210000000000000000e+02, -7.492698478811655738e-01
1.915584847927093506e+02, 9.570000000000000000e+02, 5.560000000000000000e+02, -7.508406442079604837e-01
1.915899016857147217e+02, 9.500000000000000000e+02, 5.710000000000000000e+02, -7.241371066524473488e-01
1.916220138072967529e+02, 9.500000000000000000e+02, 5.720000000000000000e+02, -6.487388829662922296e-01
1.916540169715881348e+02, 9.520000000000000000e+02, 5.690000000000000000e+02, -6.173229564303943651e-01
1.916861429214477539e+02, 9.670000000000000000e+02, 5.330000000000000000e+02, -6.126105674500096354e-01
1.917177269458770752e+02, 9.690000000000000000e+02, 5.280000000000000000e+02, -6.126105674500096354e-01
1.917497267723083496e+02, 9.690000000000000000e+02, 5.280000000000000000e+02, -6.126105674500096354e-01
1.917816767692565918e+02, 9.690000000000000000e+02, 5.290000000000000000e+02, -6.126105674500096354e-01
1.918135788440704346e+02, 9.700000000000000000e+02, 5.280000000000000000e+02, -6.126105674500096354e-01
1.918457417488098145e+02, 9.700000000000000000e+02, 5.280000000000000000e+02, -6.173229564303943651e-01
1.918777358531951904e+02, 9.690000000000000000e+02, 5.280000000000000000e+02, -6.880087911361646436e-01
1.919100558757781982e+02, 9.670000000000000000e+02, 5.330000000000000000e+02, -7.257079029792422586e-01
1.919420938491821289e+02, 9.560000000000000000e+02, 5.570000000000000000e+02, -7.335618846132166970e-01
1.919738869667053223e+02, 9.530000000000000000e+02, 5.640000000000000000e+02, -7.476990515543707749e-01
1.920108139514923096e+02, 9.530000000000000000e+02, 5.650000000000000000e+02, -2.434734306532089665e+00
1.920400748252868652e+02, 9.450000000000000000e+02, 5.800000000000000000e+02, -2.434734306532089665e+00
1.920746066570281982e+02, 9.200000000000000000e+02, 6.170000000000000000e+02, -2.434734306532089665e+00
1.921082668304443359e+02, 9.030000000000000000e+02, 6.360000000000000000e+02, -2.434734306532089665e+00
1.921373026371002197e+02, 9.200000000000000000e+02, 6.180000000000000000e+02, -2.434734306532089665e+00
1.921652679443359375e+02, 9.440000000000000000e+02, 5.820000000000000000e+02, -2.434734306532089665e+00
1.921981019973754883e+02, 9.610000000000000000e+02, 5.470000000000000000e+02, -2.434734306532089665e+00
1.922311327457427979e+02, 9.630000000000000000e+02, 5.440000000000000000e+02, -2.434734306532089665e+00
1.922606537342071533e+02, 9.500000000000000000e+02, 5.710000000000000000e+02, -2.434734306532089665e+00
1.922948858737945557e+02, 9.550000000000000000e+02, 5.620000000000000000e+02, -2.434734306532089665e+00
1.923257436752319336e+02, 9.680000000000000000e+02, 5.320000000000000000e+02, -2.434734306532089665e+00
1.923627436161041260e+02, 9.660000000000000000e+02, 5.320000000000000000e+02, -2.434734306532089665e+00
1.924040949344635010e+02, 9.540000000000000000e+02, 5.640000000000000000e+02, -2.434734306532089665e+00
1.924411106109619141e+02, 9.490000000000000000e+02, 5.740000000000000000e+02, -2.434734306532089665e+00
1.924745798110961914e+02, 9.530000000000000000e+02, 5.670000000000000000e+02, -2.434734306532089665e+00
1.925065097808837891e+02, 9.420000000000000000e+02, 5.840000000000000000e+02, -2.434734306532089665e+00
1.925351128578186035e+02, 9.370000000000000000e+02, 5.960000000000000000e+02, -2.434734306532089665e+00
1.925657918453216553e+02, 9.430000000000000000e+02, 5.850000000000000000e+02, -2.434734306532089665e+00
1.925995609760284424e+02, 9.380000000000000000e+02, 5.930000000000000000e+02, -2.434734306532089665e+00
1.926313767433166504e+02, 9.390000000000000000e+02, 5.920000000000000000e+02, -2.434734306532089665e+00
1.926637468338012695e+02, 9.350000000000000000e+02, 5.960000000000000000e+02, -2.434734306532089665e+00
1.926934828758239746e+02, 9.350000000000000000e+02, 5.980000000000000000e+02, -2.434734306532089665e+00
1.927260186672210693e+02, 9.180000000000000000e+02, 6.190000000000000000e+02, -2.434734306532089665e+00
1.927661156654357910e+02, 8.870000000000000000e+02, 6.530000000000000000e+02, -2.434734306532089665e+00
1.928086798191070557e+02, 8.800000000000000000e+02, 6.490000000000000000e+02, -2.434734306532089665e+00
1.928424308300018311e+02, 8.970000000000000000e+02, 6.440000000000000000e+02, -2.434734306532089665e+00
1.928746318817138672e+02, 9.000000000000000000e+02, 6.410000000000000000e+02, -2.434734306532089665e+00
1.929065558910369873e+02, 8.970000000000000000e+02, 6.430000000000000000e+02, -2.434734306532089665e+00
1.929400599002838135e+02, 9.020000000000000000e+02, 6.360000000000000000e+02, -2.434734306532089665e+00
1.929690768718719482e+02, 8.950000000000000000e+02, 6.440000000000000000e+02, -2.434734306532089665e+00
1.930026547908782959e+02, 8.700000000000000000e+02, 6.520000000000000000e+02, -2.434734306532089665e+00
1.930338828563690186e+02, 8.390000000000000000e+02, 6.700000000000000000e+02, -2.434734306532089665e+00
1.930641179084777832e+02, 8.370000000000000000e+02, 6.710000000000000000e+02, -2.434734306532089665e+00
1.930990228652954102e+02, 8.590000000000000000e+02, 6.580000000000000000e+02, -2.434734306532089665e+00
1.931259996891021729e+02, 8.870000000000000000e+02, 6.490000000000000000e+02, -2.434734306532089665e+00
1.931616888046264648e+02, 8.960000000000000000e+02, 6.390000000000000000e+02, -2.434734306532089665e+00
1.932072927951812744e+02, 8.890000000000000000e+02, 6.460000000000000000e+02, -2.434734306532089665e+00
1.932430448532104492e+02, 8.680000000000000000e+02, 6.520000000000000000e+02, -2.434734306532089665e+00
1.932741136550903320e+02, 8.650000000000000000e+02, 6.550000000000000000e+02, -2.434734306532089665e+00
1.933084228038787842e+02, 8.570000000000000000e+02, 6.590000000000000000e+02, -2.434734306532089665e+00
1.933371598720550537e+02, 8.410000000000000000e+02, 6.680000000000000000e+02, -2.434734306532089665e+00
1.933690927028656006e+02, 8.450000000000000000e+02, 6.660000000000000000e+02, -2.434734306532089665e+00
1.934034607410430908e+02, 8.420000000000000000e+02, 6.670000000000000000e+02, -2.434734306532089665e+00
1.934321148395538330e+02, 8.420000000000000000e+02, 6.670000000000000000e+02, -2.434734306532089665e+00
1.934631578922271729e+02, 8.360000000000000000e+02, 6.700000000000000000e+02, -2.434734306532089665e+00
1.934943249225616455e+02, 8.360000000000000000e+02, 6.700000000000000000e+02, -2.434734306532089665e+00
1.935290076732635498e+02, 8.410000000000000000e+02, 6.670000000000000000e+02, -2.434734306532089665e+00
1.935585296154022217e+02, 8.340000000000000000e+02, 6.710000000000000000e+02, -2.434734306532089665e+00
1.936074078083038330e+02, 8.440000000000000000e+02, 6.660000000000000000e+02, -2.434734306532089665e+00
1.936406006813049316e+02, 8.510000000000000000e+02, 6.630000000000000000e+02, -2.434734306532089665e+00
1.936711328029632568e+02, 8.430000000000000000e+02, 6.660000000000000000e+02, -2.434734306532089665e+00
1.937041699886322021e+02, 8.330000000000000000e+02, 6.720000000000000000e+02, -2.434734306532089665e+00
1.937347147464752197e+02, 8.360000000000000000e+02, 6.710000000000000000e+02, -2.434734306532089665e+00
1.937659709453582764e+02, 8.590000000000000000e+02, 6.580000000000000000e+02, -2.434734306532089665e+00
1.937999579906463623e+02, 8.850000000000000000e+02, 6.500000000000000000e+02, -2.434734306532089665e+00
1.938348207473754883e+02, 8.920000000000000000e+02, 6.440000000000000000e+02, -2.434734306532089665e+00
1.938656439781188965e+02, 8.770000000000000000e+02, 6.460000000000000000e+02, -2.434734306532089665e+00
1.938921358585357666e+02, 8.660000000000000000e+02, 6.550000000000000000e+02, -2.434734306532089665e+00
1.939271779060363770e+02, 8.630000000000000000e+02, 6.560000000000000000e+02, -1.168672467135402959e+00
1.939575588703155518e+02, 8.590000000000000000e+02, 6.590000000000000000e+02, -1.204800782651685775e+00
1.939890928268432617e+02, 8.530000000000000000e+02, 6.620000000000000000e+02, -1.212654764285660214e+00
1.940221507549285889e+02, 8.320000000000000000e+02, 6.720000000000000000e+02, -1.209513171632070394e+00
1.940535559654235840e+02, 8.290000000000000000e+02, 6.730000000000000000e+02, -1.160818485501428521e+00
1.940866098403930664e+02, 8.350000000000000000e+02, 6.710000000000000000e+02, -1.134114947945915386e+00
1.941175799369812012e+02, 8.550000000000000000e+02, 6.600000000000000000e+02, -1.118406984677966287e+00
1.941495769023895264e+02, 8.580000000000000000e+02, 6.590000000000000000e+02, -1.112123799370786648e+00
1.941814997196197510e+02, 8.550000000000000000e+02, 6.600000000000000000e+02, -1.112123799370786648e+00
1.942138628959655762e+02, 8.550000000000000000e+02, 6.600000000000000000e+02, -1.112123799370786648e+00
1.942454919815063477e+02, 8.540000000000000000e+02, 6.600000000000000000e+02, -1.112123799370786648e+00
1.942772498130798340e+02, 8.550000000000000000e+02, 6.600000000000000000e+02, -1.112123799370786648e+00
1.943093056678771973e+02, 8.550000000000000000e+02, 6.600000000000000000e+02, -1.112123799370786648e+00
1.943416876792907715e+02, 8.550000000000000000e+02, 6.600000000000000000e+02, -1.112123799370786648e+00
1.943737080097198486e+02, 8.550000000000000000e+02, 6.600000000000000000e+02, -1.102699021410017410e+00
1.944080858230590820e+02, 8.560000000000000000e+02, 6.600000000000000000e+02, -2.434734306532089665e+00
1.944423580169677734e+02, 8.870000000000000000e+02, 6.490000000000000000e+02, -2.434734306532089665e+00
1.944740159511566162e+02, 9.060000000000000000e+02, 6.280000000000000000e+02, -2.434734306532089665e+00
1.945040886402130127e+02, 9.270000000000000000e+02, 6.040000000000000000e+02, -2.434734306532089665e+00
1.945391507148742676e+02, 9.460000000000000000e+02, 5.720000000000000000e+02, -2.434734306532089665e+00
1.945670709609985352e+02, 9.490000000000000000e+02, 5.710000000000000000e+02, -2.434734306532089665e+00
1.946020727157592773e+02, 9.360000000000000000e+02, 5.920000000000000000e+02, -2.434734306532089665e+00
1.946291158199310303e+02, 9.000000000000000000e+02, 6.270000000000000000e+02, -2.434734306532089665e+00
1.946593616008758545e+02, 8.520000000000000000e+02, 6.630000000000000000e+02, -1.204800782651685775e+00
1.946934359073638916e+02, 8.390000000000000000e+02, 6.690000000000000000e+02, -1.212654764285660214e+00
1.947254519462585449e+02, 8.370000000000000000e+02, 6.690000000000000000e+02, -1.212654764285660214e+00
1.947576346397399902e+02, 8.300000000000000000e+02, 6.720000000000000000e+02, -1.212654764285660214e+00
1.947895767688751221e+02, 8.290000000000000000e+02, 6.720000000000000000e+02, -1.212654764285660214e+00
1.948217537403106689e+02, 8.300000000000000000e+02, 6.730000000000000000e+02, -1.212654764285660214e+00
1.948535568714141846e+02, 8.290000000000000000e+02, 6.730000000000000000e+02, -1.209513171632070394e+00
1.948857228755950928e+02, 8.300000000000000000e+02, 6.720000000000000000e+02, -1.163960078155018341e+00
1.949177317619323730e+02, 8.340000000000000000e+02, 6.700000000000000000e+02, -1.143539725906684623e+00
1.949506497383117676e+02, 8.520000000000000000e+02, 6.610000000000000000e+02, -1.141968929579889824e+00
1.949815957546234131e+02, 8.530000000000000000e+02, 6.620000000000000000e+02, -1.107411410390402029e+00
1.950134317874908447e+02, 8.530000000000000000e+02, 6.600000000000000000e+02, -1.090132650795658131e+00
1.950455636978149414e+02, 8.590000000000000000e+02, 6.580000000000000000e+02, -1.088561854468863332e+00
1.950771167278289795e+02, 8.600000000000000000e+02, 6.580000000000000000e+02, -1.086991058142068312e+00
1.951094977855682373e+02, 8.610000000000000000e+02, 6.570000000000000000e+02, -1.088561854468863332e+00
1.951414709091186523e+02, 8.610000000000000000e+02, 6.570000000000000000e+02, -1.086991058142068312e+00
1.951743350028991699e+02, 8.610000000000000000e+02, 6.580000000000000000e+02, -1.080707872834888672e+00
1.952082266807556152e+02, 8.610000000000000000e+02, 6.570000000000000000e+02, -2.434734306532089665e+00
1.952432439327239990e+02, 8.890000000000000000e+02, 6.480000000000000000e+02, -2.434734306532089665e+00
1.952760877609252930e+02, 8.980000000000000000e+02, 6.390000000000000000e+02, -2.434734306532089665e+00
1.953082239627838135e+02, 8.920000000000000000e+02, 6.450000000000000000e+02, -2.434734306532089665e+00
1.953393487930297852e+02, 9.080000000000000000e+02, 6.280000000000000000e+02, -2.434734306532089665e+00
1.953701329231262207e+02, 9.230000000000000000e+02, 6.100000000000000000e+02, -2.434734306532089665e+00
1.954006938934326172e+02, 9.200000000000000000e+02, 6.140000000000000000e+02, -2.434734306532089665e+00
1.954181509017944336e+02, 9.130000000000000000e+02, 6.220000000000000000e+02, -2.434734306532089665e+00
1.954472908973693848e+02, 8.970000000000000000e+02, 6.310000000000000000e+02, -8.639379797371932179e-01
1.954774167537689209e+02, 9.190000000000000000e+02, 6.140000000000000000e+02, -8.011061266653972668e-01
1.955093948841094971e+02, 9.340000000000000000e+02, 5.980000000000000000e+02, -7.869689597242431889e-01
1.955416319370269775e+02, 9.430000000000000000e+02, 5.820000000000000000e+02, -7.838273670706533691e-01
1.955740027427673340e+02, 9.400000000000000000e+02, 5.850000000000000000e+02, -7.838273670706533691e-01
1.956071219444274902e+02, 9.400000000000000000e+02, 5.850000000000000000e+02, -2.434734306532089665e+00
1.956424617767333984e+02, 9.400000000000000000e+02, 5.850000000000000000e+02, -2.434734306532089665e+00
1.956753878593444824e+02, 9.390000000000000000e+02, 5.860000000000000000e+02, -2.434734306532089665e+00
1.957081477642059326e+02, 9.360000000000000000e+02, 5.900000000000000000e+02, -2.434734306532089665e+00
1.957434427738189697e+02, 9.440000000000000000e+02, 5.760000000000000000e+02, -2.434734306532089665e+00
1.957701439857482910e+02, 9.340000000000000000e+02, 5.800000000000000000e+02, -2.434734306532089665e+00
1.957990326881408691e+02, 9.120000000000000000e+02, 6.110000000000000000e+02, -1.050862742625785939e+00
1.958296408653259277e+02, 8.960000000000000000e+02, 6.310000000000000000e+02, -1.104269817736812209e+00
1.958617777824401855e+02, 8.720000000000000000e+02, 6.500000000000000000e+02, -1.113694595697581669e+00
1.958930778503417969e+02, 8.660000000000000000e+02, 6.540000000000000000e+02, -1.113694595697581669e+00
1.959261288642883301e+02, 8.570000000000000000e+02, 6.580000000000000000e+02, -1.113694595697581669e+00
1.959578738212585449e+02, 8.560000000000000000e+02, 6.590000000000000000e+02, -1.112123799370786648e+00
1.959902589321136475e+02, 8.570000000000000000e+02, 6.590000000000000000e+02, -1.075995483854504275e+00
1.960215218067169189e+02, 8.570000000000000000e+02, 6.590000000000000000e+02, -9.990264638415542464e-01
1.960536336898803711e+02, 8.620000000000000000e+02, 6.560000000000000000e+02, -9.676105373056562708e-01
1.960856547355651855e+02, 8.890000000000000000e+02, 6.380000000000000000e+02, -9.628981483252715412e-01
1.961185526847839355e+02, 9.000000000000000000e+02, 6.280000000000000000e+02, -9.628981483252715412e-01
1.961497600078582764e+02, 8.940000000000000000e+02, 6.320000000000000000e+02, -9.628981483252715412e-01
1.961816508769989014e+02, 8.940000000000000000e+02, 6.320000000000000000e+02, -9.628981483252715412e-01
1.962132086753845215e+02, 8.940000000000000000e+02, 6.330000000000000000e+02, -9.628981483252715412e-01
1.962461957931518555e+02, 8.940000000000000000e+02, 6.330000000000000000e+02, -9.613273519984766313e-01
1.962777967453002930e+02, 8.940000000000000000e+02, 6.330000000000000000e+02, -9.471901850573225534e-01
1.963106508255004883e+02, 8.960000000000000000e+02, 6.310000000000000000e+02, -8.780751466783472958e-01
1.963412699699401855e+02, 9.120000000000000000e+02, 6.130000000000000000e+02, -7.916813487046279185e-01
1.963738219738006592e+02, 9.340000000000000000e+02, 5.810000000000000000e+02, -7.571238295151401232e-01
1.964057447910308838e+02, 9.420000000000000000e+02, 5.680000000000000000e+02, -7.508406442079604837e-01
1.964380207061767578e+02, 9.450000000000000000e+02, 5.630000000000000000e+02, -7.508406442079604837e-01
1.964694976806640625e+02, 9.430000000000000000e+02, 5.680000000000000000e+02, -7.728317927830891110e-01
1.965013539791107178e+02, 9.420000000000000000e+02, 5.680000000000000000e+02, -7.853981633974482790e-01
1.965338659286499023e+02, 9.410000000000000000e+02, 5.700000000000000000e+02, -7.869689597242431889e-01
1.965659840106964111e+02, 9.440000000000000000e+02, 5.820000000000000000e+02, -7.759733854366789307e-01
1.965976567268371582e+02, 9.380000000000000000e+02, 5.760000000000000000e+02, -5.890486225480862092e-01
1.966297428607940674e+02, 9.550000000000000000e+02, 5.390000000000000000e+02, -4.476769531365454857e-01
1.966611547470092773e+02, 9.800000000000000000e+02, 4.560000000000000000e+02, -4.162610266006476212e-01
1.966932308673858643e+02, 9.860000000000000000e+02, 4.040000000000000000e+02, -4.162610266006476212e-01
1.967254788875579834e+02, 9.840000000000000000e+02, 3.870000000000000000e+02, -4.162610266006476212e-01
1.967576439380645752e+02, 9.850000000000000000e+02, 4.060000000000000000e+02, -4.162610266006476212e-01
1.967895438671112061e+02, 9.790000000000000000e+02, 4.560000000000000000e+02, -4.162610266006476212e-01
1.968216125965118408e+02, 9.790000000000000000e+02, 4.550000000000000000e+02, -4.209734155810322953e-01
1.968536546230316162e+02, 9.790000000000000000e+02, 4.560000000000000000e+02, -4.775220833456485514e-01
1.968854737281799316e+02, 9.800000000000000000e+02, 4.560000000000000000e+02, -5.089380098815464715e-01
1.969184749126434326e+02, 9.770000000000000000e+02, 4.720000000000000000e+02, -5.167919915155210209e-01
1.969498958587646484e+02, 9.740000000000000000e+02, 4.820000000000000000e+02, -4.963716392671873034e-01
1.969814767837524414e+02, 9.740000000000000000e+02, 4.850000000000000000e+02, -5.293583621298801889e-01
1.970133397579193115e+02, 9.750000000000000000e+02, 4.820000000000000000e+02, -5.513495107050087052e-01
1.970456457138061523e+02, 9.750000000000000000e+02, 4.860000000000000000e+02, -5.544911033585984139e-01
1.970771148204803467e+02, 9.710000000000000000e+02, 4.970000000000000000e+02, -5.544911033585984139e-01
1.971093528270721436e+02, 9.710000000000000000e+02, 4.970000000000000000e+02, -5.544911033585984139e-01
1.971415317058563232e+02, 9.700000000000000000e+02, 4.970000000000000000e+02, -5.544911033585984139e-01
1.971737868785858154e+02, 9.700000000000000000e+02, 4.960000000000000000e+02, -5.544911033585984139e-01
1.972108259201049805e+02, 9.690000000000000000e+02, 4.970000000000000000e+02, -2.434734306532089665e+00
1.972416539192199707e+02, 9.700000000000000000e+02, 4.970000000000000000e+02, -2.434734306532089665e+00
1.972749419212341309e+02, 9.670000000000000000e+02, 5.020000000000000000e+02, -2.434734306532089665e+00
1.973042039871215820e+02, 9.550000000000000000e+02, 5.340000000000000000e+02, -2.434734306532089665e+00
1.973354117870330811e+02, 9.340000000000000000e+02, 5.800000000000000000e+02, -2.434734306532089665e+00
1.973686058521270752e+02, 9.500000000000000000e+02, 5.500000000000000000e+02, -2.434734306532089665e+00
1.973995077610015869e+02, 9.630000000000000000e+02, 5.190000000000000000e+02, -2.434734306532089665e+00
1.974297668933868408e+02, 9.710000000000000000e+02, 4.890000000000000000e+02, -2.434734306532089665e+00
1.974637358188629150e+02, 9.750000000000000000e+02, 4.790000000000000000e+02, -2.434734306532089665e+00
1.974979987144470215e+02, 9.710000000000000000e+02, 4.930000000000000000e+02, -2.434734306532089665e+00
1.975296168327331543e+02, 9.590000000000000000e+02, 5.280000000000000000e+02, -2.434734306532089665e+00
1.975640749931335449e+02, 9.510000000000000000e+02, 5.480000000000000000e+02, -2.434734306532089665e+00
1.976093156337738037e+02, 9.470000000000000000e+02, 5.590000000000000000e+02, -2.434734306532089665e+00
1.976423988342285156e+02, 9.450000000000000000e+02, 5.630000000000000000e+02, -2.434734306532089665e+00
1.976732547283172607e+02, 9.390000000000000000e+02, 5.760000000000000000e+02, -2.434734306532089665e+00
1.977089378833770752e+02, 9.230000000000000000e+02, 5.980000000000000000e+02, -2.434734306532089665e+00
1.977361710071563721e+02, 8.920000000000000000e+02, 6.360000000000000000e+02, -2.434734306532089665e+00
1.977647979259490967e+02, 8.740000000000000000e+02, 6.510000000000000000e+02, -1.154535300194248881e+00
1.977992258071899414e+02, 8.630000000000000000e+02, 6.560000000000000000e+02, -1.204800782651685775e+00
1.978292989730834961e+02, 8.480000000000000000e+02, 6.610000000000000000e+02, -1.212654764285660214e+00
1.978614058494567871e+02, 8.270000000000000000e+02, 6.710000000000000000e+02, -1.212654764285660214e+00
1.978947739601135254e+02, 8.270000000000000000e+02, 6.720000000000000000e+02, -1.200088393671300935e+00
1.979257936477661133e+02, 8.270000000000000000e+02, 6.720000000000000000e+02, -1.112123799370786648e+00
1.979573628902435303e+02, 8.570000000000000000e+02, 6.610000000000000000e+02, -1.068141502220529837e+00
1.979892196655273438e+02, 8.770000000000000000e+02, 6.530000000000000000e+02, -1.061858316913350198e+00
1.980217936038970947e+02, 8.940000000000000000e+02, 6.370000000000000000e+02, -1.061858316913350198e+00
1.980543668270111084e+02, 8.930000000000000000e+02, 6.370000000000000000e+02, -1.055575131606170558e+00
1.980861198902130127e+02, 8.780000000000000000e+02, 6.490000000000000000e+02, -9.990264638415542464e-01
1.981182646751403809e+02, 8.770000000000000000e+02, 6.500000000000000000e+02, -9.314822217893735656e-01
1.981496927738189697e+02, 8.980000000000000000e+02, 6.300000000000000000e+02, -9.393362034233481150e-01
1.981813256740570068e+02, 9.120000000000000000e+02, 6.170000000000000000e+02, -9.503317777109123732e-01
1.982133996486663818e+02, 9.080000000000000000e+02, 6.200000000000000000e+02, -9.519025740377072831e-01
1.982453398704528809e+02, 9.020000000000000000e+02, 6.270000000000000000e+02, -9.519025740377072831e-01
1.982772789001464844e+02, 9.010000000000000000e+02, 6.280000000000000000e+02, -9.519025740377072831e-01
1.983098039627075195e+02, 9.010000000000000000e+02, 6.290000000000000000e+02, -9.519025740377072831e-01
1.983414137363433838e+02, 9.010000000000000000e+02, 6.300000000000000000e+02, -9.519025740377072831e-01
1.983734338283538818e+02, 9.010000000000000000e+02, 6.290000000000000000e+02, -9.519025740377072831e-01
1.984096977710723877e+02, 9.010000000000000000e+02, 6.280000000000000000e+02, -2.434734306532089665e+00
1.984418098926544189e+02, 9.010000000000000000e+02, 6.280000000000000000e+02, -2.434734306532089665e+00
1.984751758575439453e+02, 8.990000000000000000e+02, 6.300000000000000000e+02, -2.434734306532089665e+00
1.985055377483367920e+02, 8.830000000000000000e+02, 6.450000000000000000e+02, -2.434734306532089665e+00
1.985374116897583008e+02, 8.510000000000000000e+02, 6.610000000000000000e+02, -2.434734306532089665e+00
1.985729799270629883e+02, 8.430000000000000000e+02, 6.650000000000000000e+02, -2.434734306532089665e+00
1.986037018299102783e+02, 8.340000000000000000e+02, 6.670000000000000000e+02, -2.434734306532089665e+00
1.986218459606170654e+02, 8.470000000000000000e+02, 6.650000000000000000e+02, -2.434734306532089665e+00
1.986469576358795166e+02, 8.670000000000000000e+02, 6.570000000000000000e+02, -1.058716724259760378e+00
1.986776807308197021e+02, 8.700000000000000000e+02, 6.560000000000000000e+02, -1.028871594050657201e+00
1.987100279331207275e+02, 8.720000000000000000e+02, 6.540000000000000000e+02, -1.021017612416682763e+00
1.987411017417907715e+02, 8.770000000000000000e+02, 6.510000000000000000e+02, -1.021017612416682763e+00
1.987724337577819824e+02, 8.770000000000000000e+02, 6.500000000000000000e+02, -1.021017612416682763e+00
1.988085229396820068e+02, 8.790000000000000000e+02, 6.500000000000000000e+02, -2.434734306532089665e+00
1.988425216674804688e+02, 8.780000000000000000e+02, 6.500000000000000000e+02, -2.434734306532089665e+00
1.988762047290802002e+02, 8.770000000000000000e+02, 6.510000000000000000e+02, -2.434734306532089665e+00
1.989078097343444824e+02, 8.650000000000000000e+02, 6.570000000000000000e+02, -2.434734306532089665e+00
1.989377899169921875e+02, 8.360000000000000000e+02, 6.650000000000000000e+02, -2.434734306532089665e+00
1.989681918621063232e+02, 8.350000000000000000e+02, 6.690000000000000000e+02, -2.434734306532089665e+00
1.990011708736419678e+02, 8.600000000000000000e+02, 6.620000000000000000e+02, -2.434734306532089665e+00
1.990348598957061768e+02, 8.860000000000000000e+02, 6.440000000000000000e+02, -2.434734306532089665e+00
1.990639469623565674e+02, 8.990000000000000000e+02, 6.310000000000000000e+02, -2.434734306532089665e+00
1.991006898880004883e+02, 8.970000000000000000e+02, 6.330000000000000000e+02, -2.434734306532089665e+00
1.991303958892822266e+02, 9.180000000000000000e+02, 6.070000000000000000e+02, -2.434734306532089665e+00
1.991628618240356445e+02, 9.290000000000000000e+02, 5.930000000000000000e+02, -2.434734306532089665e+00
1.992114658355712891e+02, 9.240000000000000000e+02, 6.000000000000000000e+02, -2.434734306532089665e+00
1.992415039539337158e+02, 9.190000000000000000e+02, 6.060000000000000000e+02, -2.434734306532089665e+00
1.992751159667968750e+02, 9.110000000000000000e+02, 6.160000000000000000e+02, -2.434734306532089665e+00
1.993052296638488770e+02, 9.010000000000000000e+02, 6.300000000000000000e+02, -2.434734306532089665e+00
1.993378570079803467e+02, 9.160000000000000000e+02, 6.120000000000000000e+02, -2.434734306532089665e+00
1.993672230243682861e+02, 9.260000000000000000e+02, 5.990000000000000000e+02, -2.434734306532089665e+00
1.994014828205108643e+02, 9.250000000000000000e+02, 6.000000000000000000e+02, -2.434734306532089665e+00
1.994425280094146729e+02, 9.450000000000000000e+02, 5.690000000000000000e+02, -2.434734306532089665e+00
1.994633538722991943e+02, 9.530000000000000000e+02, 5.480000000000000000e+02, -2.434734306532089665e+00
1.994967527389526367e+02, 9.500000000000000000e+02, 5.570000000000000000e+02, -8.655087760639881278e-01
1.995256257057189941e+02, 9.430000000000000000e+02, 5.720000000000000000e+02, -9.173450548482194877e-01
1.995579698085784912e+02, 9.140000000000000000e+02, 6.150000000000000000e+02, -9.314822217893735656e-01
1.995893619060516357e+02, 9.060000000000000000e+02, 6.250000000000000000e+02, -9.314822217893735656e-01
1.996220059394836426e+02, 9.050000000000000000e+02, 6.250000000000000000e+02, -9.330530181161684755e-01
1.996553268432617188e+02, 9.060000000000000000e+02, 6.250000000000000000e+02, -9.361946107697582953e-01
1.996853299140930176e+02, 9.050000000000000000e+02, 6.260000000000000000e+02, -9.126326658678348691e-01
1.997172217369079590e+02, 9.040000000000000000e+02, 6.260000000000000000e+02, -8.969247025998858813e-01
1.997495098114013672e+02, 9.100000000000000000e+02, 6.210000000000000000e+02, -8.937831099462960616e-01
1.997822117805480957e+02, 9.110000000000000000e+02, 6.190000000000000000e+02, -8.796459430051422057e-01
1.998135678768157959e+02, 9.120000000000000000e+02, 6.190000000000000000e+02, -7.728317927830891110e-01
1.998451099395751953e+02, 9.350000000000000000e+02, 5.890000000000000000e+02, -6.597344572538564877e-01
1.998776218891143799e+02, 9.550000000000000000e+02, 5.470000000000000000e+02, -6.220353454107790947e-01
1.999092028141021729e+02, 9.630000000000000000e+02, 5.230000000000000000e+02, -6.094689747964199267e-01
1.999414527416229248e+02, 9.630000000000000000e+02, 5.260000000000000000e+02, -6.078981784696250168e-01
1.999734568595886230e+02, 9.620000000000000000e+02, 5.250000000000000000e+02, -6.063273821428301069e-01
2.000052747726440430e+02, 9.620000000000000000e+02, 5.250000000000000000e+02, -6.078981784696250168e-01
2.000374269485473633e+02, 9.630000000000000000e+02, 5.250000000000000000e+02, -6.094689747964199267e-01
2.000690758228302002e+02, 9.620000000000000000e+02, 5.250000000000000000e+02, -6.267477343911637133e-01
2.001013848781585693e+02, 9.620000000000000000e+02, 5.250000000000000000e+02, -6.361725123519331726e-01
2.001338107585906982e+02, 9.620000000000000000e+02, 5.250000000000000000e+02, -6.534512719466769592e-01
2.001660139560699463e+02, 9.610000000000000000e+02, 5.280000000000000000e+02, -8.262388678941156028e-01
2.001975138187408447e+02, 9.570000000000000000e+02, 5.360000000000000000e+02, -9.817477042468103487e-01
2.002291467189788818e+02, 9.400000000000000000e+02, 5.740000000000000000e+02, -1.072853891200914456e+00
2.002613167762756348e+02, 9.020000000000000000e+02, 6.290000000000000000e+02, -1.099557428756427591e+00
2.002931766510009766e+02, 8.680000000000000000e+02, 6.610000000000000000e+02, -1.102699021410017410e+00
2.003255448341369629e+02, 8.640000000000000000e+02, 6.630000000000000000e+02, -1.102699021410017410e+00
2.003575999736785889e+02, 8.630000000000000000e+02, 6.630000000000000000e+02, -1.102699021410017410e+00
2.003891577720642090e+02, 8.640000000000000000e+02, 6.630000000000000000e+02, -1.102699021410017410e+00
2.004219598770141602e+02, 8.640000000000000000e+02, 6.630000000000000000e+02, -1.091703447122452930e+00
2.004537837505340576e+02, 8.630000000000000000e+02, 6.630000000000000000e+02, -9.503317777109123732e-01
2.004850366115570068e+02, 8.830000000000000000e+02, 6.520000000000000000e+02, -9.330530181161684755e-01
2.005176408290863037e+02, 9.350000000000000000e+02, 5.890000000000000000e+02, -9.440485924037328447e-01
2.005500297546386719e+02, 9.570000000000000000e+02, 5.430000000000000000e+02, -9.456193887305276435e-01
2.005808057785034180e+02, 9.610000000000000000e+02, 5.300000000000000000e+02, -9.032078879070654098e-01
2.006129257678985596e+02, 9.550000000000000000e+02, 5.440000000000000000e+02, -8.796459430051422057e-01
2.006452279090881348e+02, 9.350000000000000000e+02, 5.860000000000000000e+02, -8.749335540247574761e-01
2.006772258281707764e+02, 9.210000000000000000e+02, 6.110000000000000000e+02, -8.733627576979625662e-01
2.007094929218292236e+02, 9.210000000000000000e+02, 6.130000000000000000e+02, -8.733627576979625662e-01
2.007411949634552002e+02, 9.200000000000000000e+02, 6.130000000000000000e+02, -8.733627576979625662e-01
2.007733118534088135e+02, 9.200000000000000000e+02, 6.120000000000000000e+02, -8.733627576979625662e-01
2.008053870201110840e+02, 9.210000000000000000e+02, 6.130000000000000000e+02, -8.733627576979625662e-01
2.008375086784362793e+02, 9.210000000000000000e+02, 6.120000000000000000e+02, -8.670795723907829267e-01
2.008694918155670166e+02, 9.200000000000000000e+02, 6.120000000000000000e+02, -7.995353303386023569e-01
2.009024248123168945e+02, 9.250000000000000000e+02, 6.000000000000000000e+02, -7.288494956328320784e-01
2.009336607456207275e+02, 9.420000000000000000e+02, 5.720000000000000000e+02, -7.571238295151401232e-01
2.009662656784057617e+02, 9.530000000000000000e+02, 5.470000000000000000e+02, -8.262388678941156028e-01
2.009976398944854736e+02, 9.500000000000000000e+02, 5.540000000000000000e+02, -8.859291283123216232e-01
2.010292296409606934e+02, 9.330000000000000000e+02, 5.870000000000000000e+02, -8.639379797371932179e-01
2.010604398250579834e+02, 9.180000000000000000e+02, 6.100000000000000000e+02, -8.435176274888595005e-01
2.010940139293670654e+02, 9.260000000000000000e+02, 6.040000000000000000e+02, -8.388052385084747709e-01
2.011255359649658203e+02, 9.230000000000000000e+02, 6.020000000000000000e+02, -8.435176274888595005e-01
2.011572577953338623e+02, 9.250000000000000000e+02, 6.010000000000000000e+02, -1.022588408743477784e+00
2.011891546249389648e+02, 9.220000000000000000e+02, 6.020000000000000000e+02, -1.157676892847838701e+00
2.012219088077545166e+02, 9.130000000000000000e+02, 6.200000000000000000e+02, -1.190663615710531698e+00
2.012535166740417480e+02, 8.840000000000000000e+02, 6.500000000000000000e+02, -1.206371578978480574e+00
2.012853717803955078e+02, 8.640000000000000000e+02, 6.620000000000000000e+02, -1.211083967958865193e+00
2.013174207210540771e+02, 8.350000000000000000e+02, 6.740000000000000000e+02, -1.211083967958865193e+00
2.013491678237915039e+02, 8.320000000000000000e+02, 6.750000000000000000e+02, -1.211083967958865193e+00
2.013813498020172119e+02, 8.330000000000000000e+02, 6.750000000000000000e+02, -1.211083967958865193e+00
2.014136309623718262e+02, 8.330000000000000000e+02, 6.750000000000000000e+02, -1.211083967958865193e+00
2.014458129405975342e+02, 8.330000000000000000e+02, 6.750000000000000000e+02, -1.201659189998095956e+00
2.014771866798400879e+02, 8.310000000000000000e+02, 6.720000000000000000e+02, -1.024159205070272582e+00
2.015093948841094971e+02, 8.390000000000000000e+02, 6.730000000000000000e+02, -7.885397560510380988e-01
2.015420958995819092e+02, 9.370000000000000000e+02, 5.910000000000000000e+02, -6.440264939859075000e-01
2.015740838050842285e+02, 9.640000000000000000e+02, 5.350000000000000000e+02, -6.283185307179586232e-01
2.016085228919982910e+02, 9.740000000000000000e+02, 5.030000000000000000e+02, -2.434734306532089665e+00
2.016430118083953857e+02, 9.740000000000000000e+02, 5.020000000000000000e+02, -2.434734306532089665e+00
2.016742358207702637e+02, 9.720000000000000000e+02, 5.110000000000000000e+02, -2.434734306532089665e+00
2.017035686969757080e+02, 9.790000000000000000e+02, 4.830000000000000000e+02, -2.434734306532089665e+00
2.017375948429107666e+02, 9.860000000000000000e+02, 4.540000000000000000e+02, -2.434734306532089665e+00
2.017664687633514404e+02, 9.910000000000000000e+02, 4.210000000000000000e+02, -2.434734306532089665e+00
2.018019518852233887e+02, 9.910000000000000000e+02, 3.860000000000000000e+02, -2.434734306532089665e+00
2.018327417373657227e+02, 9.890000000000000000e+02, 3.570000000000000000e+02, -2.434734306532089665e+00
2.018639988899230957e+02, 9.850000000000000000e+02, 3.250000000000000000e+02, -2.434734306532089665e+00
2.018998389244079590e+02, 9.760000000000000000e+02, 3.110000000000000000e+02, -2.434734306532089665e+00
2.019308657646179199e+02, 9.690000000000000000e+02, 3.280000000000000000e+02, -2.434734306532089665e+00
2.019630708694458008e+02, 9.660000000000000000e+02, 3.350000000000000000e+02, -2.434734306532089665e+00
2.020084717273712158e+02, 9.640000000000000000e+02, 3.130000000000000000e+02, -2.434734306532089665e+00
2.020419867038726807e+02, 9.630000000000000000e+02, 2.910000000000000000e+02, -2.434734306532089665e+00
2.020740957260131836e+02, 9.650000000000000000e+02, 2.980000000000000000e+02, -2.434734306532089665e+00
2.021096446514129639e+02, 9.660000000000000000e+02, 3.230000000000000000e+02, -2.434734306532089665e+00
2.021420998573303223e+02, 9.660000000000000000e+02, 3.400000000000000000e+02, -2.434734306532089665e+00
2.021682119369506836e+02, 9.740000000000000000e+02, 3.690000000000000000e+02, -2.434734306532089665e+00
2.022014436721801758e+02, 9.840000000000000000e+02, 3.960000000000000000e+02, -2.434734306532089665e+00
2.022293398380279541e+02, 9.890000000000000000e+02, 3.990000000000000000e+02, -2.434734306532089665e+00
2.022640137672424316e+02, 9.840000000000000000e+02, 3.740000000000000000e+02, -2.434734306532089665e+00
2.023021728992462158e+02, 9.830000000000000000e+02, 3.460000000000000000e+02, -2.434734306532089665e+00
2.023261990547180176e+02, 9.800000000000000000e+02, 3.340000000000000000e+02, -2.434734306532089665e+00
2.023601877689361572e+02, 9.780000000000000000e+02, 3.440000000000000000e+02, -2.309070600388497818e-01
2.023893330097198486e+02, 9.760000000000000000e+02, 3.530000000000000000e+02, -2.827433388230813915e-01
2.024224078655242920e+02, 9.760000000000000000e+02, 3.710000000000000000e+02, -3.063052837250048177e-01
2.024534277915954590e+02, 9.810000000000000000e+02, 4.010000000000000000e+02, -4.225442119078272052e-01
2.024854047298431396e+02, 9.860000000000000000e+02, 4.070000000000000000e+02, -5.309291584566750988e-01
2.025173478126525879e+02, 9.820000000000000000e+02, 4.430000000000000000e+02, -5.701990666265474017e-01
2.025492768287658691e+02, 9.720000000000000000e+02, 4.970000000000000000e+02, -5.749114556069321313e-01
2.025811488628387451e+02, 9.710000000000000000e+02, 5.050000000000000000e+02, -5.749114556069321313e-01
2.026143789291381836e+02, 9.720000000000000000e+02, 5.050000000000000000e+02, -5.749114556069321313e-01
2.026448607444763184e+02, 9.690000000000000000e+02, 5.050000000000000000e+02, -5.749114556069321313e-01
2.026768498420715332e+02, 9.700000000000000000e+02, 5.050000000000000000e+02, -5.749114556069321313e-01
2.027091577053070068e+02, 9.710000000000000000e+02, 5.040000000000000000e+02, -5.749114556069321313e-01
2.027409148216247559e+02, 9.710000000000000000e+02, 5.050000000000000000e+02, -5.749114556069321313e-01
2.027723958492279053e+02, 9.700000000000000000e+02, 5.040000000000000000e+02, -5.749114556069321313e-01
2.028054556846618652e+02, 9.700000000000000000e+02, 5.050000000000000000e+02, -2.434734306532089665e+00
2.028241746425628662e+02, 9.690000000000000000e+02, 5.040000000000000000e+02, -5.796238445873168610e-01
2.028531446456909180e+02, 9.700000000000000000e+02, 5.050000000000000000e+02, -6.204645490839841848e-01
2.028853378295898438e+02, 9.710000000000000000e+02, 5.050000000000000000e+02, -6.440264939859075000e-01
2.029174089431762695e+02, 9.660000000000000000e+02, 5.170000000000000000e+02, -6.455972903127024098e-01
2.029493429660797119e+02, 9.610000000000000000e+02, 5.310000000000000000e+02, -6.173229564303943651e-01
2.029818558692932129e+02, 9.600000000000000000e+02, 5.290000000000000000e+02, -6.078981784696250168e-01
2.030133728981018066e+02, 9.630000000000000000e+02, 5.200000000000000000e+02, -6.927211801165493732e-01
2.030452048778533936e+02, 9.620000000000000000e+02, 5.260000000000000000e+02, -7.806857744170635494e-01
2.030768969058990479e+02, 9.510000000000000000e+02, 5.530000000000000000e+02, -8.089601082993717052e-01
2.031092197895050049e+02, 9.360000000000000000e+02, 5.830000000000000000e+02, -8.136724972797564348e-01
2.031411116123199463e+02, 9.330000000000000000e+02, 5.870000000000000000e+02, -8.136724972797564348e-01
2.031734468936920166e+02, 9.320000000000000000e+02, 5.880000000000000000e+02, -8.136724972797564348e-01
2.032052798271179199e+02, 9.340000000000000000e+02, 5.880000000000000000e+02, -8.136724972797564348e-01
2.032380926609039307e+02, 9.330000000000000000e+02, 5.880000000000000000e+02, -8.026769229921921767e-01
2.032693676948547363e+02, 9.330000000000000000e+02, 5.880000000000000000e+02, -6.832964021557800249e-01
2.033023838996887207e+02, 9.410000000000000000e+02, 5.740000000000000000e+02, -6.267477343911637133e-01
2.033339347839355469e+02, 9.690000000000000000e+02, 5.090000000000000000e+02, -6.393141050055228813e-01
2.033655848503112793e+02, 9.780000000000000000e+02, 4.750000000000000000e+02, -7.052875507309085412e-01
2.033972489833831787e+02, 9.770000000000000000e+02, 4.750000000000000000e+02, -7.806857744170635494e-01
2.034287989139556885e+02, 9.690000000000000000e+02, 5.080000000000000000e+02, -8.513716091228339389e-01
2.034610629081726074e+02, 9.460000000000000000e+02, 5.690000000000000000e+02, -8.765043503515523859e-01
2.034929668903350830e+02, 9.250000000000000000e+02, 6.020000000000000000e+02, -8.796459430051422057e-01
2.035245578289031982e+02, 9.220000000000000000e+02, 6.060000000000000000e+02, -8.812167393319370046e-01
2.035572557449340820e+02, 9.200000000000000000e+02, 6.120000000000000000e+02, -8.812167393319370046e-01
2.035889658927917480e+02, 9.190000000000000000e+02, 6.110000000000000000e+02, -8.812167393319370046e-01
2.036222646236419678e+02, 9.200000000000000000e+02, 6.110000000000000000e+02, -9.016370915802704999e-01
2.036541357040405273e+02, 9.200000000000000000e+02, 6.110000000000000000e+02, -1.054004335279375759e+00
2.036850497722625732e+02, 9.140000000000000000e+02, 6.170000000000000000e+02, -1.173384856115787800e+00
2.037171258926391602e+02, 8.940000000000000000e+02, 6.400000000000000000e+02, -1.211083967958865193e+00
2.037490158081054688e+02, 8.790000000000000000e+02, 6.530000000000000000e+02, -1.214225560612455013e+00
2.037807798385620117e+02, 8.390000000000000000e+02, 6.720000000000000000e+02, -1.214225560612455013e+00
2.038135507106781006e+02, 8.350000000000000000e+02, 6.740000000000000000e+02, -1.214225560612455013e+00
2.038452999591827393e+02, 8.290000000000000000e+02, 6.750000000000000000e+02, -1.214225560612455013e+00
2.038766589164733887e+02, 8.290000000000000000e+02, 6.760000000000000000e+02, -1.214225560612455013e+00
2.039094228744506836e+02, 8.290000000000000000e+02, 6.760000000000000000e+02, -1.214225560612455013e+00
2.039410419464111328e+02, 8.300000000000000000e+02, 6.760000000000000000e+02, -1.214225560612455013e+00
2.039732737541198730e+02, 8.290000000000000000e+02, 6.760000000000000000e+02, -1.214225560612455013e+00
2.040092816352844238e+02, 8.290000000000000000e+02, 6.760000000000000000e+02, -2.434734306532089665e+00
2.040411620140075684e+02, 8.300000000000000000e+02, 6.760000000000000000e+02, -2.434734306532089665e+00
2.040747709274291992e+02, 8.300000000000000000e+02, 6.760000000000000000e+02, -2.434734306532089665e+00
2.041053698062896729e+02, 8.390000000000000000e+02, 6.730000000000000000e+02, -2.434734306532089665e+00
2.041342227458953857e+02, 8.620000000000000000e+02, 6.640000000000000000e+02, -2.434734306532089665e+00
2.041698868274688721e+02, 8.750000000000000000e+02, 6.570000000000000000e+02, -2.434734306532089665e+00
2.041902408599853516e+02, 8.750000000000000000e+02, 6.570000000000000000e+02, -2.434734306532089665e+00
2.042147629261016846e+02, 8.640000000000000000e+02, 6.620000000000000000e+02, -1.181238837749762238e+00
2.042449588775634766e+02, 8.540000000000000000e+02, 6.670000000000000000e+02, -1.162389281828223542e+00
2.042771687507629395e+02, 8.420000000000000000e+02, 6.710000000000000000e+02, -1.154535300194248881e+00
2.043091006278991699e+02, 8.500000000000000000e+02, 6.680000000000000000e+02, -1.154535300194248881e+00
2.043415176868438721e+02, 8.460000000000000000e+02, 6.700000000000000000e+02, -1.156106096521043902e+00
2.043730537891387939e+02, 8.470000000000000000e+02, 6.700000000000000000e+02, -1.190663615710531698e+00
2.044105458259582520e+02, 8.430000000000000000e+02, 6.710000000000000000e+02, -2.434734306532089665e+00
2.044420018196105957e+02, 8.340000000000000000e+02, 6.740000000000000000e+02, -2.434734306532089665e+00
2.044753098487854004e+02, 8.350000000000000000e+02, 6.740000000000000000e+02, -2.434734306532089665e+00
2.045075247287750244e+02, 8.540000000000000000e+02, 6.670000000000000000e+02, -2.434734306532089665e+00
2.045386128425598145e+02, 8.540000000000000000e+02, 6.670000000000000000e+02, -2.434734306532089665e+00
2.045687417984008789e+02, 8.440000000000000000e+02, 6.710000000000000000e+02, -2.434734306532089665e+00
2.045979487895965576e+02, 8.360000000000000000e+02, 6.740000000000000000e+02, -2.434734306532089665e+00
2.046327219009399414e+02, 8.330000000000000000e+02, 6.740000000000000000e+02, -2.434734306532089665e+00
2.046632456779479980e+02, 8.440000000000000000e+02, 6.710000000000000000e+02, -2.434734306532089665e+00
2.047022106647491455e+02, 8.690000000000000000e+02, 6.610000000000000000e+02, -2.434734306532089665e+00
2.047314686775207520e+02, 8.930000000000000000e+02, 6.430000000000000000e+02, -2.434734306532089665e+00
2.047621388435363770e+02, 9.070000000000000000e+02, 6.280000000000000000e+02, -2.434734306532089665e+00
2.048101818561553955e+02, 9.310000000000000000e+02, 5.970000000000000000e+02, -2.434734306532089665e+00
2.048422467708587646e+02, 9.410000000000000000e+02, 5.830000000000000000e+02, -2.434734306532089665e+00
2.048751678466796875e+02, 9.350000000000000000e+02, 5.920000000000000000e+02, -2.434734306532089665e+00
2.049076936244964600e+02, 9.420000000000000000e+02, 5.810000000000000000e+02, -2.434734306532089665e+00
2.049375398159027100e+02, 9.570000000000000000e+02, 5.510000000000000000e+02, -2.434734306532089665e+00
2.049693486690521240e+02, 9.560000000000000000e+02, 5.530000000000000000e+02, -2.434734306532089665e+00
2.050044736862182617e+02, 9.460000000000000000e+02, 5.750000000000000000e+02, -2.434734306532089665e+00
2.050293056964874268e+02, 9.400000000000000000e+02, 5.860000000000000000e+02, -2.434734306532089665e+00
2.050502417087554932e+02, 9.310000000000000000e+02, 5.990000000000000000e+02, -2.434734306532089665e+00
2.050790379047393799e+02, 9.050000000000000000e+02, 6.320000000000000000e+02, -9.534733703645021929e-01
2.051091828346252441e+02, 9.070000000000000000e+02, 6.300000000000000000e+02, -9.644689446520664511e-01
2.051417768001556396e+02, 9.040000000000000000e+02, 6.330000000000000000e+02, -9.597565556716818325e-01
2.051732528209686279e+02, 9.030000000000000000e+02, 6.340000000000000000e+02, -8.545132017764237586e-01
2.052052516937255859e+02, 9.060000000000000000e+02, 6.300000000000000000e+02, -2.434734306532089665e+00
2.052245619297027588e+02, 9.290000000000000000e+02, 6.030000000000000000e+02, -7.995353303386023569e-01
2.052532799243927002e+02, 9.550000000000000000e+02, 5.560000000000000000e+02, -8.890707209659113319e-01
2.052846527099609375e+02, 9.620000000000000000e+02, 5.390000000000000000e+02, -9.896016858807847871e-01
2.053174216747283936e+02, 9.610000000000000000e+02, 5.430000000000000000e+02, -1.033583983031042042e+00
2.053492259979248047e+02, 9.350000000000000000e+02, 5.940000000000000000e+02, -1.140398133253094803e+00
2.053811058998107910e+02, 8.900000000000000000e+02, 6.470000000000000000e+02, -1.192234412037326496e+00
2.054131226539611816e+02, 8.450000000000000000e+02, 6.680000000000000000e+02, -1.198517597344506136e+00
2.054450507164001465e+02, 8.380000000000000000e+02, 6.720000000000000000e+02, -1.173384856115787800e+00
2.054774096012115479e+02, 8.420000000000000000e+02, 6.700000000000000000e+02, -1.184380430403352058e+00
2.055089459419250488e+02, 8.490000000000000000e+02, 6.670000000000000000e+02, -1.167101670808608160e+00
2.055408549308776855e+02, 8.440000000000000000e+02, 6.680000000000000000e+02, -1.154535300194248881e+00
2.055727076530456543e+02, 8.500000000000000000e+02, 6.670000000000000000e+02, -1.154535300194248881e+00
2.056084816455841064e+02, 8.490000000000000000e+02, 6.670000000000000000e+02, -2.434734306532089665e+00
2.056414997577667236e+02, 8.480000000000000000e+02, 6.670000000000000000e+02, -2.434734306532089665e+00
2.056726317405700684e+02, 8.460000000000000000e+02, 6.680000000000000000e+02, -2.434734306532089665e+00
2.057068328857421875e+02, 8.390000000000000000e+02, 6.720000000000000000e+02, -2.434734306532089665e+00
2.057342016696929932e+02, 8.330000000000000000e+02, 6.740000000000000000e+02, -2.434734306532089665e+00
2.057509357929229736e+02, 8.330000000000000000e+02, 6.740000000000000000e+02, -1.206371578978480574e+00
2.057810249328613281e+02, 8.340000000000000000e+02, 6.750000000000000000e+02, -1.167101670808608160e+00
2.058129737377166748e+02, 8.330000000000000000e+02, 6.740000000000000000e+02, -1.149822911213864263e+00
2.058449189662933350e+02, 8.510000000000000000e+02, 6.660000000000000000e+02, -1.148252114887069464e+00
2.058768908977508545e+02, 8.550000000000000000e+02, 6.640000000000000000e+02, -1.148252114887069464e+00
2.059088947772979736e+02, 8.510000000000000000e+02, 6.670000000000000000e+02, -1.148252114887069464e+00
2.059408838748931885e+02, 8.500000000000000000e+02, 6.670000000000000000e+02, -1.148252114887069464e+00
2.059721827507019043e+02, 8.500000000000000000e+02, 6.670000000000000000e+02, -1.148252114887069464e+00
2.060051126480102539e+02, 8.510000000000000000e+02, 6.670000000000000000e+02, -2.434734306532089665e+00
2.060226318836212158e+02, 8.490000000000000000e+02, 6.670000000000000000e+02, -1.148252114887069464e+00
2.060530717372894287e+02, 8.500000000000000000e+02, 6.670000000000000000e+02, -1.152964503867454082e+00
2.060847716331481934e+02, 8.500000000000000000e+02, 6.670000000000000000e+02, -1.190663615710531698e+00
2.061176466941833496e+02, 8.480000000000000000e+02, 6.680000000000000000e+02, -1.204800782651685775e+00
2.061496329307556152e+02, 8.360000000000000000e+02, 6.730000000000000000e+02, -1.156106096521043902e+00
2.061825087070465088e+02, 8.410000000000000000e+02, 6.720000000000000000e+02, -1.083849465488478492e+00
2.062128136157989502e+02, 8.620000000000000000e+02, 6.610000000000000000e+02, -9.958848711879644267e-01
2.062447607517242432e+02, 8.890000000000000000e+02, 6.400000000000000000e+02, -9.613273519984766313e-01
2.062768609523773193e+02, 9.020000000000000000e+02, 6.280000000000000000e+02, -9.566149630180920127e-01
2.063088178634643555e+02, 9.110000000000000000e+02, 6.190000000000000000e+02, -9.566149630180920127e-01
2.063410367965698242e+02, 9.050000000000000000e+02, 6.270000000000000000e+02, -9.566149630180920127e-01
2.063728027343750000e+02, 9.040000000000000000e+02, 6.290000000000000000e+02, -9.566149630180920127e-01
2.064050827026367188e+02, 9.030000000000000000e+02, 6.300000000000000000e+02, -9.566149630180920127e-01
2.064377017021179199e+02, 9.030000000000000000e+02, 6.290000000000000000e+02, -9.707521299592460906e-01
2.064691507816314697e+02, 9.030000000000000000e+02, 6.300000000000000000e+02, -1.127831762638735746e+00
2.065019419193267822e+02, 8.990000000000000000e+02, 6.330000000000000000e+02, -1.201659189998095956e+00
2.065334868431091309e+02, 8.810000000000000000e+02, 6.480000000000000000e+02, -1.178097245096172418e+00
2.065646820068359375e+02, 8.480000000000000000e+02, 6.680000000000000000e+02, -1.123119373658350906e+00
2.065968158245086670e+02, 8.540000000000000000e+02, 6.660000000000000000e+02, -1.097986632429632570e+00
2.066291718482971191e+02, 8.640000000000000000e+02, 6.600000000000000000e+02, -1.096415836102837771e+00
2.066611456871032715e+02, 8.650000000000000000e+02, 6.600000000000000000e+02, -1.096415836102837771e+00
2.066928708553314209e+02, 8.630000000000000000e+02, 6.610000000000000000e+02, -1.096415836102837771e+00
2.067250068187713623e+02, 8.640000000000000000e+02, 6.610000000000000000e+02, -1.096415836102837771e+00
2.067569968700408936e+02, 8.640000000000000000e+02, 6.600000000000000000e+02, -1.096415836102837771e+00
2.067889797687530518e+02, 8.640000000000000000e+02, 6.600000000000000000e+02, -1.096415836102837771e+00
2.068212606906890869e+02, 8.640000000000000000e+02, 6.600000000000000000e+02, -1.093274243449247951e+00
2.068528697490692139e+02, 8.640000000000000000e+02, 6.600000000000000000e+02, -1.079137076508094095e+00
2.068847107887268066e+02, 8.640000000000000000e+02, 6.610000000000000000e+02, -1.069712298547324636e+00
2.069169499874114990e+02, 8.680000000000000000e+02, 6.580000000000000000e+02, -1.069712298547324636e+00
2.069489097595214844e+02, 8.700000000000000000e+02, 6.560000000000000000e+02, -1.069712298547324636e+00
2.069810869693756104e+02, 8.700000000000000000e+02, 6.560000000000000000e+02, -1.069712298547324636e+00
2.070129756927490234e+02, 8.690000000000000000e+02, 6.570000000000000000e+02, -1.069712298547324636e+00
2.070449798107147217e+02, 8.700000000000000000e+02, 6.560000000000000000e+02, -1.069712298547324636e+00
2.070771927833557129e+02, 8.690000000000000000e+02, 6.560000000000000000e+02, -1.069712298547324636e+00
2.071088688373565674e+02, 8.700000000000000000e+02, 6.560000000000000000e+02, -1.069712298547324636e+00
2.071409516334533691e+02, 8.690000000000000000e+02, 6.560000000000000000e+02, -1.069712298547324636e+00
2.071735386848449707e+02, 8.700000000000000000e+02, 6.560000000000000000e+02, -1.055575131606170558e+00
2.072086627483367920e+02, 8.700000000000000000e+02, 6.560000000000000000e+02, -2.434734306532089665e+00
2.072424907684326172e+02, 9.130000000000000000e+02, 6.140000000000000000e+02, -2.434734306532089665e+00
2.072738649845123291e+02, 9.390000000000000000e+02, 5.780000000000000000e+02, -2.434734306532089665e+00
2.073068590164184570e+02, 9.510000000000000000e+02, 5.500000000000000000e+02, -2.434734306532089665e+00
2.073362367153167725e+02, 9.640000000000000000e+02, 5.220000000000000000e+02, -2.434734306532089665e+00
2.073659138679504395e+02, 9.700000000000000000e+02, 5.070000000000000000e+02, -6.707300315414208569e-01
2.073969798088073730e+02, 9.690000000000000000e+02, 5.110000000000000000e+02, -7.319910882864217871e-01
2.074288640022277832e+02, 9.650000000000000000e+02, 5.220000000000000000e+02, -7.492698478811655738e-01
2.074618449211120605e+02, 9.520000000000000000e+02, 5.580000000000000000e+02, -7.555530331883452133e-01
2.074930739402770996e+02, 9.510000000000000000e+02, 5.600000000000000000e+02, -7.948229413582176273e-01
2.075258197784423828e+02, 9.450000000000000000e+02, 5.680000000000000000e+02, -7.853981633974482790e-01
2.075576667785644531e+02, 9.400000000000000000e+02, 5.850000000000000000e+02, -7.995353303386023569e-01
2.075897278785705566e+02, 9.390000000000000000e+02, 5.780000000000000000e+02, -7.759733854366789307e-01
2.076211597919464111e+02, 9.390000000000000000e+02, 5.790000000000000000e+02, -7.037167544041136313e-01
2.076527988910675049e+02, 9.400000000000000000e+02, 5.770000000000000000e+02, -6.723008278682157668e-01
2.076849188804626465e+02, 9.560000000000000000e+02, 5.410000000000000000e+02, -6.660176425610361273e-01
2.077169349193572998e+02, 9.620000000000000000e+02, 5.280000000000000000e+02, -6.660176425610361273e-01
2.077487387657165527e+02, 9.580000000000000000e+02, 5.360000000000000000e+02, -6.644468462342412174e-01
2.077807087898254395e+02, 9.580000000000000000e+02, 5.360000000000000000e+02, -6.660176425610361273e-01
2.078137958049774170e+02, 9.590000000000000000e+02, 5.350000000000000000e+02, -6.723008278682157668e-01
2.078453567028045654e+02, 9.590000000000000000e+02, 5.350000000000000000e+02, -7.586946258419350331e-01
2.078769907951354980e+02, 9.560000000000000000e+02, 5.410000000000000000e+02, -8.576547944300135784e-01
2.079090108871459961e+02, 9.400000000000000000e+02, 5.740000000000000000e+02, -8.482300164692442301e-01
2.079412488937377930e+02, 9.250000000000000000e+02, 5.980000000000000000e+02, -7.744025891098840209e-01
2.079729909896850586e+02, 9.440000000000000000e+02, 5.690000000000000000e+02, -7.775441817634738406e-01
2.080119538307189941e+02, 9.530000000000000000e+02, 5.480000000000000000e+02, -2.434734306532089665e+00
2.080415396690368652e+02, 9.500000000000000000e+02, 5.560000000000000000e+02, -2.434734306532089665e+00
2.080731437206268311e+02, 9.320000000000000000e+02, 5.900000000000000000e+02, -2.434734306532089665e+00
2.081061859130859375e+02, 9.180000000000000000e+02, 6.080000000000000000e+02, -2.434734306532089665e+00
2.081377677917480469e+02, 9.170000000000000000e+02, 6.110000000000000000e+02, -2.434734306532089665e+00
2.081549377441406250e+02, 9.120000000000000000e+02, 6.160000000000000000e+02, -2.434734306532089665e+00
2.081823270320892334e+02, 8.900000000000000000e+02, 6.400000000000000000e+02, -1.146681318560274443e+00
2.082131116390228271e+02, 8.730000000000000000e+02, 6.540000000000000000e+02, -1.203229986324890755e+00
2.082448568344116211e+02, 8.540000000000000000e+02, 6.660000000000000000e+02, -1.212654764285660214e+00
2.082777037620544434e+02, 8.330000000000000000e+02, 6.740000000000000000e+02, -1.212654764285660214e+00
2.083087017536163330e+02, 8.310000000000000000e+02, 6.750000000000000000e+02, -1.212654764285660214e+00
2.083406007289886475e+02, 8.310000000000000000e+02, 6.750000000000000000e+02, -1.212654764285660214e+00
2.083738868236541748e+02, 8.310000000000000000e+02, 6.760000000000000000e+02, -1.212654764285660214e+00
2.084122266769409180e+02, 8.310000000000000000e+02, 6.750000000000000000e+02, -2.434734306532089665e+00
2.084404947757720947e+02, 8.310000000000000000e+02, 6.750000000000000000e+02, -2.434734306532089665e+00
2.084750037193298340e+02, 8.320000000000000000e+02, 6.740000000000000000e+02, -2.434734306532089665e+00
2.085064277648925781e+02, 8.360000000000000000e+02, 6.730000000000000000e+02, -2.434734306532089665e+00
2.085383329391479492e+02, 8.520000000000000000e+02, 6.640000000000000000e+02, -2.434734306532089665e+00
2.085692877769470215e+02, 8.530000000000000000e+02, 6.640000000000000000e+02, -2.434734306532089665e+00
2.085986816883087158e+02, 8.610000000000000000e+02, 6.590000000000000000e+02, -2.434734306532089665e+00
2.086345868110656738e+02, 8.730000000000000000e+02, 6.500000000000000000e+02, -2.434734306532089665e+00
2.086521096229553223e+02, 8.710000000000000000e+02, 6.510000000000000000e+02, -2.434734306532089665e+00
2.086784539222717285e+02, 8.620000000000000000e+02, 6.580000000000000000e+02, -1.176526448769377620e+00
2.087088539600372314e+02, 8.540000000000000000e+02, 6.630000000000000000e+02, -1.192234412037326496e+00
2.087407369613647461e+02, 8.420000000000000000e+02, 6.690000000000000000e+02, -1.195376004690916316e+00
2.087728817462921143e+02, 8.350000000000000000e+02, 6.710000000000000000e+02, -1.195376004690916316e+00
2.088090598583221436e+02, 8.350000000000000000e+02, 6.710000000000000000e+02, -2.434734306532089665e+00
2.088440577983856201e+02, 8.360000000000000000e+02, 6.710000000000000000e+02, -2.434734306532089665e+00
2.088747537136077881e+02, 8.340000000000000000e+02, 6.710000000000000000e+02, -2.434734306532089665e+00
2.089049086570739746e+02, 8.330000000000000000e+02, 6.720000000000000000e+02, -2.434734306532089665e+00
2.089354529380798340e+02, 8.310000000000000000e+02, 6.730000000000000000e+02, -2.434734306532089665e+00
2.089706459045410156e+02, 8.310000000000000000e+02, 6.720000000000000000e+02, -2.434734306532089665e+00
2.089985918998718262e+02, 8.370000000000000000e+02, 6.700000000000000000e+02, -2.434734306532089665e+00
2.090348238945007324e+02, 8.510000000000000000e+02, 6.660000000000000000e+02, -2.434734306532089665e+00
2.090643458366394043e+02, 8.480000000000000000e+02, 6.660000000000000000e+02, -2.434734306532089665e+00
2.090985016822814941e+02, 8.420000000000000000e+02, 6.690000000000000000e+02, -2.434734306532089665e+00
2.091162228584289551e+02, 8.520000000000000000e+02, 6.630000000000000000e+02, -2.434734306532089665e+00
2.091430537700653076e+02, 8.720000000000000000e+02, 6.520000000000000000e+02, -9.833185005736052586e-01
2.091727898120880127e+02, 8.870000000000000000e+02, 6.410000000000000000e+02, -9.314822217893735656e-01
2.092048749923706055e+02, 8.970000000000000000e+02, 6.320000000000000000e+02, -9.173450548482194877e-01
2.092376487255096436e+02, 9.070000000000000000e+02, 6.210000000000000000e+02, -9.063494805606552296e-01
2.092698857784271240e+02, 9.070000000000000000e+02, 6.200000000000000000e+02, -8.152432936065513447e-01
2.093020048141479492e+02, 9.200000000000000000e+02, 6.030000000000000000e+02, -7.084291433844983610e-01
2.093329317569732666e+02, 9.420000000000000000e+02, 5.680000000000000000e+02, -6.314601233715484430e-01
2.093653669357299805e+02, 9.550000000000000000e+02, 5.330000000000000000e+02, -5.592034923389831436e-01
2.093968677520751953e+02, 9.650000000000000000e+02, 5.090000000000000000e+02, -4.790928796724434613e-01
2.094284636974334717e+02, 9.690000000000000000e+02, 4.970000000000000000e+02, -4.508185457901352500e-01
2.094609308242797852e+02, 9.780000000000000000e+02, 4.620000000000000000e+02, -4.476769531365454857e-01
2.094927978515625000e+02, 9.790000000000000000e+02, 4.580000000000000000e+02, -4.476769531365454857e-01
2.095247139930725098e+02, 9.780000000000000000e+02, 4.620000000000000000e+02, -4.476769531365454857e-01
2.095565197467803955e+02, 9.780000000000000000e+02, 4.630000000000000000e+02, -4.476769531365454857e-01
2.095886957645416260e+02, 9.790000000000000000e+02, 4.630000000000000000e+02, -4.476769531365454857e-01
2.096208567619323730e+02, 9.790000000000000000e+02, 4.630000000000000000e+02, -4.382521751757761930e-01
2.096529417037963867e+02, 9.780000000000000000e+02, 4.640000000000000000e+02, -3.518583772020568157e-01
2.096860249042510986e+02, 9.820000000000000000e+02, 4.480000000000000000e+02, -3.534291735288517255e-01
2.097170197963714600e+02, 9.850000000000000000e+02, 4.090000000000000000e+02, -3.330088212805180636e-01
2.097488617897033691e+02, 9.850000000000000000e+02, 4.030000000000000000e+02, -3.251548396465435697e-01
2.097806746959686279e+02, 9.830000000000000000e+02, 4.140000000000000000e+02, -3.235840433197486599e-01
2.098127977848052979e+02, 9.850000000000000000e+02, 4.210000000000000000e+02, -3.235840433197486599e-01
2.098457417488098145e+02, 9.840000000000000000e+02, 4.210000000000000000e+02, -3.110176727053895473e-01
2.098769416809082031e+02, 9.850000000000000000e+02, 4.210000000000000000e+02, -1.492256510455151619e-01
2.099094467163085938e+02, 9.860000000000000000e+02, 3.770000000000000000e+02, 3.141592653589793307e-03
2.099408457279205322e+02, 9.770000000000000000e+02, 3.140000000000000000e+02, -6.283185307179586614e-03
2.099740488529205322e+02, 9.650000000000000000e+02, 2.860000000000000000e+02, -5.497787143782138786e-02
2.100122427940368652e+02, 9.550000000000000000e+02, 2.890000000000000000e+02, -2.434734306532089665e+00
2.100415916442871094e+02, 9.460000000000000000e+02, 3.210000000000000000e+02, -2.434734306532089665e+00
2.100741078853607178e+02, 9.390000000000000000e+02, 3.200000000000000000e+02, -2.434734306532089665e+00
2.101074848175048828e+02, 9.320000000000000000e+02, 3.240000000000000000e+02, -2.434734306532089665e+00
2.101352138519287109e+02, 9.250000000000000000e+02, 3.360000000000000000e+02, -2.434734306532089665e+00
2.101649856567382812e+02, 9.210000000000000000e+02, 3.360000000000000000e+02, -1.680752069670539417e-01
2.101972808837890625e+02, 9.190000000000000000e+02, 3.370000000000000000e+02, -2.246238747316701978e-01
2.102289428710937500e+02, 9.170000000000000000e+02, 3.600000000000000000e+02, -2.874557278034660657e-01
2.102609357833862305e+02, 9.210000000000000000e+02, 3.750000000000000000e+02, -3.424335992412874674e-01
2.102929799556732178e+02, 9.270000000000000000e+02, 3.970000000000000000e+02, -3.141592653589793116e-01
2.103247790336608887e+02, 9.430000000000000000e+02, 4.080000000000000000e+02, -2.638937829015426395e-01
2.103566546440124512e+02, 9.700000000000000000e+02, 3.990000000000000000e+02, -2.827433388230813915e-01
2.103886947631835938e+02, 9.730000000000000000e+02, 3.900000000000000000e+02, -2.937389131106456497e-01
2.104208357334136963e+02, 9.690000000000000000e+02, 3.960000000000000000e+02, -2.937389131106456497e-01
2.104528529644012451e+02, 9.690000000000000000e+02, 3.960000000000000000e+02, -2.968805057642354694e-01
2.104855847358703613e+02, 9.800000000000000000e+02, 3.980000000000000000e+02, -3.314380249537231538e-01
2.105173287391662598e+02, 9.810000000000000000e+02, 3.990000000000000000e+02, -3.895574890451343197e-01
2.105500478744506836e+02, 9.790000000000000000e+02, 4.200000000000000000e+02, -3.848451000647496456e-01
2.105811917781829834e+02, 9.780000000000000000e+02, 4.320000000000000000e+02, -4.068362486398782174e-01
2.106132497787475586e+02, 9.780000000000000000e+02, 4.320000000000000000e+02, -3.707079331235955677e-01
2.106449928283691406e+02, 9.760000000000000000e+02, 4.390000000000000000e+02, -3.125884690321844572e-01
2.106769337654113770e+02, 9.780000000000000000e+02, 4.130000000000000000e+02, -3.298672286269282439e-01
2.107089819908142090e+02, 9.780000000000000000e+02, 4.000000000000000000e+02, -3.440043955680823218e-01
2.107409086227416992e+02, 9.760000000000000000e+02, 4.000000000000000000e+02, -3.455751918948772317e-01
2.107729997634887695e+02, 9.760000000000000000e+02, 4.130000000000000000e+02, -3.455751918948772317e-01
2.108050417900085449e+02, 9.770000000000000000e+02, 4.150000000000000000e+02, -3.471459882216721415e-01
2.108371949195861816e+02, 9.770000000000000000e+02, 4.150000000000000000e+02, -3.628539514896211293e-01
2.108688397407531738e+02, 9.770000000000000000e+02, 4.160000000000000000e+02, -5.434955290710341558e-01
2.109011919498443604e+02, 9.740000000000000000e+02, 4.240000000000000000e+02, -7.162831250184729104e-01
2.109327337741851807e+02, 9.680000000000000000e+02, 4.640000000000000000e+02, -8.262388678941156028e-01
2.109644286632537842e+02, 9.610000000000000000e+02, 4.940000000000000000e+02, -8.623671834103983080e-01
2.109964957237243652e+02, 9.280000000000000000e+02, 5.720000000000000000e+02, -8.686503687175778365e-01
2.110286619663238525e+02, 9.170000000000000000e+02, 5.920000000000000000e+02, -8.686503687175778365e-01
2.110603599548339844e+02, 9.150000000000000000e+02, 5.960000000000000000e+02, -8.686503687175778365e-01
2.110927517414093018e+02, 9.140000000000000000e+02, 5.960000000000000000e+02, -8.686503687175778365e-01
2.111249167919158936e+02, 9.150000000000000000e+02, 5.940000000000000000e+02, -8.686503687175778365e-01
2.111566178798675537e+02, 9.140000000000000000e+02, 5.940000000000000000e+02, -8.686503687175778365e-01
2.111899747848510742e+02, 9.150000000000000000e+02, 5.950000000000000000e+02, -8.576547944300135784e-01
2.112219707965850830e+02, 9.150000000000000000e+02, 5.960000000000000000e+02, -7.476990515543707749e-01
2.112525308132171631e+02, 9.200000000000000000e+02, 5.820000000000000000e+02, -7.445574589007809552e-01
2.112850890159606934e+02, 9.400000000000000000e+02, 5.480000000000000000e+02, -7.508406442079604837e-01
2.113169248104095459e+02, 9.560000000000000000e+02, 5.050000000000000000e+02, -7.539822368615503034e-01
2.113486728668212891e+02, 9.620000000000000000e+02, 4.920000000000000000e+02, -7.539822368615503034e-01
2.113807487487792969e+02, 9.550000000000000000e+02, 5.060000000000000000e+02, -7.571238295151401232e-01
2.114128718376159668e+02, 9.380000000000000000e+02, 5.510000000000000000e+02, -7.602654221687299430e-01
2.114447789192199707e+02, 9.370000000000000000e+02, 5.580000000000000000e+02, -7.602654221687299430e-01
2.114766526222229004e+02, 9.360000000000000000e+02, 5.640000000000000000e+02, -7.602654221687299430e-01
2.115088136196136475e+02, 9.350000000000000000e+02, 5.630000000000000000e+02, -7.744025891098840209e-01
2.115416748523712158e+02, 9.350000000000000000e+02, 5.640000000000000000e+02, -9.409069997501430249e-01
2.115739645957946777e+02, 9.260000000000000000e+02, 5.780000000000000000e+02, -1.054004335279375759e+00
2.116048099994659424e+02, 9.150000000000000000e+02, 5.930000000000000000e+02, -1.035154779357836841e+00
2.116365246772766113e+02, 9.020000000000000000e+02, 6.130000000000000000e+02, -1.014734427109503123e+00
2.116688849925994873e+02, 8.700000000000000000e+02, 6.440000000000000000e+02, -1.010022038129118505e+00
2.117009589672088623e+02, 8.840000000000000000e+02, 6.300000000000000000e+02, -1.008451241802323706e+00
2.117332606315612793e+02, 8.760000000000000000e+02, 6.390000000000000000e+02, -1.002168056495144066e+00
2.117648148536682129e+02, 8.760000000000000000e+02, 6.390000000000000000e+02, -9.346238144429633854e-01
2.117978508472442627e+02, 8.900000000000000000e+02, 6.250000000000000000e+02, -8.513716091228339389e-01
2.118286299705505371e+02, 9.140000000000000000e+02, 5.970000000000000000e+02, -8.592255907568084883e-01
2.118606226444244385e+02, 9.250000000000000000e+02, 5.820000000000000000e+02, -8.733627576979625662e-01
2.118926537036895752e+02, 9.300000000000000000e+02, 5.720000000000000000e+02, -8.765043503515523859e-01
2.119246997833251953e+02, 9.240000000000000000e+02, 5.840000000000000000e+02, -8.780751466783472958e-01
2.119560778141021729e+02, 9.140000000000000000e+02, 5.990000000000000000e+02, -8.796459430051422057e-01
2.119886956214904785e+02, 9.120000000000000000e+02, 6.020000000000000000e+02, -8.812167393319370046e-01
2.120216038227081299e+02, 9.120000000000000000e+02, 6.010000000000000000e+02, -8.969247025998858813e-01
2.120540478229522705e+02, 9.130000000000000000e+02, 6.010000000000000000e+02, -1.027300797723862402e+00
2.120849347114562988e+02, 9.070000000000000000e+02, 6.070000000000000000e+02, -1.050862742625785939e+00
2.121168739795684814e+02, 8.980000000000000000e+02, 6.160000000000000000e+02, -1.049291946298990919e+00
2.121486608982086182e+02, 8.710000000000000000e+02, 6.420000000000000000e+02, -1.049291946298990919e+00
2.121806199550628662e+02, 8.700000000000000000e+02, 6.450000000000000000e+02, -1.049291946298990919e+00
2.122126958370208740e+02, 8.670000000000000000e+02, 6.470000000000000000e+02, -1.049291946298990919e+00
2.122453398704528809e+02, 8.670000000000000000e+02, 6.480000000000000000e+02, -1.046150353645401099e+00
2.122764708995819092e+02, 8.670000000000000000e+02, 6.480000000000000000e+02, -9.723229262860410005e-01
2.123097536563873291e+02, 8.690000000000000000e+02, 6.450000000000000000e+02, -9.330530181161684755e-01
2.123417437076568604e+02, 9.060000000000000000e+02, 6.090000000000000000e+02, -9.377654070965532052e-01
2.123727917671203613e+02, 9.050000000000000000e+02, 6.100000000000000000e+02, -9.126326658678348691e-01
2.124082558155059814e+02, 9.040000000000000000e+02, 6.090000000000000000e+02, -2.434734306532089665e+00
2.124419608116149902e+02, 9.090000000000000000e+02, 6.050000000000000000e+02, -2.434734306532089665e+00
2.124712309837341309e+02, 8.970000000000000000e+02, 6.180000000000000000e+02, -2.434734306532089665e+00
2.125057280063629150e+02, 8.700000000000000000e+02, 6.440000000000000000e+02, -2.434734306532089665e+00
2.125235877037048340e+02, 8.500000000000000000e+02, 6.550000000000000000e+02, -2.434734306532089665e+00
2.125509097576141357e+02, 8.330000000000000000e+02, 6.630000000000000000e+02, -1.145110522233479644e+00
2.125806307792663574e+02, 8.330000000000000000e+02, 6.650000000000000000e+02, -1.101128225083222389e+00
2.126125528812408447e+02, 8.440000000000000000e+02, 6.590000000000000000e+02, -1.088561854468863332e+00
2.126452648639678955e+02, 8.690000000000000000e+02, 6.470000000000000000e+02, -1.086991058142068312e+00
2.126768839359283447e+02, 8.710000000000000000e+02, 6.430000000000000000e+02, -1.086991058142068312e+00
2.127088897228240967e+02, 8.560000000000000000e+02, 6.530000000000000000e+02, -1.086991058142068312e+00
2.127402570247650146e+02, 8.570000000000000000e+02, 6.530000000000000000e+02, -1.036725575684631862e+00
2.127733118534088135e+02, 8.710000000000000000e+02, 6.440000000000000000e+02, -1.013163630782708324e+00
2.128115158081054688e+02, 8.810000000000000000e+02, 6.350000000000000000e+02, -2.434734306532089665e+00
2.128429329395294189e+02, 8.770000000000000000e+02, 6.400000000000000000e+02, -2.434734306532089665e+00
2.128748648166656494e+02, 8.760000000000000000e+02, 6.400000000000000000e+02, -2.434734306532089665e+00
2.129046728610992432e+02, 8.670000000000000000e+02, 6.470000000000000000e+02, -2.434734306532089665e+00
2.129338157176971436e+02, 8.880000000000000000e+02, 6.270000000000000000e+02, -2.434734306532089665e+00
2.129533808231353760e+02, 9.000000000000000000e+02, 6.160000000000000000e+02, -2.434734306532089665e+00
2.129823057651519775e+02, 9.250000000000000000e+02, 5.800000000000000000e+02, -6.895795874629595534e-01
2.130128409862518311e+02, 9.360000000000000000e+02, 5.580000000000000000e+02, -6.251769380643689145e-01
2.130443198680877686e+02, 9.450000000000000000e+02, 5.380000000000000000e+02, -6.110397711232147255e-01
2.130767288208007812e+02, 9.550000000000000000e+02, 5.170000000000000000e+02, -6.047565858160351970e-01
2.131089506149291992e+02, 9.540000000000000000e+02, 5.200000000000000000e+02, -5.403539364174443360e-01
2.131412799358367920e+02, 9.620000000000000000e+02, 4.970000000000000000e+02, -5.482079180514188854e-01
2.131729359626770020e+02, 9.650000000000000000e+02, 4.840000000000000000e+02, -5.293583621298801889e-01
2.132127549648284912e+02, 9.630000000000000000e+02, 4.940000000000000000e+02, -2.434734306532089665e+00
2.132422866821289062e+02, 9.640000000000000000e+02, 4.930000000000000000e+02, -2.434734306532089665e+00
2.132739849090576172e+02, 9.640000000000000000e+02, 4.970000000000000000e+02, -2.434734306532089665e+00
2.133048419952392578e+02, 9.660000000000000000e+02, 4.870000000000000000e+02, -2.434734306532089665e+00
2.133372578620910645e+02, 9.600000000000000000e+02, 5.020000000000000000e+02, -2.434734306532089665e+00
2.133682768344879150e+02, 9.540000000000000000e+02, 5.200000000000000000e+02, -2.434734306532089665e+00
2.133972568511962891e+02, 9.630000000000000000e+02, 4.960000000000000000e+02, -2.434734306532089665e+00
2.134172747135162354e+02, 9.670000000000000000e+02, 4.750000000000000000e+02, -2.434734306532089665e+00
2.134462878704071045e+02, 9.710000000000000000e+02, 4.560000000000000000e+02, -3.314380249537231538e-01
2.134767496585845947e+02, 9.740000000000000000e+02, 4.400000000000000000e+02, -2.701769682087221680e-01
2.135083787441253662e+02, 9.770000000000000000e+02, 4.220000000000000000e+02, -2.591813939211579654e-01
2.135409748554229736e+02, 9.780000000000000000e+02, 4.010000000000000000e+02, -2.481858196335936517e-01
2.135723466873168945e+02, 9.790000000000000000e+02, 3.990000000000000000e+02, -9.896016858807848982e-02
2.136083028316497803e+02, 9.780000000000000000e+02, 3.880000000000000000e+02, -2.434734306532089665e+00
2.136407837867736816e+02, 9.630000000000000000e+02, 2.950000000000000000e+02, -2.434734306532089665e+00
2.136714258193969727e+02, 9.530000000000000000e+02, 2.700000000000000000e+02, -2.434734306532089665e+00
2.137056939601898193e+02, 9.430000000000000000e+02, 2.750000000000000000e+02, -2.434734306532089665e+00
2.137380127906799316e+02, 9.310000000000000000e+02, 3.010000000000000000e+02, -2.434734306532089665e+00
2.137682838439941406e+02, 9.160000000000000000e+02, 3.050000000000000000e+02, -2.434734306532089665e+00
2.138004927635192871e+02, 9.040000000000000000e+02, 3.210000000000000000e+02, -2.434734306532089665e+00
2.138298838138580322e+02, 8.940000000000000000e+02, 3.180000000000000000e+02, -2.434734306532089665e+00
2.138509519100189209e+02, 8.890000000000000000e+02, 3.060000000000000000e+02, -2.434734306532089665e+00
2.138787577152252197e+02, 8.780000000000000000e+02, 2.770000000000000000e+02, 1.853539665617977839e-01
2.139088418483734131e+02, 8.710000000000000000e+02, 2.630000000000000000e+02, 1.790707812546182276e-01
2.139410228729248047e+02, 8.530000000000000000e+02, 2.500000000000000000e+02, 1.319468914507713198e-01
2.139731667041778564e+02, 8.380000000000000000e+02, 2.620000000000000000e+02, 1.507964473723100718e-01
2.140051786899566650e+02, 8.300000000000000000e+02, 2.800000000000000000e+02, -2.434734306532089665e+00
2.140420448780059814e+02, 8.010000000000000000e+02, 2.840000000000000000e+02, -2.434734306532089665e+00
2.140745208263397217e+02, 7.770000000000000000e+02, 2.890000000000000000e+02, -2.434734306532089665e+00
2.141066317558288574e+02, 7.560000000000000000e+02, 2.930000000000000000e+02, -2.434734306532089665e+00
2.141390819549560547e+02, 7.270000000000000000e+02, 2.990000000000000000e+02, -2.434734306532089665e+00
2.141709938049316406e+02, 6.950000000000000000e+02, 3.080000000000000000e+02, -2.434734306532089665e+00
2.142010257244110107e+02, 6.590000000000000000e+02, 3.110000000000000000e+02, -2.434734306532089665e+00
2.142312829494476318e+02, 6.250000000000000000e+02, 3.100000000000000000e+02, -2.434734306532089665e+00
2.142653996944427490e+02, 5.940000000000000000e+02, 3.110000000000000000e+02, -2.434734306532089665e+00
2.142978727817535400e+02, 5.700000000000000000e+02, 3.080000000000000000e+02, -2.434734306532089665e+00
2.143324489593505859e+02, 5.430000000000000000e+02, 2.970000000000000000e+02, -2.434734306532089665e+00
2.143642797470092773e+02, 5.180000000000000000e+02, 2.920000000000000000e+02, -2.434734306532089665e+00
2.144096026420593262e+02, 4.940000000000000000e+02, 2.920000000000000000e+02, -2.434734306532089665e+00
2.144422957897186279e+02, 4.710000000000000000e+02, 3.030000000000000000e+02, -2.434734306532089665e+00
2.144740936756134033e+02, 4.520000000000000000e+02, 3.150000000000000000e+02, -2.434734306532089665e+00
2.145071506500244141e+02, 4.320000000000000000e+02, 3.240000000000000000e+02, -2.434734306532089665e+00
2.145383617877960205e+02, 4.080000000000000000e+02, 3.170000000000000000e+02, -2.434734306532089665e+00
2.145694348812103271e+02, 3.830000000000000000e+02, 3.070000000000000000e+02, -2.434734306532089665e+00
2.146013329029083252e+02, 3.550000000000000000e+02, 3.110000000000000000e+02, -2.434734306532089665e+00
2.146302218437194824e+02, 3.260000000000000000e+02, 3.200000000000000000e+02, -2.434734306532089665e+00
2.146632738113403320e+02, 2.940000000000000000e+02, 2.990000000000000000e+02, -2.434734306532089665e+00
2.146806159019470215e+02, 2.770000000000000000e+02, 2.850000000000000000e+02, -2.434734306532089665e+00
2.147098040580749512e+02, 2.830000000000000000e+02, 2.850000000000000000e+02, -8.325220532012951591e-02
2.147404956817626953e+02, 2.880000000000000000e+02, 2.910000000000000000e+02, -1.445132620651304878e-01
2.147722418308258057e+02, 2.900000000000000000e+02, 2.680000000000000000e+02, -1.602212253330794478e-01
2.148087928295135498e+02, 2.920000000000000000e+02, 2.410000000000000000e+02, -2.434734306532089665e+00
2.148411917686462402e+02, 2.940000000000000000e+02, 2.490000000000000000e+02, -2.434734306532089665e+00
2.148749487400054932e+02, 3.030000000000000000e+02, 2.420000000000000000e+02, -2.434734306532089665e+00
2.149060018062591553e+02, 3.180000000000000000e+02, 2.210000000000000000e+02, -2.434734306532089665e+00
2.149392917156219482e+02, 3.420000000000000000e+02, 1.950000000000000000e+02, -2.434734306532089665e+00
2.149658329486846924e+02, 3.640000000000000000e+02, 2.020000000000000000e+02, -2.434734306532089665e+00
2.150014069080352783e+02, 3.870000000000000000e+02, 2.390000000000000000e+02, -2.434734306532089665e+00
2.150341608524322510e+02, 4.150000000000000000e+02, 2.490000000000000000e+02, -2.434734306532089665e+00
2.150507106781005859e+02, 4.300000000000000000e+02, 2.560000000000000000e+02, -2.434734306532089665e+00
2.150783808231353760e+02, 4.590000000000000000e+02, 2.810000000000000000e+02, -6.283185307179586614e-03
2.151081976890563965e+02, 4.730000000000000000e+02, 2.960000000000000000e+02, 6.126105674500096493e-02
2.151404206752777100e+02, 4.870000000000000000e+02, 3.110000000000000000e+02, 7.853981633974482790e-02
2.151723678112030029e+02, 5.180000000000000000e+02, 3.220000000000000000e+02, 7.853981633974482790e-02
2.152049326896667480e+02, 5.410000000000000000e+02, 3.200000000000000000e+02, -2.434734306532089665e+00
2.152226018905639648e+02, 5.580000000000000000e+02, 3.160000000000000000e+02, 6.283185307179586787e-02
2.152537407875061035e+02, 5.850000000000000000e+02, 3.110000000000000000e+02, -5.497787143782138786e-02
2.152859468460083008e+02, 6.100000000000000000e+02, 3.100000000000000000e+02, -1.539380400258998638e-01
2.153166096210479736e+02, 6.340000000000000000e+02, 3.150000000000000000e+02, -1.492256510455151619e-01
2.153490707874298096e+02, 6.520000000000000000e+02, 3.190000000000000000e+02, -1.617920216598743299e-01
2.153807878494262695e+02, 6.790000000000000000e+02, 3.210000000000000000e+02, -1.429424657383355779e-01
2.154129889011383057e+02, 7.140000000000000000e+02, 3.220000000000000000e+02, -1.759291886010284078e-01
2.154440438747406006e+02, 7.480000000000000000e+02, 3.240000000000000000e+02, -2.324778563656446917e-01
2.154765129089355469e+02, 7.860000000000000000e+02, 3.350000000000000000e+02, -2.544690049407732357e-01
2.155079398155212402e+02, 8.060000000000000000e+02, 3.420000000000000000e+02, -2.576105975943630555e-01
2.155431518554687500e+02, 8.510000000000000000e+02, 3.540000000000000000e+02, -2.576105975943630555e-01
2.155723209381103516e+02, 9.000000000000000000e+02, 3.710000000000000000e+02, -2.576105975943630555e-01
2.156046667098999023e+02, 9.440000000000000000e+02, 3.820000000000000000e+02, -2.576105975943630555e-01
2.156364958286285400e+02, 9.690000000000000000e+02, 3.860000000000000000e+02, -2.434734306532089776e-01
2.156692228317260742e+02, 9.810000000000000000e+02, 3.880000000000000000e+02, -6.126105674500096493e-02
2.157004148960113525e+02, 9.900000000000000000e+02, 3.820000000000000000e+02, 1.303760951239764099e-01
2.157330176830291748e+02, 9.760000000000000000e+02, 2.880000000000000000e+02, 2.748893571891068976e-01
2.157646138668060303e+02, 9.450000000000000000e+02, 2.150000000000000000e+02, 3.707079331235955677e-01
2.157963628768920898e+02, 9.120000000000000000e+02, 1.760000000000000000e+02, 4.382521751757761930e-01
2.158282749652862549e+02, 8.800000000000000000e+02, 1.720000000000000000e+02, 4.571017310973148895e-01
2.158604757785797119e+02, 8.630000000000000000e+02, 1.800000000000000000e+02, 4.602433237509046537e-01
2.158921017646789551e+02, 8.240000000000000000e+02, 2.040000000000000000e+02, 4.586725274241097439e-01
2.159250528812408447e+02, 7.730000000000000000e+02, 2.350000000000000000e+02, 4.586725274241097439e-01
2.159564447402954102e+02, 7.200000000000000000e+02, 2.700000000000000000e+02, 4.571017310973148895e-01
2.159893357753753662e+02, 6.350000000000000000e+02, 3.000000000000000000e+02, 4.382521751757761930e-01
2.160207839012145996e+02, 6.000000000000000000e+02, 3.120000000000000000e+02, 3.754203221039802418e-01
2.160528309345245361e+02, 5.220000000000000000e+02, 3.410000000000000000e+02, 3.801327110843649715e-01
2.160855298042297363e+02, 4.350000000000000000e+02, 3.740000000000000000e+02, 3.408628029144925575e-01
2.161173009872436523e+02, 3.430000000000000000e+02, 4.080000000000000000e+02, 3.644247478164160392e-01
2.161484129428863525e+02, 2.620000000000000000e+02, 4.200000000000000000e+02, 4.162610266006476212e-01
2.161805009841918945e+02, 2.740000000000000000e+02, 4.190000000000000000e+02, 4.382521751757761930e-01
2.162121689319610596e+02, 2.850000000000000000e+02, 4.290000000000000000e+02, 4.413937678293659572e-01
2.162441658973693848e+02, 2.670000000000000000e+02, 4.450000000000000000e+02, 4.413937678293659572e-01
2.162766268253326416e+02, 2.550000000000000000e+02, 4.520000000000000000e+02, 4.413937678293659572e-01
2.163088357448577881e+02, 2.590000000000000000e+02, 4.560000000000000000e+02, 4.476769531365454857e-01
2.163409669399261475e+02, 2.540000000000000000e+02, 4.570000000000000000e+02, 5.560618996853933238e-01
2.163732159137725830e+02, 2.560000000000000000e+02, 4.580000000000000000e+02, 6.141813637768045453e-01
2.164047548770904541e+02, 2.600000000000000000e+02, 4.880000000000000000e+02, -2.434734306532089665e+00
2.164235949516296387e+02, 2.670000000000000000e+02, 5.120000000000000000e+02, 6.346017160251382627e-01
2.164531788825988770e+02, 2.700000000000000000e+02, 5.230000000000000000e+02, 6.597344572538564877e-01
2.164857919216156006e+02, 2.720000000000000000e+02, 5.280000000000000000e+02, 6.298893270447535331e-01
2.165168819427490234e+02, 2.740000000000000000e+02, 5.350000000000000000e+02, 6.503096792930871395e-01
2.165492789745330811e+02, 2.690000000000000000e+02, 5.220000000000000000e+02, 7.131415323648830906e-01
2.165806117057800293e+02, 2.740000000000000000e+02, 5.360000000000000000e+02, 7.916813487046279185e-01
2.166120986938476562e+02, 2.900000000000000000e+02, 5.690000000000000000e+02, 8.812167393319370046e-01
2.166442255973815918e+02, 3.050000000000000000e+02, 5.920000000000000000e+02, 9.142034621946297790e-01
2.166764338016510010e+02, 3.180000000000000000e+02, 6.090000000000000000e+02, 9.189158511750143976e-01
2.167084028720855713e+02, 3.230000000000000000e+02, 6.160000000000000000e+02, 9.204866475018093075e-01
2.167406227588653564e+02, 3.240000000000000000e+02, 6.170000000000000000e+02, 9.189158511750143976e-01
2.167725808620452881e+02, 3.250000000000000000e+02, 6.180000000000000000e+02, 9.189158511750143976e-01
2.168116526603698730e+02, 3.250000000000000000e+02, 6.180000000000000000e+02, -2.434734306532089665e+00
2.168451089859008789e+02, 3.250000000000000000e+02, 6.180000000000000000e+02, -2.434734306532089665e+00
2.168758797645568848e+02, 3.270000000000000000e+02, 6.200000000000000000e+02, -2.434734306532089665e+00
2.169024558067321777e+02, 3.380000000000000000e+02, 6.320000000000000000e+02, -2.434734306532089665e+00
2.169340007305145264e+02, 3.380000000000000000e+02, 6.310000000000000000e+02, 1.054004335279375759e+00
2.169642219543457031e+02, 3.420000000000000000e+02, 6.360000000000000000e+02, 1.096415836102837771e+00
2.169964027404785156e+02, 3.510000000000000000e+02, 6.440000000000000000e+02, 1.102699021410017410e+00
2.170287747383117676e+02, 3.770000000000000000e+02, 6.610000000000000000e+02, 9.958848711879644267e-01
2.170611069202423096e+02, 3.540000000000000000e+02, 6.460000000000000000e+02, 8.969247025998858813e-01
2.170926277637481689e+02, 3.230000000000000000e+02, 6.090000000000000000e+02, 9.173450548482194877e-01
2.171246128082275391e+02, 3.160000000000000000e+02, 6.000000000000000000e+02, 9.393362034233481150e-01
2.171559429168701172e+02, 3.160000000000000000e+02, 6.000000000000000000e+02, 9.471901850573225534e-01
2.171886026859283447e+02, 3.310000000000000000e+02, 6.210000000000000000e+02, 9.519025740377072831e-01
2.172206408977508545e+02, 3.360000000000000000e+02, 6.270000000000000000e+02, 9.550441666912971028e-01
2.172536447048187256e+02, 3.370000000000000000e+02, 6.280000000000000000e+02, 1.000597260168349045e+00
2.172844898700714111e+02, 3.400000000000000000e+02, 6.300000000000000000e+02, 1.050862742625785939e+00
2.173170688152313232e+02, 3.550000000000000000e+02, 6.470000000000000000e+02, 1.021017612416682763e+00
2.173491048812866211e+02, 3.620000000000000000e+02, 6.540000000000000000e+02, 9.676105373056562708e-01
2.173803267478942871e+02, 3.560000000000000000e+02, 6.480000000000000000e+02, 9.974556675147593365e-01
2.174121828079223633e+02, 3.370000000000000000e+02, 6.270000000000000000e+02, 1.017876019763092943e+00
2.174442780017852783e+02, 3.350000000000000000e+02, 6.240000000000000000e+02, 1.024159205070272582e+00
2.174763379096984863e+02, 3.460000000000000000e+02, 6.370000000000000000e+02, 1.028871594050657201e+00
2.175082476139068604e+02, 3.550000000000000000e+02, 6.470000000000000000e+02, 1.028871594050657201e+00
2.175403788089752197e+02, 3.570000000000000000e+02, 6.490000000000000000e+02, 1.028871594050657201e+00
2.175723967552185059e+02, 3.570000000000000000e+02, 6.490000000000000000e+02, 1.027300797723862402e+00
2.176102709770202637e+02, 3.570000000000000000e+02, 6.490000000000000000e+02, -2.434734306532089665e+00
2.176421036720275879e+02, 3.550000000000000000e+02, 6.470000000000000000e+02, -2.434734306532089665e+00
2.176745867729187012e+02, 3.430000000000000000e+02, 6.340000000000000000e+02, -2.434734306532089665e+00
2.177082917690277100e+02, 3.240000000000000000e+02, 6.100000000000000000e+02, -2.434734306532089665e+00
2.177340967655181885e+02, 3.240000000000000000e+02, 6.100000000000000000e+02, -2.434734306532089665e+00
2.177651467323303223e+02, 3.390000000000000000e+02, 6.290000000000000000e+02, 1.203229986324890755e+00
2.177966268062591553e+02, 3.520000000000000000e+02, 6.440000000000000000e+02, 1.239358301841173349e+00
2.178285398483276367e+02, 3.910000000000000000e+02, 6.680000000000000000e+02, 1.239358301841173349e+00
2.178602747917175293e+02, 4.080000000000000000e+02, 6.740000000000000000e+02, 1.239358301841173349e+00
2.178929007053375244e+02, 4.120000000000000000e+02, 6.760000000000000000e+02, 1.229933523880404111e+00
2.179253518581390381e+02, 4.120000000000000000e+02, 6.760000000000000000e+02, 1.229933523880404111e+00
2.179563000202178955e+02, 4.120000000000000000e+02, 6.760000000000000000e+02, 1.207942375305275373e+00
2.179881238937377930e+02, 4.110000000000000000e+02, 6.760000000000000000e+02, 1.229933523880404111e+00
2.180205109119415283e+02, 4.110000000000000000e+02, 6.750000000000000000e+02, 1.236216709187583751e+00
2.180521767139434814e+02, 4.120000000000000000e+02, 6.760000000000000000e+02, 1.236216709187583751e+00
2.180842659473419189e+02, 4.120000000000000000e+02, 6.760000000000000000e+02, 1.236216709187583751e+00
2.181165187358856201e+02, 4.120000000000000000e+02, 6.760000000000000000e+02, 1.229933523880404111e+00
2.181494498252868652e+02, 4.130000000000000000e+02, 6.760000000000000000e+02, 1.185951226730146857e+00
2.181804118156433105e+02, 4.090000000000000000e+02, 6.750000000000000000e+02, 1.212654764285660214e+00
2.182131948471069336e+02, 4.020000000000000000e+02, 6.720000000000000000e+02, 1.187522023056941878e+00
2.182451188564300537e+02, 4.080000000000000000e+02, 6.750000000000000000e+02, 1.137256540599504984e+00
2.182764618396759033e+02, 3.900000000000000000e+02, 6.670000000000000000e+02, 1.148252114887069464e+00
2.183081538677215576e+02, 3.800000000000000000e+02, 6.630000000000000000e+02, 1.113694595697581669e+00
2.183404827117919922e+02, 3.820000000000000000e+02, 6.640000000000000000e+02, 1.093274243449247951e+00
2.183725147247314453e+02, 3.770000000000000000e+02, 6.610000000000000000e+02, 1.088561854468863332e+00
2.184040858745574951e+02, 3.770000000000000000e+02, 6.610000000000000000e+02, 1.086991058142068312e+00
2.184369988441467285e+02, 3.770000000000000000e+02, 6.600000000000000000e+02, 1.086991058142068312e+00
2.184680256843566895e+02, 3.770000000000000000e+02, 6.610000000000000000e+02, 1.086991058142068312e+00
2.185008399486541748e+02, 3.770000000000000000e+02, 6.610000000000000000e+02, 1.090132650795658131e+00
2.185323598384857178e+02, 3.770000000000000000e+02, 6.610000000000000000e+02, 1.129402558965530545e+00
2.185640776157379150e+02, 3.780000000000000000e+02, 6.610000000000000000e+02, 1.196946801017711115e+00
2.185967009067535400e+02, 3.900000000000000000e+02, 6.670000000000000000e+02, 1.168672467135402959e+00
2.186283688545227051e+02, 4.070000000000000000e+02, 6.740000000000000000e+02, 1.082278669161683693e+00
2.186597440242767334e+02, 3.950000000000000000e+02, 6.690000000000000000e+02, 1.044579557318606300e+00
2.186923477649688721e+02, 3.620000000000000000e+02, 6.520000000000000000e+02, 1.039867168338221681e+00
2.187244727611541748e+02, 3.530000000000000000e+02, 6.440000000000000000e+02, 1.038296372011426660e+00
2.187561118602752686e+02, 3.590000000000000000e+02, 6.490000000000000000e+02, 1.038296372011426660e+00
2.187884128093719482e+02, 3.630000000000000000e+02, 6.520000000000000000e+02, 1.036725575684631862e+00
2.188204357624053955e+02, 3.630000000000000000e+02, 6.520000000000000000e+02, 1.032013186704247021e+00
2.188519899845123291e+02, 3.630000000000000000e+02, 6.520000000000000000e+02, 9.786061115932205290e-01
2.188838088512420654e+02, 3.630000000000000000e+02, 6.520000000000000000e+02, 9.534733703645021929e-01
2.189163687229156494e+02, 3.460000000000000000e+02, 6.370000000000000000e+02, 9.487609813841174633e-01
2.189480638504028320e+02, 3.410000000000000000e+02, 6.320000000000000000e+02, 9.487609813841174633e-01
2.189803678989410400e+02, 3.410000000000000000e+02, 6.300000000000000000e+02, 9.487609813841174633e-01
2.190143768787384033e+02, 3.410000000000000000e+02, 6.310000000000000000e+02, 9.487609813841174633e-01
2.190444469451904297e+02, 3.410000000000000000e+02, 6.310000000000000000e+02, 9.409069997501430249e-01
2.190764517784118652e+02, 3.410000000000000000e+02, 6.310000000000000000e+02, 8.199556825869360743e-01
2.191082448959350586e+02, 3.150000000000000000e+02, 5.980000000000000000e+02, 6.974335690969341028e-01
2.191415579319000244e+02, 2.990000000000000000e+02, 5.730000000000000000e+02, 6.660176425610361273e-01
2.191722879409790039e+02, 2.810000000000000000e+02, 5.330000000000000000e+02, 7.744025891098840209e-01
2.192090778350830078e+02, 2.790000000000000000e+02, 5.270000000000000000e+02, -2.434734306532089665e+00
2.192422587871551514e+02, 2.880000000000000000e+02, 5.500000000000000000e+02, -2.434734306532089665e+00
2.192690627574920654e+02, 3.120000000000000000e+02, 5.930000000000000000e+02, -2.434734306532089665e+00
2.192876567840576172e+02, 3.260000000000000000e+02, 6.140000000000000000e+02, 9.456193887305276435e-01
2.193191177845001221e+02, 3.210000000000000000e+02, 6.070000000000000000e+02, 1.027300797723862402e+00
2.193477649688720703e+02, 3.200000000000000000e+02, 6.050000000000000000e+02, 1.057145927932965357e+00
2.193813157081604004e+02, 3.280000000000000000e+02, 6.160000000000000000e+02, 1.066570705893734816e+00
2.194124317169189453e+02, 3.500000000000000000e+02, 6.420000000000000000e+02, 1.071283094874119435e+00
2.194441866874694824e+02, 3.700000000000000000e+02, 6.570000000000000000e+02, 1.156106096521043902e+00
2.194765276908874512e+02, 3.750000000000000000e+02, 6.590000000000000000e+02, 1.159247689174633722e+00
2.195090229511260986e+02, 3.930000000000000000e+02, 6.660000000000000000e+02, 1.187522023056941878e+00
2.195406258106231689e+02, 4.030000000000000000e+02, 6.700000000000000000e+02, 1.222079542246429451e+00
2.195718607902526855e+02, 4.080000000000000000e+02, 6.720000000000000000e+02, 1.187522023056941878e+00
2.196079227924346924e+02, 4.140000000000000000e+02, 6.740000000000000000e+02, -2.434734306532089665e+00
2.196393280029296875e+02, 4.030000000000000000e+02, 6.710000000000000000e+02, -2.434734306532089665e+00
2.196756458282470703e+02, 4.030000000000000000e+02, 6.710000000000000000e+02, -2.434734306532089665e+00
2.197044899463653564e+02, 3.850000000000000000e+02, 6.650000000000000000e+02, -2.434734306532089665e+00
2.197215178012847900e+02, 3.720000000000000000e+02, 6.590000000000000000e+02, -2.434734306532089665e+00
2.197496457099914551e+02, 3.430000000000000000e+02, 6.360000000000000000e+02, 1.058716724259760378e+00
2.197805550098419189e+02, 3.340000000000000000e+02, 6.250000000000000000e+02, 1.118406984677966287e+00
2.198129436969757080e+02, 3.300000000000000000e+02, 6.200000000000000000e+02, 1.096415836102837771e+00
2.198444600105285645e+02, 3.390000000000000000e+02, 6.310000000000000000e+02, 1.116836188351171488e+00
2.198771858215332031e+02, 3.620000000000000000e+02, 6.540000000000000000e+02, 1.198517597344506136e+00
2.199081909656524658e+02, 4.040000000000000000e+02, 6.730000000000000000e+02, 1.236216709187583751e+00
2.199403007030487061e+02, 4.080000000000000000e+02, 6.760000000000000000e+02, 1.239358301841173349e+00
2.199723827838897705e+02, 4.080000000000000000e+02, 6.750000000000000000e+02, 1.239358301841173349e+00
2.200091199874877930e+02, 4.170000000000000000e+02, 6.800000000000000000e+02, -2.434734306532089665e+00
2.200466008186340332e+02, 4.160000000000000000e+02, 6.790000000000000000e+02, -2.434734306532089665e+00
2.200737638473510742e+02, 4.160000000000000000e+02, 6.790000000000000000e+02, -2.434734306532089665e+00
2.200950846672058105e+02, 4.160000000000000000e+02, 6.790000000000000000e+02, -2.434734306532089665e+00
2.201111888885498047e+02, 4.170000000000000000e+02, 6.790000000000000000e+02, 1.168672467135402959e+00
2.201482276916503906e+02, 4.160000000000000000e+02, 6.790000000000000000e+02, 1.071283094874119435e+00
2.201809139251708984e+02, 3.670000000000000000e+02, 6.610000000000000000e+02, 1.033583983031042042e+00
2.202120540142059326e+02, 3.430000000000000000e+02, 6.390000000000000000e+02, 9.283406291357838569e-01
2.202439486980438232e+02, 3.400000000000000000e+02, 6.340000000000000000e+02, 8.796459430051422057e-01
2.202758548259735107e+02, 3.320000000000000000e+02, 6.230000000000000000e+02, 8.717919613711676563e-01
2.203080828189849854e+02, 3.210000000000000000e+02, 6.090000000000000000e+02, 8.702211650443727464e-01
2.203419127464294434e+02, 3.230000000000000000e+02, 6.110000000000000000e+02, 8.702211650443727464e-01
2.203721218109130859e+02, 3.220000000000000000e+02, 6.110000000000000000e+02, 8.702211650443727464e-01
2.204067938327789307e+02, 3.230000000000000000e+02, 6.110000000000000000e+02, -2.434734306532089665e+00
2.204409086704254150e+02, 3.220000000000000000e+02, 6.110000000000000000e+02, -2.434734306532089665e+00
2.204776709079742432e+02, 3.260000000000000000e+02, 6.160000000000000000e+02, -2.434734306532089665e+00
2.205041477680206299e+02, 3.420000000000000000e+02, 6.370000000000000000e+02, -2.434734306532089665e+00
2.205369198322296143e+02, 3.730000000000000000e+02, 6.630000000000000000e+02, -2.434734306532089665e+00
2.205673038959503174e+02, 3.620000000000000000e+02, 6.590000000000000000e+02, -2.434734306532089665e+00
2.206003148555755615e+02, 3.620000000000000000e+02, 6.580000000000000000e+02, -2.434734306532089665e+00
2.206307368278503418e+02, 3.560000000000000000e+02, 6.530000000000000000e+02, -2.434734306532089665e+00
2.206646587848663330e+02, 3.310000000000000000e+02, 6.240000000000000000e+02, -2.434734306532089665e+00
2.206829388141632080e+02, 3.210000000000000000e+02, 6.100000000000000000e+02, -2.434734306532089665e+00
2.207105526924133301e+02, 3.100000000000000000e+02, 5.910000000000000000e+02, 7.052875507309085412e-01
2.207415947914123535e+02, 2.940000000000000000e+02, 5.650000000000000000e+02, 6.393141050055228813e-01
2.207719266414642334e+02, 2.830000000000000000e+02, 5.430000000000000000e+02, 6.251769380643689145e-01
2.208039398193359375e+02, 2.750000000000000000e+02, 5.220000000000000000e+02, 6.236061417375740046e-01
2.208359868526458740e+02, 2.760000000000000000e+02, 5.230000000000000000e+02, 6.236061417375740046e-01
2.208698906898498535e+02, 2.780000000000000000e+02, 5.290000000000000000e+02, 6.236061417375740046e-01
2.208999979496002197e+02, 2.780000000000000000e+02, 5.290000000000000000e+02, 6.236061417375740046e-01
2.209318118095397949e+02, 2.780000000000000000e+02, 5.300000000000000000e+02, 6.236061417375740046e-01
2.209639768600463867e+02, 2.780000000000000000e+02, 5.290000000000000000e+02, 6.236061417375740046e-01
2.209971208572387695e+02, 2.790000000000000000e+02, 5.290000000000000000e+02, 6.157521601035994552e-01
2.210299057960510254e+02, 2.790000000000000000e+02, 5.290000000000000000e+02, 4.382521751757761930e-01
2.210600776672363281e+02, 2.780000000000000000e+02, 5.270000000000000000e+02, 3.031636910714150535e-01
2.210927948951721191e+02, 2.580000000000000000e+02, 4.500000000000000000e+02, 2.686061718819273136e-01
2.211250748634338379e+02, 2.550000000000000000e+02, 3.910000000000000000e+02, 2.544690049407732357e-01
2.211564788818359375e+02, 2.550000000000000000e+02, 3.700000000000000000e+02, 1.335176877775662296e-01
2.211884589195251465e+02, 2.560000000000000000e+02, 3.580000000000000000e+02, 2.356194490192344698e-02
2.212202680110931396e+02, 2.590000000000000000e+02, 3.280000000000000000e+02, -6.440264939859076387e-02
2.212519307136535645e+02, 2.640000000000000000e+02, 3.070000000000000000e+02, -9.424777960769378793e-02
2.212842888832092285e+02, 2.720000000000000000e+02, 2.870000000000000000e+02, -9.738937226128357993e-02
2.213174798488616943e+02, 2.750000000000000000e+02, 2.700000000000000000e+02, -9.738937226128357993e-02
2.213480808734893799e+02, 2.770000000000000000e+02, 2.740000000000000000e+02, -9.738937226128357993e-02
2.213801987171173096e+02, 2.820000000000000000e+02, 2.750000000000000000e+02, -9.738937226128357993e-02
2.214125077724456787e+02, 2.850000000000000000e+02, 2.740000000000000000e+02, -9.267698328089889193e-02
2.214453167915344238e+02, 2.940000000000000000e+02, 2.760000000000000000e+02, -4.712388980384689396e-02
2.214765026569366455e+02, 3.020000000000000000e+02, 2.780000000000000000e+02, 1.413716694115406750e-02
2.215079817771911621e+02, 3.090000000000000000e+02, 2.990000000000000000e+02, -6.283185307179586614e-03
2.215401787757873535e+02, 3.120000000000000000e+02, 3.040000000000000000e+02, -1.727875959474385950e-02
2.215721538066864014e+02, 3.200000000000000000e+02, 3.050000000000000000e+02, -1.727875959474385950e-02
2.216040740013122559e+02, 3.260000000000000000e+02, 3.050000000000000000e+02, -1.727875959474385950e-02
2.216366016864776611e+02, 3.280000000000000000e+02, 3.050000000000000000e+02, -1.884955592153875897e-02
2.216682229042053223e+02, 3.370000000000000000e+02, 3.050000000000000000e+02, -5.026548245743669291e-02
2.217015647888183594e+02, 3.410000000000000000e+02, 3.010000000000000000e+02, -2.984513020910303446e-02
2.217319948673248291e+02, 3.430000000000000000e+02, 2.950000000000000000e+02, -6.126105674500096493e-02
2.217638988494873047e+02, 3.470000000000000000e+02, 2.950000000000000000e+02, -7.853981633974482790e-02
2.217960419654846191e+02, 3.510000000000000000e+02, 2.940000000000000000e+02, -8.011061266653972390e-02
2.218279747962951660e+02, 3.580000000000000000e+02, 2.880000000000000000e+02, -8.011061266653972390e-02
2.218600409030914307e+02, 3.640000000000000000e+02, 2.890000000000000000e+02, -8.011061266653972390e-02
2.218919088840484619e+02, 3.730000000000000000e+02, 2.890000000000000000e+02, -7.853981633974482790e-02
2.219249148368835449e+02, 3.820000000000000000e+02, 2.890000000000000000e+02, -6.440264939859076387e-02
2.219564137458801270e+02, 3.970000000000000000e+02, 2.910000000000000000e+02, 1.146681318560274360e-01
2.219887778759002686e+02, 4.080000000000000000e+02, 3.020000000000000000e+02, 3.282964323001333895e-01
2.220201048851013184e+02, 4.130000000000000000e+02, 3.210000000000000000e+02, 4.665265090580842378e-01
2.220516626834869385e+02, 4.180000000000000000e+02, 3.480000000000000000e+02, 5.010840282475720331e-01
2.220839388370513916e+02, 4.180000000000000000e+02, 3.930000000000000000e+02, 5.042256209011618528e-01
2.221164638996124268e+02, 4.050000000000000000e+02, 4.100000000000000000e+02, 5.042256209011618528e-01
2.221481478214263916e+02, 3.790000000000000000e+02, 4.240000000000000000e+02, 5.010840282475720331e-01
2.221803429126739502e+02, 3.230000000000000000e+02, 4.520000000000000000e+02, 4.555309347705199796e-01
2.222126238346099854e+02, 2.990000000000000000e+02, 4.640000000000000000e+02, 4.319689898685966090e-01
2.222447118759155273e+02, 2.680000000000000000e+02, 4.530000000000000000e+02, 4.225442119078272052e-01
2.222764699459075928e+02, 2.680000000000000000e+02, 4.550000000000000000e+02, 3.832743037379547357e-01
2.223085348606109619e+02, 2.560000000000000000e+02, 4.450000000000000000e+02, 4.115486376202628915e-01
2.223409006595611572e+02, 2.550000000000000000e+02, 4.390000000000000000e+02, 4.680973053848791476e-01
2.223722298145294189e+02, 2.570000000000000000e+02, 4.480000000000000000e+02, 4.555309347705199796e-01
2.224097957611083984e+02, 2.620000000000000000e+02, 4.710000000000000000e+02, -2.434734306532089665e+00
2.224420418739318848e+02, 2.600000000000000000e+02, 4.660000000000000000e+02, -2.434734306532089665e+00
2.224722156524658203e+02, 2.600000000000000000e+02, 4.660000000000000000e+02, -2.434734306532089665e+00
2.225033617019653320e+02, 2.590000000000000000e+02, 4.570000000000000000e+02, -2.434734306532089665e+00
2.225221498012542725e+02, 2.570000000000000000e+02, 4.440000000000000000e+02, -2.434734306532089665e+00
2.225508139133453369e+02, 2.540000000000000000e+02, 4.100000000000000000e+02, 2.953097094374405596e-01
2.225804517269134521e+02, 2.530000000000000000e+02, 4.010000000000000000e+02, 2.827433388230813915e-01
2.226118137836456299e+02, 2.530000000000000000e+02, 3.980000000000000000e+02, 3.031636910714150535e-01
2.226442608833312988e+02, 2.540000000000000000e+02, 4.050000000000000000e+02, 3.125884690321844572e-01
2.226762926578521729e+02, 2.540000000000000000e+02, 4.080000000000000000e+02, 3.110176727053895473e-01
2.227084317207336426e+02, 2.540000000000000000e+02, 4.120000000000000000e+02, 2.638937829015426395e-01
2.227405278682708740e+02, 2.530000000000000000e+02, 4.060000000000000000e+02, 2.874557278034660657e-01
2.227728347778320312e+02, 2.530000000000000000e+02, 3.840000000000000000e+02, 3.549999698556466354e-01
2.228087916374206543e+02, 2.530000000000000000e+02, 3.990000000000000000e+02, -2.434734306532089665e+00
2.228423218727111816e+02, 2.550000000000000000e+02, 4.260000000000000000e+02, -2.434734306532089665e+00
2.228748118877410889e+02, 2.540000000000000000e+02, 4.230000000000000000e+02, -2.434734306532089665e+00
2.229043478965759277e+02, 2.540000000000000000e+02, 4.030000000000000000e+02, -2.434734306532089665e+00
2.229365346431732178e+02, 2.540000000000000000e+02, 4.100000000000000000e+02, -2.434734306532089665e+00
2.229668188095092773e+02, 2.540000000000000000e+02, 4.010000000000000000e+02, -2.434734306532089665e+00
2.229983468055725098e+02, 2.540000000000000000e+02, 4.110000000000000000e+02, -2.434734306532089665e+00
2.230303900241851807e+02, 2.530000000000000000e+02, 3.980000000000000000e+02, -2.434734306532089665e+00
2.230511627197265625e+02, 2.530000000000000000e+02, 3.880000000000000000e+02, -2.434734306532089665e+00
2.230784566402435303e+02, 2.530000000000000000e+02, 3.940000000000000000e+02, 2.560398012675681456e-01
2.231080336570739746e+02, 2.530000000000000000e+02, 3.940000000000000000e+02, 2.686061718819273136e-01
2.231392319202423096e+02, 2.530000000000000000e+02, 3.940000000000000000e+02, 2.701769682087221680e-01
2.231721217632293701e+02, 2.530000000000000000e+02, 3.950000000000000000e+02, 2.701769682087221680e-01
2.232042548656463623e+02, 2.540000000000000000e+02, 3.950000000000000000e+02, -2.434734306532089665e+00
2.232250249385833740e+02, 2.530000000000000000e+02, 3.950000000000000000e+02, -2.434734306532089665e+00
2.232410829067230225e+02, 2.530000000000000000e+02, 3.950000000000000000e+02, 2.654645792283375494e-01
2.232690649032592773e+02, 2.520000000000000000e+02, 3.950000000000000000e+02, 2.450442269800038597e-01
2.233001978397369385e+02, 2.520000000000000000e+02, 3.940000000000000000e+02, 2.654645792283375494e-01
2.233320858478546143e+02, 2.520000000000000000e+02, 3.940000000000000000e+02, 2.733185608623119878e-01
2.233641719818115234e+02, 2.530000000000000000e+02, 3.950000000000000000e+02, 2.733185608623119878e-01
2.233962039947509766e+02, 2.540000000000000000e+02, 3.980000000000000000e+02, 2.733185608623119878e-01
2.234276809692382812e+02, 2.540000000000000000e+02, 3.980000000000000000e+02, 2.733185608623119878e-01
2.234600419998168945e+02, 2.550000000000000000e+02, 3.970000000000000000e+02, 2.733185608623119878e-01
2.234919817447662354e+02, 2.550000000000000000e+02, 3.970000000000000000e+02, 2.733185608623119878e-01
2.235239689350128174e+02, 2.540000000000000000e+02, 3.960000000000000000e+02, 2.733185608623119878e-01
2.235572159290313721e+02, 2.540000000000000000e+02, 3.970000000000000000e+02, 2.905973204570558854e-01
2.235889327526092529e+02, 2.540000000000000000e+02, 3.970000000000000000e+02, 4.775220833456485514e-01
2.236204078197479248e+02, 2.540000000000000000e+02, 4.020000000000000000e+02, 6.927211801165493732e-01
2.236523678302764893e+02, 2.560000000000000000e+02, 4.170000000000000000e+02, 7.351326809400116069e-01
2.236841428279876709e+02, 2.630000000000000000e+02, 4.710000000000000000e+02, 7.241371066524473488e-01
2.237159218788146973e+02, 2.880000000000000000e+02, 5.530000000000000000e+02, 7.178539213452677092e-01
2.237483079433441162e+02, 2.900000000000000000e+02, 5.570000000000000000e+02, 7.162831250184729104e-01
2.237803697586059570e+02, 2.910000000000000000e+02, 5.600000000000000000e+02, 7.209955139988575290e-01
2.238124537467956543e+02, 2.910000000000000000e+02, 5.610000000000000000e+02, 7.979645340118074470e-01
2.238441748619079590e+02, 2.940000000000000000e+02, 5.660000000000000000e+02, 8.953539062730909714e-01
2.238764598369598389e+02, 3.090000000000000000e+02, 5.920000000000000000e+02, 9.660397409788613610e-01
2.239082679748535156e+02, 3.400000000000000000e+02, 6.330000000000000000e+02, 9.409069997501430249e-01
2.239391639232635498e+02, 3.420000000000000000e+02, 6.350000000000000000e+02, 9.691813336324511807e-01
2.239721338748931885e+02, 3.310000000000000000e+02, 6.230000000000000000e+02, 9.911724822075796970e-01
2.240042009353637695e+02, 3.340000000000000000e+02, 6.260000000000000000e+02, 9.974556675147593365e-01
2.240363848209381104e+02, 3.410000000000000000e+02, 6.340000000000000000e+02, 9.880308895539899883e-01
2.240680127143859863e+02, 3.480000000000000000e+02, 6.420000000000000000e+02, 8.168140899333462546e-01
2.241004438400268555e+02, 3.280000000000000000e+02, 6.200000000000000000e+02, 7.555530331883452133e-01
2.241328749656677246e+02, 2.830000000000000000e+02, 5.400000000000000000e+02, 6.927211801165493732e-01
2.241647539138793945e+02, 2.650000000000000000e+02, 4.860000000000000000e+02, 6.031857894892402872e-01
2.241956107616424561e+02, 2.610000000000000000e+02, 4.670000000000000000e+02, 5.199335841691108406e-01
2.242279317378997803e+02, 2.610000000000000000e+02, 4.710000000000000000e+02, 4.916592502868026293e-01
2.242599167823791504e+02, 2.650000000000000000e+02, 4.910000000000000000e+02, 4.900884539600077194e-01
2.242917466163635254e+02, 2.620000000000000000e+02, 4.820000000000000000e+02, 4.900884539600077194e-01
2.243238878250122070e+02, 2.630000000000000000e+02, 4.820000000000000000e+02, 4.900884539600077194e-01
2.243557267189025879e+02, 2.640000000000000000e+02, 4.830000000000000000e+02, 4.885176576332128096e-01
2.243881378173828125e+02, 2.630000000000000000e+02, 4.830000000000000000e+02, 4.900884539600077194e-01
2.244202249050140381e+02, 2.630000000000000000e+02, 4.830000000000000000e+02, 4.995132319207771232e-01
2.244522857666015625e+02, 2.630000000000000000e+02, 4.830000000000000000e+02, 5.906194188748811191e-01
2.244838876724243164e+02, 2.630000000000000000e+02, 4.830000000000000000e+02, 6.377433086787280825e-01
2.245160119533538818e+02, 2.670000000000000000e+02, 4.950000000000000000e+02, 6.471680866394973197e-01
2.245480358600616455e+02, 2.780000000000000000e+02, 5.280000000000000000e+02, 6.487388829662922296e-01
2.245799648761749268e+02, 2.790000000000000000e+02, 5.330000000000000000e+02, 6.487388829662922296e-01
2.246119117736816406e+02, 2.790000000000000000e+02, 5.330000000000000000e+02, 6.487388829662922296e-01
2.246437158584594727e+02, 2.790000000000000000e+02, 5.340000000000000000e+02, 6.487388829662922296e-01
2.246761038303375244e+02, 2.780000000000000000e+02, 5.330000000000000000e+02, 6.565928646002667790e-01
2.247084989547729492e+02, 2.790000000000000000e+02, 5.340000000000000000e+02, 7.571238295151401232e-01
2.247399747371673584e+02, 2.840000000000000000e+02, 5.480000000000000000e+02, 8.670795723907829267e-01
2.247728707790374756e+02, 3.030000000000000000e+02, 5.840000000000000000e+02, 9.503317777109123732e-01
2.248045969009399414e+02, 3.200000000000000000e+02, 6.090000000000000000e+02, 9.377654070965532052e-01
2.248360309600830078e+02, 3.360000000000000000e+02, 6.290000000000000000e+02, 9.220574438286042174e-01
2.248678648471832275e+02, 3.360000000000000000e+02, 6.290000000000000000e+02, 9.173450548482194877e-01
2.249002268314361572e+02, 3.320000000000000000e+02, 6.250000000000000000e+02, 9.236282401553991273e-01
2.249326899051666260e+02, 3.320000000000000000e+02, 6.250000000000000000e+02, 1.016305223436298144e+00
2.249643528461456299e+02, 3.350000000000000000e+02, 6.280000000000000000e+02, 1.129402558965530545e+00
2.249958426952362061e+02, 3.490000000000000000e+02, 6.450000000000000000e+02, 1.217367153266044832e+00
2.250283126831054688e+02, 3.790000000000000000e+02, 6.640000000000000000e+02, 1.239358301841173349e+00
2.250602989196777344e+02, 4.080000000000000000e+02, 6.760000000000000000e+02, 1.239358301841173349e+00
2.250918326377868652e+02, 4.090000000000000000e+02, 6.770000000000000000e+02, 1.239358301841173349e+00
2.251237487792968750e+02, 4.110000000000000000e+02, 6.770000000000000000e+02, 1.239358301841173349e+00
2.251559669971466064e+02, 4.110000000000000000e+02, 6.770000000000000000e+02, 1.239358301841173349e+00
2.251882398128509521e+02, 4.110000000000000000e+02, 6.770000000000000000e+02, 1.239358301841173349e+00
2.252201898097991943e+02, 4.110000000000000000e+02, 6.770000000000000000e+02, 1.234645912860788730e+00
2.252526307106018066e+02, 4.110000000000000000e+02, 6.770000000000000000e+02, 1.190663615710531698e+00
2.252845277786254883e+02, 4.100000000000000000e+02, 6.760000000000000000e+02, 1.218937949592839853e+00
2.253161869049072266e+02, 4.050000000000000000e+02, 6.740000000000000000e+02, 1.236216709187583751e+00
2.253479518890380859e+02, 4.060000000000000000e+02, 6.750000000000000000e+02, 1.237787505514378550e+00
2.253794548511505127e+02, 4.120000000000000000e+02, 6.770000000000000000e+02, 1.237787505514378550e+00
2.254114680290222168e+02, 4.120000000000000000e+02, 6.770000000000000000e+02, 1.237787505514378550e+00
2.254444129467010498e+02, 4.120000000000000000e+02, 6.760000000000000000e+02, 1.223650338573224472e+00
2.254765839576721191e+02, 4.120000000000000000e+02, 6.770000000000000000e+02, 1.068141502220529837e+00
2.255082948207855225e+02, 3.720000000000000000e+02, 6.620000000000000000e+02, 9.377654070965532052e-01
2.255403578281402588e+02, 3.200000000000000000e+02, 6.100000000000000000e+02, 9.409069997501430249e-01
2.255720739364624023e+02, 2.990000000000000000e+02, 5.750000000000000000e+02, 9.314822217893735656e-01
2.256039817333221436e+02, 2.950000000000000000e+02, 5.680000000000000000e+02, 9.581857593448869226e-01
2.256357567310333252e+02, 2.950000000000000000e+02, 5.670000000000000000e+02, 9.707521299592460906e-01
2.256678838729858398e+02, 3.040000000000000000e+02, 5.840000000000000000e+02, 9.770353152664256191e-01
2.256997158527374268e+02, 3.290000000000000000e+02, 6.210000000000000000e+02, 9.801769079200154389e-01
2.257325990200042725e+02, 3.390000000000000000e+02, 6.340000000000000000e+02, 9.754645189396307092e-01
2.257640409469604492e+02, 3.440000000000000000e+02, 6.380000000000000000e+02, 9.236282401553991273e-01
2.257963187694549561e+02, 3.360000000000000000e+02, 6.290000000000000000e+02, 9.471901850573225534e-01
2.258281929492950439e+02, 3.220000000000000000e+02, 6.120000000000000000e+02, 9.032078879070654098e-01
2.258598108291625977e+02, 3.230000000000000000e+02, 6.130000000000000000e+02, 8.278096642209105127e-01
2.258921368122100830e+02, 3.230000000000000000e+02, 6.140000000000000000e+02, 7.963937376850125371e-01
2.259241268634796143e+02, 3.010000000000000000e+02, 5.800000000000000000e+02, 7.901105523778330086e-01
2.259559197425842285e+02, 2.960000000000000000e+02, 5.710000000000000000e+02, 7.901105523778330086e-01
2.259877798557281494e+02, 3.030000000000000000e+02, 5.850000000000000000e+02, 7.885397560510380988e-01
2.260201938152313232e+02, 3.040000000000000000e+02, 5.840000000000000000e+02, 7.744025891098840209e-01
2.260516469478607178e+02, 3.030000000000000000e+02, 5.840000000000000000e+02, -2.434734306532089665e+00
2.260706367492675781e+02, 2.890000000000000000e+02, 5.600000000000000000e+02, -2.434734306532089665e+00
2.261012518405914307e+02, 2.680000000000000000e+02, 5.010000000000000000e+02, 5.387831400906495372e-01
2.261321878433227539e+02, 2.630000000000000000e+02, 4.840000000000000000e+02, 5.529203070318035040e-01
2.261644699573516846e+02, 2.620000000000000000e+02, 4.760000000000000000e+02, 5.309291584566750988e-01
2.261959056854248047e+02, 2.670000000000000000e+02, 4.960000000000000000e+02, 5.419247327442392459e-01
2.262283320426940918e+02, 2.680000000000000000e+02, 4.950000000000000000e+02, 5.120796025351362912e-01
2.262599487304687500e+02, 2.670000000000000000e+02, 4.950000000000000000e+02, 4.413937678293659572e-01
2.262959728240966797e+02, 2.610000000000000000e+02, 4.680000000000000000e+02, 4.555309347705199796e-01
2.263250167369842529e+02, 2.580000000000000000e+02, 4.490000000000000000e+02, 5.026548245743669430e-01
2.263559277057647705e+02, 2.590000000000000000e+02, 4.530000000000000000e+02, 5.623450849925729633e-01
2.263879578113555908e+02, 2.670000000000000000e+02, 4.880000000000000000e+02, 5.843362335677014796e-01
2.264201238155364990e+02, 2.690000000000000000e+02, 5.030000000000000000e+02, 5.984734005088555575e-01
2.264523508548736572e+02, 2.720000000000000000e+02, 5.120000000000000000e+02, 7.634070148223197627e-01
2.264847517013549805e+02, 2.750000000000000000e+02, 5.180000000000000000e+02, 9.142034621946297790e-01
2.265160236358642578e+02, 2.880000000000000000e+02, 5.520000000000000000e+02, 1.019446816089887964e+00
2.265480718612670898e+02, 3.180000000000000000e+02, 6.050000000000000000e+02, 1.016305223436298144e+00
2.265800676345825195e+02, 3.540000000000000000e+02, 6.490000000000000000e+02, 9.361946107697582953e-01
2.266121158599853516e+02, 3.400000000000000000e+02, 6.320000000000000000e+02, 8.325220532012952424e-01
2.266442298889160156e+02, 3.170000000000000000e+02, 6.050000000000000000e+02, 7.429866625739860453e-01
2.266758446693420410e+02, 3.040000000000000000e+02, 5.850000000000000000e+02, 7.571238295151401232e-01
2.267078797817230225e+02, 2.920000000000000000e+02, 5.650000000000000000e+02, 7.744025891098840209e-01
2.267400429248809814e+02, 2.960000000000000000e+02, 5.710000000000000000e+02, 7.806857744170635494e-01
2.267718098163604736e+02, 3.000000000000000000e+02, 5.780000000000000000e+02, 7.838273670706533691e-01
2.268039937019348145e+02, 3.000000000000000000e+02, 5.790000000000000000e+02, -2.434734306532089665e+00
2.268257977962493896e+02, 3.010000000000000000e+02, 5.800000000000000000e+02, -2.434734306532089665e+00
2.268536119461059570e+02, 3.010000000000000000e+02, 5.800000000000000000e+02, 6.738716241950105656e-01
2.268836269378662109e+02, 2.980000000000000000e+02, 5.740000000000000000e+02, 5.984734005088555575e-01
2.269156627655029297e+02, 2.840000000000000000e+02, 5.460000000000000000e+02, 5.796238445873168610e-01
2.269484028816223145e+02, 2.680000000000000000e+02, 4.990000000000000000e+02, 5.733406592801372215e-01
2.269798510074615479e+02, 2.660000000000000000e+02, 4.950000000000000000e+02, 5.105088062083413813e-01
2.270118658542633057e+02, 2.670000000000000000e+02, 4.950000000000000000e+02, 5.199335841691108406e-01
2.270446307659149170e+02, 2.600000000000000000e+02, 4.610000000000000000e+02, 4.822344723260332255e-01
2.270760886669158936e+02, 2.600000000000000000e+02, 4.600000000000000000e+02, 4.272566008882118793e-01
2.271079716682434082e+02, 2.600000000000000000e+02, 4.590000000000000000e+02, 4.413937678293659572e-01
2.271398358345031738e+02, 2.580000000000000000e+02, 4.470000000000000000e+02, 4.209734155810322953e-01
2.271718277931213379e+02, 2.570000000000000000e+02, 4.480000000000000000e+02, 4.131194339470578014e-01
2.272042009830474854e+02, 2.590000000000000000e+02, 4.550000000000000000e+02, 4.131194339470578014e-01
2.272368638515472412e+02, 2.580000000000000000e+02, 4.530000000000000000e+02, 4.209734155810322953e-01
2.272677187919616699e+02, 2.580000000000000000e+02, 4.540000000000000000e+02, 5.340707511102649185e-01
2.273006467819213867e+02, 2.590000000000000000e+02, 4.580000000000000000e+02, 6.565928646002667790e-01
2.273321127891540527e+02, 2.650000000000000000e+02, 4.890000000000000000e+02, 6.455972903127024098e-01
2.273641719818115234e+02, 2.800000000000000000e+02, 5.370000000000000000e+02, 5.921902152016760290e-01
2.273963618278503418e+02, 2.750000000000000000e+02, 5.210000000000000000e+02, 6.157521601035994552e-01
2.274280877113342285e+02, 2.690000000000000000e+02, 5.030000000000000000e+02, 5.921902152016760290e-01
2.274600949287414551e+02, 2.720000000000000000e+02, 5.150000000000000000e+02, 6.204645490839841848e-01
2.274919266700744629e+02, 2.710000000000000000e+02, 5.110000000000000000e+02, 5.921902152016760290e-01
2.275238766670227051e+02, 2.720000000000000000e+02, 5.170000000000000000e+02, 5.733406592801372215e-01
2.275556957721710205e+02, 2.710000000000000000e+02, 5.130000000000000000e+02, 5.701990666265474017e-01
2.275877130031585693e+02, 2.710000000000000000e+02, 5.110000000000000000e+02, 5.701990666265474017e-01
2.276199638843536377e+02, 2.700000000000000000e+02, 5.110000000000000000e+02, 5.639158813193678732e-01
2.276527647972106934e+02, 2.700000000000000000e+02, 5.100000000000000000e+02, 4.885176576332128096e-01
2.276842398643493652e+02, 2.670000000000000000e+02, 4.970000000000000000e+02, 5.073672135547515616e-01
2.277159948348999023e+02, 2.610000000000000000e+02, 4.760000000000000000e+02, 5.827654372409065697e-01
2.277480018138885498e+02, 2.590000000000000000e+02, 4.600000000000000000e+02, 6.188937527571892749e-01
2.277799139022827148e+02, 2.620000000000000000e+02, 4.780000000000000000e+02, 6.283185307179586232e-01
2.278118398189544678e+02, 2.740000000000000000e+02, 5.220000000000000000e+02, 6.283185307179586232e-01
2.278438069820404053e+02, 2.760000000000000000e+02, 5.260000000000000000e+02, 6.283185307179586232e-01
2.278760027885437012e+02, 2.760000000000000000e+02, 5.280000000000000000e+02, 6.283185307179586232e-01
2.279079058170318604e+02, 2.760000000000000000e+02, 5.290000000000000000e+02, 6.408849013323177912e-01
2.279398930072784424e+02, 2.760000000000000000e+02, 5.290000000000000000e+02, 7.822565707438584592e-01
2.279725859165191650e+02, 2.820000000000000000e+02, 5.450000000000000000e+02, 7.963937376850125371e-01
2.280098896026611328e+02, 3.010000000000000000e+02, 5.820000000000000000e+02, -2.434734306532089665e+00
2.280420098304748535e+02, 2.940000000000000000e+02, 5.680000000000000000e+02, -2.434734306532089665e+00
2.280748238563537598e+02, 2.910000000000000000e+02, 5.630000000000000000e+02, -2.434734306532089665e+00
2.281042058467864990e+02, 2.980000000000000000e+02, 5.750000000000000000e+02, -2.434734306532089665e+00
2.281337587833404541e+02, 2.850000000000000000e+02, 5.510000000000000000e+02, -2.434734306532089665e+00
2.281551387310028076e+02, 2.780000000000000000e+02, 5.340000000000000000e+02, -2.434734306532089665e+00
2.281847207546234131e+02, 2.760000000000000000e+02, 5.270000000000000000e+02, -2.434734306532089665e+00
2.282180287837982178e+02, 2.860000000000000000e+02, 5.520000000000000000e+02, -2.434734306532089665e+00
2.282494359016418457e+02, 3.100000000000000000e+02, 5.950000000000000000e+02, -2.434734306532089665e+00
2.282779598236083984e+02, 3.060000000000000000e+02, 5.890000000000000000e+02, -2.434734306532089665e+00
2.283123898506164551e+02, 3.120000000000000000e+02, 5.990000000000000000e+02, -2.434734306532089665e+00
2.283426737785339355e+02, 3.300000000000000000e+02, 6.220000000000000000e+02, -2.434734306532089665e+00
2.283611209392547607e+02, 3.290000000000000000e+02, 6.220000000000000000e+02, -2.434734306532089665e+00
2.284015758037567139e+02, 3.330000000000000000e+02, 6.260000000000000000e+02, 9.236282401553991273e-01
2.284361388683319092e+02, 3.280000000000000000e+02, 6.200000000000000000e+02, 9.283406291357838569e-01
2.284679238796234131e+02, 3.280000000000000000e+02, 6.210000000000000000e+02, 9.314822217893735656e-01
2.284998967647552490e+02, 3.310000000000000000e+02, 6.250000000000000000e+02, 9.361946107697582953e-01
2.285315258502960205e+02, 3.320000000000000000e+02, 6.260000000000000000e+02, 9.377654070965532052e-01
2.285638217926025391e+02, 3.330000000000000000e+02, 6.270000000000000000e+02, 9.377654070965532052e-01
2.285960707664489746e+02, 3.330000000000000000e+02, 6.270000000000000000e+02, 9.377654070965532052e-01
2.286274569034576416e+02, 3.330000000000000000e+02, 6.270000000000000000e+02, -2.434734306532089665e+00
2.286500678062438965e+02, 3.340000000000000000e+02, 6.260000000000000000e+02, -2.434734306532089665e+00
2.286781728267669678e+02, 3.390000000000000000e+02, 6.330000000000000000e+02, 9.738937226128359104e-01
2.287080247402191162e+02, 3.450000000000000000e+02, 6.390000000000000000e+02, 9.519025740377072831e-01
2.287402088642120361e+02, 3.430000000000000000e+02, 6.370000000000000000e+02, 9.424777960769379348e-01
2.287725796699523926e+02, 3.380000000000000000e+02, 6.310000000000000000e+02, 9.440485924037328447e-01
2.288109147548675537e+02, 3.360000000000000000e+02, 6.290000000000000000e+02, -2.434734306532089665e+00
2.288414347171783447e+02, 3.420000000000000000e+02, 6.360000000000000000e+02, -2.434734306532089665e+00
2.288743538856506348e+02, 3.620000000000000000e+02, 6.540000000000000000e+02, -2.434734306532089665e+00
2.289039547443389893e+02, 3.950000000000000000e+02, 6.700000000000000000e+02, -2.434734306532089665e+00
2.289356937408447266e+02, 4.110000000000000000e+02, 6.760000000000000000e+02, -2.434734306532089665e+00
2.289668238162994385e+02, 4.100000000000000000e+02, 6.750000000000000000e+02, -2.434734306532089665e+00
2.290014917850494385e+02, 4.080000000000000000e+02, 6.740000000000000000e+02, -2.434734306532089665e+00
2.290313930511474609e+02, 4.110000000000000000e+02, 6.760000000000000000e+02, -2.434734306532089665e+00
2.290502159595489502e+02, 4.120000000000000000e+02, 6.760000000000000000e+02, -2.434734306532089665e+00
2.290785768032073975e+02, 4.110000000000000000e+02, 6.760000000000000000e+02, 1.222079542246429451e+00
2.291079916954040527e+02, 4.110000000000000000e+02, 6.760000000000000000e+02, 1.234645912860788730e+00
2.291392948627471924e+02, 4.120000000000000000e+02, 6.760000000000000000e+02, 1.234645912860788730e+00
2.291715629100799561e+02, 4.120000000000000000e+02, 6.760000000000000000e+02, 1.234645912860788730e+00
2.292038919925689697e+02, 4.120000000000000000e+02, 6.760000000000000000e+02, 1.234645912860788730e+00
2.292356307506561279e+02, 4.120000000000000000e+02, 6.760000000000000000e+02, 1.234645912860788730e+00
2.292680528163909912e+02, 4.120000000000000000e+02, 6.760000000000000000e+02, 1.234645912860788730e+00
2.293009138107299805e+02, 4.120000000000000000e+02, 6.760000000000000000e+02, 1.223650338573224472e+00
2.293317649364471436e+02, 4.120000000000000000e+02, 6.760000000000000000e+02, 1.154535300194248881e+00
2.293634438514709473e+02, 4.110000000000000000e+02, 6.760000000000000000e+02, 1.118406984677966287e+00
2.293956968784332275e+02, 3.900000000000000000e+02, 6.680000000000000000e+02, 1.110553003043991849e+00
2.294273548126220703e+02, 3.810000000000000000e+02, 6.640000000000000000e+02, 1.108982206717196828e+00
2.294595208168029785e+02, 3.820000000000000000e+02, 6.640000000000000000e+02, 1.110553003043991849e+00
2.294927449226379395e+02, 3.820000000000000000e+02, 6.640000000000000000e+02, 1.116836188351171488e+00
2.295245187282562256e+02, 3.820000000000000000e+02, 6.650000000000000000e+02, 1.200088393671300935e+00
2.295558037757873535e+02, 3.870000000000000000e+02, 6.670000000000000000e+02, 1.193805208364121295e+00
2.295878767967224121e+02, 4.040000000000000000e+02, 6.730000000000000000e+02, 1.119977781004761086e+00
2.296195588111877441e+02, 3.960000000000000000e+02, 6.710000000000000000e+02, 1.038296372011426660e+00
2.296516118049621582e+02, 3.740000000000000000e+02, 6.610000000000000000e+02, 1.011592834455913303e+00
2.296837687492370605e+02, 3.490000000000000000e+02, 6.440000000000000000e+02, 1.006880445475528685e+00
2.297155647277832031e+02, 3.450000000000000000e+02, 6.390000000000000000e+02, 1.006880445475528685e+00
2.297480828762054443e+02, 3.530000000000000000e+02, 6.470000000000000000e+02, 1.006880445475528685e+00
2.297797229290008545e+02, 3.530000000000000000e+02, 6.470000000000000000e+02, 1.014734427109503123e+00
2.298128409385681152e+02, 3.530000000000000000e+02, 6.480000000000000000e+02, 1.121548577331556107e+00
2.298445398807525635e+02, 3.580000000000000000e+02, 6.520000000000000000e+02, 1.124690169985145927e+00
2.298759377002716064e+02, 3.780000000000000000e+02, 6.620000000000000000e+02, 1.148252114887069464e+00
2.299075787067413330e+02, 3.850000000000000000e+02, 6.660000000000000000e+02, 1.217367153266044832e+00
2.299397978782653809e+02, 3.900000000000000000e+02, 6.680000000000000000e+02, 1.239358301841173349e+00
2.299714679718017578e+02, 4.090000000000000000e+02, 6.740000000000000000e+02, 1.239358301841173349e+00
2.300037896633148193e+02, 4.120000000000000000e+02, 6.760000000000000000e+02, 1.239358301841173349e+00
2.300353777408599854e+02, 4.130000000000000000e+02, 6.760000000000000000e+02, 1.239358301841173349e+00
2.300678877830505371e+02, 4.120000000000000000e+02, 6.760000000000000000e+02, 1.239358301841173349e+00
2.301000108718872070e+02, 4.130000000000000000e+02, 6.760000000000000000e+02, 1.237787505514378550e+00
2.301325068473815918e+02, 4.130000000000000000e+02, 6.760000000000000000e+02, 1.237787505514378550e+00
2.301635437011718750e+02, 4.130000000000000000e+02, 6.760000000000000000e+02, 1.237787505514378550e+00
2.301951878070831299e+02, 4.120000000000000000e+02, 6.760000000000000000e+02, 1.237787505514378550e+00
2.302275247573852539e+02, 4.120000000000000000e+02, 6.760000000000000000e+02, 1.237787505514378550e+00
2.302595226764678955e+02, 4.120000000000000000e+02, 6.760000000000000000e+02, 1.237787505514378550e+00
2.302914166450500488e+02, 4.120000000000000000e+02, 6.760000000000000000e+02, 1.237787505514378550e+00
2.303236627578735352e+02, 4.130000000000000000e+02, 6.760000000000000000e+02, 1.239358301841173349e+00
2.303553898334503174e+02, 4.120000000000000000e+02, 6.760000000000000000e+02, 1.239358301841173349e+00
2.303879888057708740e+02, 4.130000000000000000e+02, 6.760000000000000000e+02, 1.231504320207198910e+00
2.304197719097137451e+02, 4.120000000000000000e+02, 6.760000000000000000e+02, 1.140398133253094803e+00
2.304518909454345703e+02, 4.130000000000000000e+02, 6.760000000000000000e+02, 1.036725575684631862e+00
2.304837329387664795e+02, 3.890000000000000000e+02, 6.680000000000000000e+02, 1.002168056495144066e+00
2.305157947540283203e+02, 3.520000000000000000e+02, 6.460000000000000000e+02, 9.974556675147593365e-01
2.305474219322204590e+02, 3.410000000000000000e+02, 6.340000000000000000e+02, 9.974556675147593365e-01
2.305797586441040039e+02, 3.460000000000000000e+02, 6.390000000000000000e+02, 9.958848711879644267e-01
2.306117267608642578e+02, 3.500000000000000000e+02, 6.440000000000000000e+02, 9.958848711879644267e-01
2.306435866355895996e+02, 3.500000000000000000e+02, 6.440000000000000000e+02, 9.958848711879644267e-01
2.306755378246307373e+02, 3.500000000000000000e+02, 6.440000000000000000e+02, 9.958848711879644267e-01
2.307077088356018066e+02, 3.510000000000000000e+02, 6.450000000000000000e+02, 9.990264638415542464e-01
2.307408046722412109e+02, 3.500000000000000000e+02, 6.440000000000000000e+02, 1.047721149972196120e+00
2.307720277309417725e+02, 3.540000000000000000e+02, 6.480000000000000000e+02, 1.108982206717196828e+00
2.308076398372650146e+02, 3.710000000000000000e+02, 6.590000000000000000e+02, -2.434734306532089665e+00
2.308417489528656006e+02, 3.760000000000000000e+02, 6.620000000000000000e+02, -2.434734306532089665e+00
2.308724067211151123e+02, 3.580000000000000000e+02, 6.530000000000000000e+02, -2.434734306532089665e+00
2.309039008617401123e+02, 3.370000000000000000e+02, 6.320000000000000000e+02, -2.434734306532089665e+00
2.309333717823028564e+02, 3.360000000000000000e+02, 6.300000000000000000e+02, -2.434734306532089665e+00
2.309699258804321289e+02, 3.490000000000000000e+02, 6.450000000000000000e+02, -2.434734306532089665e+00
2.309887747764587402e+02, 3.620000000000000000e+02, 6.550000000000000000e+02, -2.434734306532089665e+00
2.310147948265075684e+02, 3.980000000000000000e+02, 6.710000000000000000e+02, 1.156106096521043902e+00
2.310438966751098633e+02, 3.830000000000000000e+02, 6.660000000000000000e+02, 1.162389281828223542e+00
2.310758719444274902e+02, 3.670000000000000000e+02, 6.580000000000000000e+02, 1.168672467135402959e+00
2.311078677177429199e+02, 3.540000000000000000e+02, 6.510000000000000000e+02, 1.171814059788992779e+00
2.311397798061370850e+02, 3.580000000000000000e+02, 6.530000000000000000e+02, 1.174955652442582599e+00
2.311715657711029053e+02, 3.760000000000000000e+02, 6.620000000000000000e+02, 1.174955652442582599e+00
2.312038538455963135e+02, 3.980000000000000000e+02, 6.720000000000000000e+02, 1.176526448769377620e+00
2.312355728149414062e+02, 3.980000000000000000e+02, 6.720000000000000000e+02, 1.174955652442582599e+00
2.312675960063934326e+02, 4.010000000000000000e+02, 6.720000000000000000e+02, 1.174955652442582599e+00
2.312998478412628174e+02, 4.010000000000000000e+02, 6.730000000000000000e+02, 1.174955652442582599e+00
2.313315656185150146e+02, 4.010000000000000000e+02, 6.730000000000000000e+02, 1.174955652442582599e+00
2.313635277748107910e+02, 4.010000000000000000e+02, 6.730000000000000000e+02, 1.174955652442582599e+00
2.313953557014465332e+02, 4.010000000000000000e+02, 6.720000000000000000e+02, 1.174955652442582599e+00
2.314273617267608643e+02, 4.010000000000000000e+02, 6.730000000000000000e+02, 1.174955652442582599e+00
2.314598309993743896e+02, 4.010000000000000000e+02, 6.730000000000000000e+02, 1.174955652442582599e+00
2.314915099143981934e+02, 4.010000000000000000e+02, 6.730000000000000000e+02, 1.174955652442582599e+00
2.315234477519989014e+02, 4.010000000000000000e+02, 6.730000000000000000e+02, 1.174955652442582599e+00
2.315559327602386475e+02, 4.010000000000000000e+02, 6.720000000000000000e+02, 1.165530874481813139e+00
2.315875639915466309e+02, 4.000000000000000000e+02, 6.720000000000000000e+02, 9.833185005736052586e-01
2.316199617385864258e+02, 3.770000000000000000e+02, 6.640000000000000000e+02, 8.309512568745003325e-01
2.316513578891754150e+02, 3.380000000000000000e+02, 6.330000000000000000e+02, 8.419468311620645906e-01
2.316837430000305176e+02, 2.940000000000000000e+02, 5.660000000000000000e+02, 8.623671834103983080e-01
2.317155377864837646e+02, 2.750000000000000000e+02, 5.250000000000000000e+02, 8.686503687175778365e-01
2.317475838661193848e+02, 2.720000000000000000e+02, 5.160000000000000000e+02, 8.686503687175778365e-01
2.317797188758850098e+02, 2.790000000000000000e+02, 5.360000000000000000e+02, 8.717919613711676563e-01
2.318114507198333740e+02, 3.010000000000000000e+02, 5.820000000000000000e+02, 8.749335540247574761e-01
2.318437528610229492e+02, 3.170000000000000000e+02, 6.060000000000000000e+02, 8.765043503515523859e-01
2.318761777877807617e+02, 3.190000000000000000e+02, 6.090000000000000000e+02, 9.047786842338603197e-01
2.319084718227386475e+02, 3.230000000000000000e+02, 6.140000000000000000e+02, 8.639379797371932179e-01
2.319395887851715088e+02, 3.220000000000000000e+02, 6.120000000000000000e+02, 8.026769229921921767e-01
2.319718558788299561e+02, 3.080000000000000000e+02, 5.890000000000000000e+02, 8.026769229921921767e-01
2.320064337253570557e+02, 3.040000000000000000e+02, 5.840000000000000000e+02, -2.434734306532089665e+00
2.320268349647521973e+02, 3.050000000000000000e+02, 5.850000000000000000e+02, -2.434734306532089665e+00
2.320557477474212646e+02, 2.980000000000000000e+02, 5.720000000000000000e+02, 7.288494956328320784e-01
2.320835866928100586e+02, 2.940000000000000000e+02, 5.650000000000000000e+02, 7.382742735936013156e-01
2.321153647899627686e+02, 2.890000000000000000e+02, 5.560000000000000000e+02, 7.429866625739860453e-01
2.321472749710083008e+02, 2.890000000000000000e+02, 5.560000000000000000e+02, 7.461282552275758650e-01
2.321795079708099365e+02, 2.950000000000000000e+02, 5.660000000000000000e+02, 7.461282552275758650e-01
2.322115337848663330e+02, 2.940000000000000000e+02, 5.660000000000000000e+02, 7.461282552275758650e-01
2.322437927722930908e+02, 2.950000000000000000e+02, 5.660000000000000000e+02, 7.524114405347553935e-01
2.322759728431701660e+02, 2.950000000000000000e+02, 5.660000000000000000e+02, 8.262388678941156028e-01
2.323077008724212646e+02, 3.000000000000000000e+02, 5.770000000000000000e+02, 9.079202768874501395e-01
2.323400089740753174e+02, 3.210000000000000000e+02, 6.070000000000000000e+02, 1.002168056495144066e+00
2.323727498054504395e+02, 3.460000000000000000e+02, 6.390000000000000000e+02, 1.096415836102837771e+00
2.324069948196411133e+02, 3.590000000000000000e+02, 6.510000000000000000e+02, -2.434734306532089665e+00
2.324399459362030029e+02, 3.760000000000000000e+02, 6.610000000000000000e+02, -2.434734306532089665e+00
2.324701130390167236e+02, 3.600000000000000000e+02, 6.540000000000000000e+02, -2.434734306532089665e+00
2.325084359645843506e+02, 3.420000000000000000e+02, 6.370000000000000000e+02, -2.434734306532089665e+00
2.325374877452850342e+02, 3.430000000000000000e+02, 6.380000000000000000e+02, -2.434734306532089665e+00
2.325665948390960693e+02, 3.380000000000000000e+02, 6.320000000000000000e+02, -2.434734306532089665e+00
2.325862498283386230e+02, 3.390000000000000000e+02, 6.330000000000000000e+02, -2.434734306532089665e+00
2.326142897605895996e+02, 3.520000000000000000e+02, 6.470000000000000000e+02, 1.090132650795658131e+00
2.326438388824462891e+02, 3.640000000000000000e+02, 6.550000000000000000e+02, 1.101128225083222389e+00
2.326756176948547363e+02, 3.740000000000000000e+02, 6.600000000000000000e+02, 1.066570705893734816e+00
2.327076599597930908e+02, 3.770000000000000000e+02, 6.620000000000000000e+02, 1.041437964665016480e+00
2.327396600246429443e+02, 3.620000000000000000e+02, 6.550000000000000000e+02, 1.035154779357836841e+00
2.327712328433990479e+02, 3.610000000000000000e+02, 6.530000000000000000e+02, 1.033583983031042042e+00
2.328038678169250488e+02, 3.600000000000000000e+02, 6.540000000000000000e+02, -2.434734306532089665e+00
2.328233869075775146e+02, 3.600000000000000000e+02, 6.530000000000000000e+02, 1.041437964665016480e+00
2.328519527912139893e+02, 3.590000000000000000e+02, 6.530000000000000000e+02, 1.107411410390402029e+00
2.328843078613281250e+02, 3.610000000000000000e+02, 6.540000000000000000e+02, 1.083849465488478492e+00
2.329158537387847900e+02, 3.670000000000000000e+02, 6.570000000000000000e+02, 1.008451241802323706e+00
2.329478268623352051e+02, 3.570000000000000000e+02, 6.520000000000000000e+02, 9.660397409788613610e-01
2.329797329902648926e+02, 3.450000000000000000e+02, 6.390000000000000000e+02, 8.843583319855267133e-01
2.330112440586090088e+02, 3.420000000000000000e+02, 6.350000000000000000e+02, 8.890707209659113319e-01
2.330433709621429443e+02, 3.120000000000000000e+02, 5.980000000000000000e+02, 9.000662952534757011e-01
2.330754156112670898e+02, 3.020000000000000000e+02, 5.820000000000000000e+02, 9.032078879070654098e-01
2.331073269844055176e+02, 3.080000000000000000e+02, 5.900000000000000000e+02, 9.063494805606552296e-01
2.331394109725952148e+02, 3.250000000000000000e+02, 6.150000000000000000e+02, 9.094910732142450493e-01
2.331716268062591553e+02, 3.270000000000000000e+02, 6.180000000000000000e+02, 9.110618695410399592e-01
2.332036087512969971e+02, 3.270000000000000000e+02, 6.180000000000000000e+02, 9.110618695410399592e-01
2.332357277870178223e+02, 3.270000000000000000e+02, 6.180000000000000000e+02, 9.094910732142450493e-01
2.332678377628326416e+02, 3.270000000000000000e+02, 6.180000000000000000e+02, 9.126326658678348691e-01
2.332999458312988281e+02, 3.270000000000000000e+02, 6.180000000000000000e+02, 9.613273519984766313e-01
2.333313117027282715e+02, 3.280000000000000000e+02, 6.190000000000000000e+02, 1.035154779357836841e+00
2.333632068634033203e+02, 3.370000000000000000e+02, 6.310000000000000000e+02, 1.066570705893734816e+00
2.333957178592681885e+02, 3.660000000000000000e+02, 6.560000000000000000e+02, 1.075995483854504275e+00
2.334284176826477051e+02, 3.680000000000000000e+02, 6.580000000000000000e+02, 1.101128225083222389e+00
2.334596626758575439e+02, 3.700000000000000000e+02, 6.590000000000000000e+02, 1.063429113240144996e+00
2.334916667938232422e+02, 3.770000000000000000e+02, 6.630000000000000000e+02, 1.038296372011426660e+00
2.335235857963562012e+02, 3.610000000000000000e+02, 6.540000000000000000e+02, 1.033583983031042042e+00
2.335554957389831543e+02, 3.600000000000000000e+02, 6.540000000000000000e+02, 1.030442390377452222e+00
2.335875337123870850e+02, 3.590000000000000000e+02, 6.530000000000000000e+02, 1.032013186704247021e+00
2.336203567981719971e+02, 3.590000000000000000e+02, 6.530000000000000000e+02, 1.030442390377452222e+00
2.336522698402404785e+02, 3.590000000000000000e+02, 6.530000000000000000e+02, 1.014734427109503123e+00
2.336841289997100830e+02, 3.580000000000000000e+02, 6.520000000000000000e+02, 9.550441666912971028e-01
2.337153608798980713e+02, 3.550000000000000000e+02, 6.500000000000000000e+02, 9.676105373056562708e-01
2.337476396560668945e+02, 3.320000000000000000e+02, 6.250000000000000000e+02, 9.817477042468103487e-01
2.337791538238525391e+02, 3.260000000000000000e+02, 6.170000000000000000e+02, 9.880308895539899883e-01
2.338112347126007080e+02, 3.350000000000000000e+02, 6.280000000000000000e+02, 9.911724822075796970e-01
2.338435568809509277e+02, 3.450000000000000000e+02, 6.400000000000000000e+02, 9.911724822075796970e-01
2.338754439353942871e+02, 3.460000000000000000e+02, 6.410000000000000000e+02, 9.911724822075796970e-01
2.339073190689086914e+02, 3.470000000000000000e+02, 6.420000000000000000e+02, 9.911724822075796970e-01
2.339391679763793945e+02, 3.460000000000000000e+02, 6.420000000000000000e+02, 9.911724822075796970e-01
2.339713537693023682e+02, 3.460000000000000000e+02, 6.420000000000000000e+02, 9.911724822075796970e-01
2.340038347244262695e+02, 3.460000000000000000e+02, 6.420000000000000000e+02, -2.434734306532089665e+00
2.340243299007415771e+02, 3.470000000000000000e+02, 6.420000000000000000e+02, 9.896016858807847871e-01
2.340518929958343506e+02, 3.460000000000000000e+02, 6.410000000000000000e+02, 9.817477042468103487e-01
2.340844769477844238e+02, 3.460000000000000000e+02, 6.420000000000000000e+02, 9.283406291357838569e-01
2.341168177127838135e+02, 3.390000000000000000e+02, 6.330000000000000000e+02, 9.487609813841174633e-01
2.341478238105773926e+02, 3.240000000000000000e+02, 6.160000000000000000e+02, 1.016305223436298144e+00
2.341804497241973877e+02, 3.290000000000000000e+02, 6.210000000000000000e+02, 1.101128225083222389e+00
2.342120897769927979e+02, 3.470000000000000000e+02, 6.420000000000000000e+02, 1.090132650795658131e+00
2.342430007457733154e+02, 3.630000000000000000e+02, 6.550000000000000000e+02, 1.119977781004761086e+00
2.342756106853485107e+02, 3.690000000000000000e+02, 6.580000000000000000e+02, 1.141968929579889824e+00
2.343074598312377930e+02, 3.700000000000000000e+02, 6.580000000000000000e+02, 1.148252114887069464e+00
2.343396368026733398e+02, 3.850000000000000000e+02, 6.650000000000000000e+02, 1.149822911213864263e+00
2.343716738224029541e+02, 3.930000000000000000e+02, 6.690000000000000000e+02, 1.149822911213864263e+00
2.344035437107086182e+02, 3.930000000000000000e+02, 6.690000000000000000e+02, 1.149822911213864263e+00
2.344356086254119873e+02, 3.930000000000000000e+02, 6.690000000000000000e+02, 1.149822911213864263e+00
2.344674749374389648e+02, 3.930000000000000000e+02, 6.690000000000000000e+02, 1.149822911213864263e+00
2.344994366168975830e+02, 3.930000000000000000e+02, 6.690000000000000000e+02, 1.149822911213864263e+00
2.345314497947692871e+02, 3.930000000000000000e+02, 6.690000000000000000e+02, 1.149822911213864263e+00
2.345642907619476318e+02, 3.940000000000000000e+02, 6.690000000000000000e+02, 1.141968929579889824e+00
2.345958478450775146e+02, 3.930000000000000000e+02, 6.690000000000000000e+02, 1.066570705893734816e+00
2.346273608207702637e+02, 3.730000000000000000e+02, 6.600000000000000000e+02, 9.896016858807847871e-01
2.346597068309783936e+02, 3.570000000000000000e+02, 6.510000000000000000e+02, 9.628981483252715412e-01
2.346914258003234863e+02, 3.460000000000000000e+02, 6.390000000000000000e+02, 9.581857593448869226e-01
2.347236747741699219e+02, 3.410000000000000000e+02, 6.330000000000000000e+02, 9.581857593448869226e-01
2.347553830146789551e+02, 3.410000000000000000e+02, 6.340000000000000000e+02, 9.581857593448869226e-01
2.347872977256774902e+02, 3.410000000000000000e+02, 6.340000000000000000e+02, 9.581857593448869226e-01
2.348201918601989746e+02, 3.410000000000000000e+02, 6.340000000000000000e+02, 9.723229262860410005e-01
2.348516206741333008e+02, 3.410000000000000000e+02, 6.340000000000000000e+02, 1.145110522233479644e+00
2.348835389614105225e+02, 3.410000000000000000e+02, 6.340000000000000000e+02, 1.236216709187583751e+00
2.349154360294342041e+02, 3.520000000000000000e+02, 6.460000000000000000e+02, 1.242499894494763168e+00
2.349473626613616943e+02, 3.780000000000000000e+02, 6.620000000000000000e+02, 1.242499894494763168e+00
2.349794538021087646e+02, 4.120000000000000000e+02, 6.760000000000000000e+02, 1.242499894494763168e+00
2.350112226009368896e+02, 4.110000000000000000e+02, 6.750000000000000000e+02, 1.242499894494763168e+00
2.350433049201965332e+02, 4.130000000000000000e+02, 6.760000000000000000e+02, 1.242499894494763168e+00
2.350756127834320068e+02, 4.130000000000000000e+02, 6.760000000000000000e+02, 1.242499894494763168e+00
2.351075158119201660e+02, 4.130000000000000000e+02, 6.760000000000000000e+02, 1.242499894494763168e+00
2.351397397518157959e+02, 4.130000000000000000e+02, 6.760000000000000000e+02, 1.237787505514378550e+00
2.351716029644012451e+02, 4.130000000000000000e+02, 6.760000000000000000e+02, 1.173384856115787800e+00
2.352085628509521484e+02, 4.040000000000000000e+02, 6.730000000000000000e+02, -2.434734306532089665e+00
2.352445938587188721e+02, 3.690000000000000000e+02, 6.580000000000000000e+02, -2.434734306532089665e+00
2.352764296531677246e+02, 3.550000000000000000e+02, 6.490000000000000000e+02, -2.434734306532089665e+00
2.353055119514465332e+02, 3.590000000000000000e+02, 6.520000000000000000e+02, -2.434734306532089665e+00
2.353379426002502441e+02, 3.760000000000000000e+02, 6.620000000000000000e+02, -2.434734306532089665e+00
2.353554890155792236e+02, 3.900000000000000000e+02, 6.670000000000000000e+02, -2.434734306532089665e+00
2.353830878734588623e+02, 4.020000000000000000e+02, 6.720000000000000000e+02, 1.215796356939250034e+00
2.354113290309906006e+02, 3.970000000000000000e+02, 6.700000000000000000e+02, 1.236216709187583751e+00
2.354432697296142578e+02, 3.960000000000000000e+02, 6.700000000000000000e+02, 1.237787505514378550e+00
2.354751076698303223e+02, 4.050000000000000000e+02, 6.730000000000000000e+02, 1.237787505514378550e+00
2.355073587894439697e+02, 4.120000000000000000e+02, 6.760000000000000000e+02, 1.237787505514378550e+00
2.355396397113800049e+02, 4.130000000000000000e+02, 6.760000000000000000e+02, 1.237787505514378550e+00
2.355714046955108643e+02, 4.130000000000000000e+02, 6.760000000000000000e+02, 1.229933523880404111e+00
2.356089987754821777e+02, 4.120000000000000000e+02, 6.760000000000000000e+02, -2.434734306532089665e+00
2.356404087543487549e+02, 3.730000000000000000e+02, 6.610000000000000000e+02, -2.434734306532089665e+00
2.356727027893066406e+02, 3.360000000000000000e+02, 6.290000000000000000e+02, -2.434734306532089665e+00
2.357044389247894287e+02, 3.230000000000000000e+02, 6.120000000000000000e+02, -2.434734306532089665e+00
2.357357738018035889e+02, 3.100000000000000000e+02, 5.920000000000000000e+02, -2.434734306532089665e+00
2.357694928646087646e+02, 2.960000000000000000e+02, 5.680000000000000000e+02, -2.434734306532089665e+00
2.357994198799133301e+02, 2.980000000000000000e+02, 5.720000000000000000e+02, -2.434734306532089665e+00
2.358323256969451904e+02, 3.140000000000000000e+02, 5.980000000000000000e+02, -2.434734306532089665e+00
2.358684327602386475e+02, 3.460000000000000000e+02, 6.400000000000000000e+02, -2.434734306532089665e+00
2.358887486457824707e+02, 3.710000000000000000e+02, 6.590000000000000000e+02, -2.434734306532089665e+00
2.359103889465332031e+02, 3.940000000000000000e+02, 6.700000000000000000e+02, 1.192234412037326496e+00
2.359391639232635498e+02, 4.050000000000000000e+02, 6.740000000000000000e+02, 1.170243263462197980e+00
2.359713568687438965e+02, 4.000000000000000000e+02, 6.720000000000000000e+02, 1.157676892847838701e+00
2.360032517910003662e+02, 3.940000000000000000e+02, 6.700000000000000000e+02, 1.154535300194248881e+00
2.360358216762542725e+02, 3.960000000000000000e+02, 6.710000000000000000e+02, 1.151393707540659062e+00
2.360673398971557617e+02, 3.960000000000000000e+02, 6.710000000000000000e+02, 1.151393707540659062e+00
2.360993096828460693e+02, 3.950000000000000000e+02, 6.700000000000000000e+02, 1.152964503867454082e+00
2.361312446594238281e+02, 3.950000000000000000e+02, 6.710000000000000000e+02, 1.151393707540659062e+00
2.361629776954650879e+02, 3.950000000000000000e+02, 6.710000000000000000e+02, 1.152964503867454082e+00
2.361955077648162842e+02, 3.950000000000000000e+02, 6.700000000000000000e+02, 1.152964503867454082e+00
2.362272307872772217e+02, 3.950000000000000000e+02, 6.700000000000000000e+02, 1.151393707540659062e+00
2.362603387832641602e+02, 3.950000000000000000e+02, 6.700000000000000000e+02, 1.146681318560274443e+00
2.362913289070129395e+02, 3.950000000000000000e+02, 6.700000000000000000e+02, 1.079137076508094095e+00
2.363235318660736084e+02, 3.720000000000000000e+02, 6.610000000000000000e+02, 9.958848711879644267e-01
2.363560347557067871e+02, 3.450000000000000000e+02, 6.410000000000000000e+02, 1.016305223436298144e+00
2.363877120018005371e+02, 3.290000000000000000e+02, 6.220000000000000000e+02, 1.074424687527709255e+00
2.364193677902221680e+02, 3.280000000000000000e+02, 6.210000000000000000e+02, 1.064999909566940017e+00
2.364512708187103271e+02, 3.290000000000000000e+02, 6.230000000000000000e+02, 1.052433538952580738e+00
2.364834628105163574e+02, 3.430000000000000000e+02, 6.400000000000000000e+02, 1.047721149972196120e+00
2.365152077674865723e+02, 3.630000000000000000e+02, 6.560000000000000000e+02, 1.044579557318606300e+00
2.365477378368377686e+02, 3.620000000000000000e+02, 6.560000000000000000e+02, 1.043008760991811279e+00
2.365797197818756104e+02, 3.620000000000000000e+02, 6.550000000000000000e+02, 1.052433538952580738e+00
2.366111798286437988e+02, 3.630000000000000000e+02, 6.560000000000000000e+02, 1.157676892847838701e+00
2.366434686183929443e+02, 3.640000000000000000e+02, 6.560000000000000000e+02, 1.207942375305275373e+00
2.366752567291259766e+02, 3.770000000000000000e+02, 6.630000000000000000e+02, 1.215796356939250034e+00
2.367074267864227295e+02, 4.030000000000000000e+02, 6.730000000000000000e+02, 1.217367153266044832e+00
2.367390658855438232e+02, 4.090000000000000000e+02, 6.750000000000000000e+02, 1.217367153266044832e+00
2.367715697288513184e+02, 4.110000000000000000e+02, 6.760000000000000000e+02, 1.217367153266044832e+00
2.368032226562500000e+02, 4.110000000000000000e+02, 6.760000000000000000e+02, 1.217367153266044832e+00
2.368354706764221191e+02, 4.110000000000000000e+02, 6.760000000000000000e+02, 1.217367153266044832e+00
2.368675189018249512e+02, 4.110000000000000000e+02, 6.760000000000000000e+02, 1.217367153266044832e+00
2.368991007804870605e+02, 4.110000000000000000e+02, 6.760000000000000000e+02, 1.217367153266044832e+00
2.369310200214385986e+02, 4.110000000000000000e+02, 6.770000000000000000e+02, 1.217367153266044832e+00
2.369635057449340820e+02, 4.100000000000000000e+02, 6.760000000000000000e+02, 1.217367153266044832e+00
2.369949817657470703e+02, 4.110000000000000000e+02, 6.760000000000000000e+02, 1.217367153266044832e+00
2.370269198417663574e+02, 4.110000000000000000e+02, 6.760000000000000000e+02, 1.217367153266044832e+00
2.370591158866882324e+02, 4.110000000000000000e+02, 6.760000000000000000e+02, 1.217367153266044832e+00
2.370914278030395508e+02, 4.110000000000000000e+02, 6.760000000000000000e+02, 1.217367153266044832e+00
2.371234428882598877e+02, 4.110000000000000000e+02, 6.760000000000000000e+02, 1.212654764285660214e+00
2.371558136940002441e+02, 4.110000000000000000e+02, 6.760000000000000000e+02, 1.151393707540659062e+00
2.371875298023223877e+02, 3.950000000000000000e+02, 6.710000000000000000e+02, 1.075995483854504275e+00
2.372194197177886963e+02, 3.800000000000000000e+02, 6.650000000000000000e+02, 1.094845039776042750e+00
2.372513349056243896e+02, 3.690000000000000000e+02, 6.590000000000000000e+02, 1.116836188351171488e+00
2.372833058834075928e+02, 3.600000000000000000e+02, 6.540000000000000000e+02, 1.123119373658350906e+00
2.373150248527526855e+02, 3.650000000000000000e+02, 6.570000000000000000e+02, 1.127831762638735746e+00
2.373473296165466309e+02, 3.820000000000000000e+02, 6.650000000000000000e+02, 1.127831762638735746e+00
2.373789587020874023e+02, 3.850000000000000000e+02, 6.670000000000000000e+02, 1.127831762638735746e+00
2.374116148948669434e+02, 3.850000000000000000e+02, 6.670000000000000000e+02, 1.127831762638735746e+00
2.374441537857055664e+02, 3.850000000000000000e+02, 6.670000000000000000e+02, 1.118406984677966287e+00
2.374754507541656494e+02, 3.850000000000000000e+02, 6.670000000000000000e+02, 1.006880445475528685e+00
2.375074796676635742e+02, 3.480000000000000000e+02, 6.450000000000000000e+02, 9.974556675147593365e-01
2.375405628681182861e+02, 3.130000000000000000e+02, 5.990000000000000000e+02, 9.786061115932205290e-01
2.375712697505950928e+02, 2.990000000000000000e+02, 5.790000000000000000e+02, 1.002168056495144066e+00
2.376119637489318848e+02, 3.020000000000000000e+02, 5.820000000000000000e+02, -2.434734306532089665e+00
2.376404616832733154e+02, 3.180000000000000000e+02, 6.080000000000000000e+02, -2.434734306532089665e+00
2.376737928390502930e+02, 3.500000000000000000e+02, 6.470000000000000000e+02, -2.434734306532089665e+00
2.377034537792205811e+02, 3.470000000000000000e+02, 6.420000000000000000e+02, -2.434734306532089665e+00
2.377228877544403076e+02, 3.340000000000000000e+02, 6.270000000000000000e+02, -2.434734306532089665e+00
2.377509608268737793e+02, 3.150000000000000000e+02, 6.020000000000000000e+02, 9.110618695410399592e-01
2.377795698642730713e+02, 3.090000000000000000e+02, 5.960000000000000000e+02, 9.566149630180920127e-01
2.378111457824707031e+02, 3.090000000000000000e+02, 5.940000000000000000e+02, 9.707521299592460906e-01
2.378440027236938477e+02, 3.160000000000000000e+02, 6.050000000000000000e+02, 9.770353152664256191e-01
2.378751800060272217e+02, 3.380000000000000000e+02, 6.330000000000000000e+02, 9.770353152664256191e-01
2.379073967933654785e+02, 3.430000000000000000e+02, 6.390000000000000000e+02, 9.770353152664256191e-01
2.379395227432250977e+02, 3.430000000000000000e+02, 6.390000000000000000e+02, 9.786061115932205290e-01
2.379712917804718018e+02, 3.430000000000000000e+02, 6.390000000000000000e+02, 9.817477042468103487e-01
2.380093698501586914e+02, 3.440000000000000000e+02, 6.410000000000000000e+02, -2.434734306532089665e+00
2.380394837856292725e+02, 3.300000000000000000e+02, 6.240000000000000000e+02, -2.434734306532089665e+00
2.380704519748687744e+02, 3.230000000000000000e+02, 6.150000000000000000e+02, -2.434734306532089665e+00
2.380911438465118408e+02, 3.260000000000000000e+02, 6.180000000000000000e+02, -2.434734306532089665e+00
2.381075787544250488e+02, 3.320000000000000000e+02, 6.250000000000000000e+02, 9.864600932271950784e-01
2.381314029693603516e+02, 3.340000000000000000e+02, 6.290000000000000000e+02, 1.050862742625785939e+00
2.381631517410278320e+02, 3.380000000000000000e+02, 6.330000000000000000e+02, 1.130973355292325566e+00
2.381956229209899902e+02, 3.450000000000000000e+02, 6.410000000000000000e+02, 1.165530874481813139e+00
2.382282257080078125e+02, 3.870000000000000000e+02, 6.670000000000000000e+02, 1.206371578978480574e+00
2.382599408626556396e+02, 4.080000000000000000e+02, 6.750000000000000000e+02, 1.185951226730146857e+00
2.382910847663879395e+02, 4.080000000000000000e+02, 6.750000000000000000e+02, 1.222079542246429451e+00
2.383227787017822266e+02, 4.000000000000000000e+02, 6.730000000000000000e+02, 1.237787505514378550e+00
2.383548836708068848e+02, 4.060000000000000000e+02, 6.750000000000000000e+02, 1.237787505514378550e+00
2.383873229026794434e+02, 4.120000000000000000e+02, 6.770000000000000000e+02, 1.237787505514378550e+00
2.384192578792572021e+02, 4.120000000000000000e+02, 6.760000000000000000e+02, 1.231504320207198910e+00
2.384523136615753174e+02, 4.120000000000000000e+02, 6.770000000000000000e+02, 1.174955652442582599e+00
2.384834587574005127e+02, 4.080000000000000000e+02, 6.760000000000000000e+02, 1.192234412037326496e+00
2.385152468681335449e+02, 3.990000000000000000e+02, 6.720000000000000000e+02, 1.179668041422967217e+00
2.385469868183135986e+02, 3.950000000000000000e+02, 6.710000000000000000e+02, 1.168672467135402959e+00
2.385787777900695801e+02, 4.010000000000000000e+02, 6.740000000000000000e+02, 1.163960078155018341e+00
2.386111328601837158e+02, 3.980000000000000000e+02, 6.720000000000000000e+02, 1.160818485501428521e+00
2.386432337760925293e+02, 3.990000000000000000e+02, 6.720000000000000000e+02, 1.159247689174633722e+00
2.386751806735992432e+02, 3.970000000000000000e+02, 6.720000000000000000e+02, 1.159247689174633722e+00
2.387072157859802246e+02, 3.970000000000000000e+02, 6.720000000000000000e+02, 1.160818485501428521e+00
2.387392430305480957e+02, 3.970000000000000000e+02, 6.710000000000000000e+02, 1.159247689174633722e+00
2.387710068225860596e+02, 3.970000000000000000e+02, 6.720000000000000000e+02, 1.160818485501428521e+00
2.388033328056335449e+02, 3.970000000000000000e+02, 6.720000000000000000e+02, 1.159247689174633722e+00
2.388351669311523438e+02, 3.970000000000000000e+02, 6.720000000000000000e+02, 1.159247689174633722e+00
2.388673257827758789e+02, 3.970000000000000000e+02, 6.720000000000000000e+02, 1.159247689174633722e+00
2.388990237712860107e+02, 3.970000000000000000e+02, 6.720000000000000000e+02, 1.159247689174633722e+00
2.389309518337249756e+02, 3.970000000000000000e+02, 6.720000000000000000e+02, 1.159247689174633722e+00
2.389631547927856445e+02, 3.970000000000000000e+02, 6.720000000000000000e+02, 1.159247689174633722e+00
2.389948809146881104e+02, 3.970000000000000000e+02, 6.720000000000000000e+02, 1.159247689174633722e+00
2.390273280143737793e+02, 3.970000000000000000e+02, 6.720000000000000000e+02, 1.159247689174633722e+00
2.390594999790191650e+02, 3.970000000000000000e+02, 6.720000000000000000e+02, 1.145110522233479644e+00
2.390924117565155029e+02, 3.970000000000000000e+02, 6.720000000000000000e+02, 9.550441666912971028e-01
2.391221797466278076e+02, 3.790000000000000000e+02, 6.660000000000000000e+02, 7.461282552275758650e-01
2.391552009582519531e+02, 3.160000000000000000e+02, 6.070000000000000000e+02, 6.330309196983433528e-01
2.391876738071441650e+02, 2.690000000000000000e+02, 5.090000000000000000e+02, 6.188937527571892749e-01
2.392193489074707031e+02, 2.630000000000000000e+02, 4.890000000000000000e+02, 6.691592352146259470e-01
2.392514867782592773e+02, 2.610000000000000000e+02, 4.780000000000000000e+02, 6.927211801165493732e-01
2.392833406925201416e+02, 2.620000000000000000e+02, 4.800000000000000000e+02, 6.990043654237290127e-01
2.393154978752136230e+02, 2.700000000000000000e+02, 5.130000000000000000e+02, 6.958627727701391930e-01
2.393473637104034424e+02, 2.840000000000000000e+02, 5.520000000000000000e+02, 5.827654372409065697e-01
2.393797099590301514e+02, 2.760000000000000000e+02, 5.310000000000000000e+02, 4.680973053848791476e-01
2.394119508266448975e+02, 2.600000000000000000e+02, 4.750000000000000000e+02, 4.869468613064179552e-01
2.394441668987274170e+02, 2.550000000000000000e+02, 4.510000000000000000e+02, 5.701990666265474017e-01
2.394753279685974121e+02, 2.560000000000000000e+02, 4.540000000000000000e+02, 6.581636609270615779e-01
2.395076489448547363e+02, 2.690000000000000000e+02, 5.100000000000000000e+02, 6.801548095021902052e-01
2.395391838550567627e+02, 2.790000000000000000e+02, 5.410000000000000000e+02, 5.921902152016760290e-01
2.395711479187011719e+02, 2.810000000000000000e+02, 5.440000000000000000e+02, 5.482079180514188854e-01
2.396031277179718018e+02, 2.650000000000000000e+02, 4.970000000000000000e+02, 5.419247327442392459e-01
2.396356077194213867e+02, 2.610000000000000000e+02, 4.840000000000000000e+02, 5.419247327442392459e-01
2.396674969196319580e+02, 2.610000000000000000e+02, 4.840000000000000000e+02, 5.419247327442392459e-01
2.396999177932739258e+02, 2.650000000000000000e+02, 5.000000000000000000e+02, 5.434955290710341558e-01
2.397310876846313477e+02, 2.650000000000000000e+02, 5.010000000000000000e+02, 5.670574739729576930e-01
2.397628736495971680e+02, 2.660000000000000000e+02, 5.010000000000000000e+02, 5.780530482605219511e-01
2.397951769828796387e+02, 2.680000000000000000e+02, 5.050000000000000000e+02, 5.811946409141117709e-01
2.398273527622222900e+02, 2.690000000000000000e+02, 5.090000000000000000e+02, 5.796238445873168610e-01
2.398591628074645996e+02, 2.700000000000000000e+02, 5.100000000000000000e+02, 5.796238445873168610e-01
2.398914697170257568e+02, 2.700000000000000000e+02, 5.090000000000000000e+02, 5.811946409141117709e-01
2.399231078624725342e+02, 2.700000000000000000e+02, 5.090000000000000000e+02, 5.796238445873168610e-01
2.399552707672119141e+02, 2.700000000000000000e+02, 5.090000000000000000e+02, 5.796238445873168610e-01
2.399875409603118896e+02, 2.710000000000000000e+02, 5.080000000000000000e+02, 5.796238445873168610e-01
2.400201516151428223e+02, 2.710000000000000000e+02, 5.080000000000000000e+02, 5.654866776461627831e-01
2.400513029098510742e+02, 2.720000000000000000e+02, 5.080000000000000000e+02, 3.911282853719292296e-01
2.400830190181732178e+02, 2.710000000000000000e+02, 5.080000000000000000e+02, 2.796017461694915718e-01
2.401152198314666748e+02, 2.560000000000000000e+02, 4.360000000000000000e+02, 2.576105975943630555e-01
2.401471178531646729e+02, 2.560000000000000000e+02, 3.580000000000000000e+02, 2.576105975943630555e-01
2.401789498329162598e+02, 2.630000000000000000e+02, 3.140000000000000000e+02, 2.576105975943630555e-01
2.402109837532043457e+02, 2.700000000000000000e+02, 3.050000000000000000e+02, 2.576105975943630555e-01
2.402431218624114990e+02, 2.750000000000000000e+02, 3.300000000000000000e+02, 2.576105975943630555e-01
2.402753326892852783e+02, 2.780000000000000000e+02, 3.890000000000000000e+02, 2.576105975943630555e-01
2.403071990013122559e+02, 2.630000000000000000e+02, 3.830000000000000000e+02, 2.576105975943630555e-01
2.403397638797760010e+02, 2.540000000000000000e+02, 3.960000000000000000e+02, 2.638937829015426395e-01
2.403714847564697266e+02, 2.540000000000000000e+02, 3.970000000000000000e+02, 3.659955441432108936e-01
2.404098508358001709e+02, 2.550000000000000000e+02, 4.090000000000000000e+02, -2.434734306532089665e+00
2.404437158107757568e+02, 2.590000000000000000e+02, 4.520000000000000000e+02, -2.434734306532089665e+00
2.404746148586273193e+02, 2.680000000000000000e+02, 4.920000000000000000e+02, -2.434734306532089665e+00
2.405054259300231934e+02, 2.760000000000000000e+02, 5.190000000000000000e+02, -2.434734306532089665e+00
2.405359578132629395e+02, 2.790000000000000000e+02, 5.290000000000000000e+02, -2.434734306532089665e+00
2.405715217590332031e+02, 2.780000000000000000e+02, 5.270000000000000000e+02, -2.434734306532089665e+00
2.406026029586791992e+02, 2.860000000000000000e+02, 5.480000000000000000e+02, -2.434734306532089665e+00
2.406314387321472168e+02, 2.910000000000000000e+02, 5.580000000000000000e+02, -2.434734306532089665e+00
2.406504058837890625e+02, 2.890000000000000000e+02, 5.550000000000000000e+02, -2.434734306532089665e+00
2.406780159473419189e+02, 2.940000000000000000e+02, 5.660000000000000000e+02, 8.230972752405257831e-01
2.407071208953857422e+02, 3.030000000000000000e+02, 5.800000000000000000e+02, 8.670795723907829267e-01
2.407392158508300781e+02, 3.130000000000000000e+02, 5.970000000000000000e+02, 8.466592201424493203e-01
2.407711539268493652e+02, 3.200000000000000000e+02, 6.060000000000000000e+02, 8.293804605477054226e-01
2.408032717704772949e+02, 3.130000000000000000e+02, 5.980000000000000000e+02, 8.262388678941156028e-01
2.408351628780364990e+02, 3.120000000000000000e+02, 5.970000000000000000e+02, 8.262388678941156028e-01
2.408670957088470459e+02, 3.120000000000000000e+02, 5.970000000000000000e+02, 8.262388678941156028e-01
2.408994019031524658e+02, 3.130000000000000000e+02, 5.970000000000000000e+02, 8.262388678941156028e-01
2.409310967922210693e+02, 3.120000000000000000e+02, 5.970000000000000000e+02, 8.262388678941156028e-01
2.409627797603607178e+02, 3.120000000000000000e+02, 5.970000000000000000e+02, 8.262388678941156028e-01
2.409952089786529541e+02, 3.120000000000000000e+02, 5.970000000000000000e+02, 8.262388678941156028e-01
2.410269367694854736e+02, 3.120000000000000000e+02, 5.960000000000000000e+02, 8.262388678941156028e-01
2.410591468811035156e+02, 3.120000000000000000e+02, 5.970000000000000000e+02, 8.262388678941156028e-01
2.410910809040069580e+02, 3.120000000000000000e+02, 5.970000000000000000e+02, 8.262388678941156028e-01
2.411232087612152100e+02, 3.130000000000000000e+02, 5.970000000000000000e+02, 8.262388678941156028e-01
2.411556956768035889e+02, 3.120000000000000000e+02, 5.970000000000000000e+02, 8.152432936065513447e-01
2.411872477531433105e+02, 3.120000000000000000e+02, 5.970000000000000000e+02, 6.534512719466769592e-01
2.412191998958587646e+02, 2.980000000000000000e+02, 5.740000000000000000e+02, 6.126105674500096354e-01
2.412508678436279297e+02, 2.780000000000000000e+02, 5.300000000000000000e+02, 6.188937527571892749e-01
2.412830369472503662e+02, 2.600000000000000000e+02, 4.640000000000000000e+02, 6.236061417375740046e-01
2.413148658275604248e+02, 2.540000000000000000e+02, 4.300000000000000000e+02, 6.251769380643689145e-01
2.413476736545562744e+02, 2.540000000000000000e+02, 4.320000000000000000e+02, 6.251769380643689145e-01
2.413798778057098389e+02, 2.600000000000000000e+02, 4.680000000000000000e+02, 6.220353454107790947e-01
2.414123106002807617e+02, 2.740000000000000000e+02, 5.220000000000000000e+02, 5.372123437638546273e-01
2.414436547756195068e+02, 2.700000000000000000e+02, 5.070000000000000000e+02, 4.366813788489812831e-01
2.414760417938232422e+02, 2.600000000000000000e+02, 4.710000000000000000e+02, 3.377212102609027378e-01
2.415070748329162598e+02, 2.580000000000000000e+02, 4.570000000000000000e+02, 2.466150233067987696e-01
2.415393610000610352e+02, 2.530000000000000000e+02, 4.110000000000000000e+02, 2.120575041173110575e-01
2.415710327625274658e+02, 2.520000000000000000e+02, 3.900000000000000000e+02, 2.104867077905161477e-01
2.416031837463378906e+02, 2.540000000000000000e+02, 3.780000000000000000e+02, 2.104867077905161477e-01
2.416350269317626953e+02, 2.540000000000000000e+02, 3.810000000000000000e+02, 2.104867077905161477e-01
2.416670620441436768e+02, 2.530000000000000000e+02, 3.810000000000000000e+02, 2.104867077905161477e-01
2.416994848251342773e+02, 2.520000000000000000e+02, 3.820000000000000000e+02, 2.136283004441059397e-01
2.417312977313995361e+02, 2.530000000000000000e+02, 3.820000000000000000e+02, 2.450442269800038597e-01
2.417634706497192383e+02, 2.540000000000000000e+02, 3.820000000000000000e+02, 3.125884690321844572e-01
2.417963325977325439e+02, 2.540000000000000000e+02, 3.930000000000000000e+02, 4.005530633326986334e-01
2.418272347450256348e+02, 2.560000000000000000e+02, 4.320000000000000000e+02, 4.775220833456485514e-01
2.418593049049377441e+02, 2.570000000000000000e+02, 4.400000000000000000e+02, 5.607742886657780534e-01
2.418915288448333740e+02, 2.630000000000000000e+02, 4.760000000000000000e+02, 5.921902152016760290e-01
2.419231529235839844e+02, 2.720000000000000000e+02, 5.070000000000000000e+02, 5.969026041820606476e-01
2.419550127983093262e+02, 2.730000000000000000e+02, 5.140000000000000000e+02, 5.984734005088555575e-01
2.419871568679809570e+02, 2.730000000000000000e+02, 5.140000000000000000e+02, 5.984734005088555575e-01
2.420200808048248291e+02, 2.730000000000000000e+02, 5.140000000000000000e+02, 5.859070298944963895e-01
2.420510346889495850e+02, 2.730000000000000000e+02, 5.150000000000000000e+02, 4.790928796724434613e-01
2.420830557346343994e+02, 2.730000000000000000e+02, 5.150000000000000000e+02, 4.256858045614169694e-01
2.421149539947509766e+02, 2.600000000000000000e+02, 4.700000000000000000e+02, 4.194026192542373854e-01
2.421467888355255127e+02, 2.550000000000000000e+02, 4.300000000000000000e+02, 4.194026192542373854e-01
2.421790246963500977e+02, 2.550000000000000000e+02, 4.250000000000000000e+02, 4.194026192542373854e-01
2.422113668918609619e+02, 2.570000000000000000e+02, 4.520000000000000000e+02, 4.084070449666731273e-01
2.422432777881622314e+02, 2.600000000000000000e+02, 4.550000000000000000e+02, 2.293362637120548719e-01
2.422757718563079834e+02, 2.530000000000000000e+02, 4.130000000000000000e+02, 2.199114857512855098e-02
2.423072388172149658e+02, 2.570000000000000000e+02, 3.360000000000000000e+02, -9.581857593448868393e-02
2.423393137454986572e+02, 2.730000000000000000e+02, 2.740000000000000000e+02, -8.168140899333461991e-02
2.423718416690826416e+02, 2.870000000000000000e+02, 2.480000000000000000e+02, -9.738937226128357993e-02
2.424031527042388916e+02, 2.940000000000000000e+02, 2.480000000000000000e+02, -1.413716694115406958e-01
2.424347808361053467e+02, 3.010000000000000000e+02, 2.560000000000000000e+02, -1.586504290062845657e-01
2.424669897556304932e+02, 3.160000000000000000e+02, 2.630000000000000000e+02, -1.602212253330794478e-01
2.424990069866180420e+02, 3.320000000000000000e+02, 2.610000000000000000e+02, -1.602212253330794478e-01
2.425310037136077881e+02, 3.490000000000000000e+02, 2.640000000000000000e+02, -1.602212253330794478e-01
2.425631048679351807e+02, 3.670000000000000000e+02, 2.670000000000000000e+02, -1.649336143134641219e-01
2.425959548950195312e+02, 4.000000000000000000e+02, 2.710000000000000000e+02, -2.513274122871834715e-01
2.426278829574584961e+02, 4.270000000000000000e+02, 2.660000000000000000e+02, -3.565707661824415453e-01
2.426596417427062988e+02, 4.430000000000000000e+02, 2.590000000000000000e+02, -4.476769531365454857e-01
2.426910326480865479e+02, 4.780000000000000000e+02, 2.480000000000000000e+02, -4.775220833456485514e-01
2.427225608825683594e+02, 5.160000000000000000e+02, 2.500000000000000000e+02, -4.822344723260332255e-01
2.427551689147949219e+02, 5.580000000000000000e+02, 2.660000000000000000e+02, -4.822344723260332255e-01
2.427869329452514648e+02, 6.030000000000000000e+02, 2.920000000000000000e+02, -4.806636759992383157e-01
2.428200557231903076e+02, 6.550000000000000000e+02, 3.220000000000000000e+02, -4.822344723260332255e-01
2.428510589599609375e+02, 6.840000000000000000e+02, 3.350000000000000000e+02, -4.806636759992383157e-01
2.428831658363342285e+02, 7.500000000000000000e+02, 3.610000000000000000e+02, -4.822344723260332255e-01
2.429148948192596436e+02, 8.270000000000000000e+02, 3.960000000000000000e+02, -4.822344723260332255e-01
2.429466559886932373e+02, 9.130000000000000000e+02, 4.360000000000000000e+02, -4.822344723260332255e-01
2.429784958362579346e+02, 9.770000000000000000e+02, 4.660000000000000000e+02, -4.822344723260332255e-01
2.430110096931457520e+02, 9.540000000000000000e+02, 4.570000000000000000e+02, -4.806636759992383157e-01
2.430432119369506836e+02, 9.540000000000000000e+02, 4.570000000000000000e+02, -4.822344723260332255e-01
2.430750427246093750e+02, 9.750000000000000000e+02, 4.670000000000000000e+02, -4.822344723260332255e-01
2.431069827079772949e+02, 9.740000000000000000e+02, 4.670000000000000000e+02, -4.822344723260332255e-01
2.431390819549560547e+02, 9.780000000000000000e+02, 4.680000000000000000e+02, -4.822344723260332255e-01
2.431712858676910400e+02, 9.780000000000000000e+02, 4.690000000000000000e+02, -4.916592502868026293e-01
2.432089138031005859e+02, 9.790000000000000000e+02, 4.680000000000000000e+02, -2.434734306532089665e+00
2.432398498058319092e+02, 9.740000000000000000e+02, 4.880000000000000000e+02, -2.434734306532089665e+00
2.432714958190917969e+02, 9.580000000000000000e+02, 5.340000000000000000e+02, -2.434734306532089665e+00
2.433063569068908691e+02, 9.540000000000000000e+02, 5.460000000000000000e+02, -2.434734306532089665e+00
2.433244607448577881e+02, 9.520000000000000000e+02, 5.500000000000000000e+02, -2.434734306532089665e+00
2.433408687114715576e+02, 9.490000000000000000e+02, 5.580000000000000000e+02, -8.089601082993717052e-01
2.433788259029388428e+02, 9.440000000000000000e+02, 5.700000000000000000e+02, -7.979645340118074470e-01
2.434108498096466064e+02, 9.350000000000000000e+02, 5.870000000000000000e+02, -7.916813487046279185e-01
2.434433047771453857e+02, 9.360000000000000000e+02, 5.860000000000000000e+02, -7.901105523778330086e-01
2.434750525951385498e+02, 9.380000000000000000e+02, 5.860000000000000000e+02, -7.901105523778330086e-01
2.435069487094879150e+02, 9.380000000000000000e+02, 5.870000000000000000e+02, -7.869689597242431889e-01
2.435391769409179688e+02, 9.390000000000000000e+02, 5.870000000000000000e+02, -7.634070148223197627e-01
2.435711669921875000e+02, 9.450000000000000000e+02, 5.770000000000000000e+02, -7.853981633974482790e-01
2.436097688674926758e+02, 9.440000000000000000e+02, 5.790000000000000000e+02, -2.434734306532089665e+00
2.436432828903198242e+02, 9.420000000000000000e+02, 5.820000000000000000e+02, -2.434734306532089665e+00
2.436759479045867920e+02, 9.440000000000000000e+02, 5.790000000000000000e+02, -2.434734306532089665e+00
2.437024288177490234e+02, 9.410000000000000000e+02, 5.840000000000000000e+02, -2.434734306532089665e+00
2.437354989051818848e+02, 9.410000000000000000e+02, 5.850000000000000000e+02, -2.434734306532089665e+00
2.437706849575042725e+02, 9.380000000000000000e+02, 5.870000000000000000e+02, -2.434734306532089665e+00
2.437882678508758545e+02, 9.450000000000000000e+02, 5.750000000000000000e+02, -2.434734306532089665e+00
2.438150107860565186e+02, 9.600000000000000000e+02, 5.450000000000000000e+02, -6.785840131753952953e-01
2.438429908752441406e+02, 9.610000000000000000e+02, 5.410000000000000000e+02, -6.581636609270615779e-01
2.438749167919158936e+02, 9.600000000000000000e+02, 5.440000000000000000e+02, -6.518804756198820494e-01
2.439070630073547363e+02, 9.620000000000000000e+02, 5.410000000000000000e+02, -6.518804756198820494e-01
2.439388599395751953e+02, 9.630000000000000000e+02, 5.400000000000000000e+02, -6.518804756198820494e-01
2.439708387851715088e+02, 9.630000000000000000e+02, 5.400000000000000000e+02, -6.518804756198820494e-01
2.440031177997589111e+02, 9.630000000000000000e+02, 5.400000000000000000e+02, -6.518804756198820494e-01
2.440353498458862305e+02, 9.620000000000000000e+02, 5.400000000000000000e+02, -6.518804756198820494e-01
2.440669219493865967e+02, 9.620000000000000000e+02, 5.400000000000000000e+02, -6.518804756198820494e-01
2.440987958908081055e+02, 9.620000000000000000e+02, 5.390000000000000000e+02, -6.518804756198820494e-01
2.441308908462524414e+02, 9.630000000000000000e+02, 5.390000000000000000e+02, -6.518804756198820494e-01
2.441628408432006836e+02, 9.610000000000000000e+02, 5.390000000000000000e+02, -6.518804756198820494e-01
2.441947398185729980e+02, 9.620000000000000000e+02, 5.400000000000000000e+02, -6.518804756198820494e-01
2.442267878055572510e+02, 9.620000000000000000e+02, 5.390000000000000000e+02, -6.518804756198820494e-01
2.442591207027435303e+02, 9.620000000000000000e+02, 5.400000000000000000e+02, -6.518804756198820494e-01
2.442918758392333984e+02, 9.610000000000000000e+02, 5.400000000000000000e+02, -6.377433086787280825e-01
2.443230006694793701e+02, 9.620000000000000000e+02, 5.400000000000000000e+02, -4.571017310973148895e-01
2.443549587726593018e+02, 9.680000000000000000e+02, 5.230000000000000000e+02, -3.047344873982099633e-01
2.443875098228454590e+02, 9.880000000000000000e+02, 4.470000000000000000e+02, -2.654645792283375494e-01
2.444189577102661133e+02, 9.910000000000000000e+02, 4.010000000000000000e+02, -2.638937829015426395e-01
2.444509477615356445e+02, 9.910000000000000000e+02, 3.920000000000000000e+02, -2.638937829015426395e-01
2.444828617572784424e+02, 9.910000000000000000e+02, 4.010000000000000000e+02, -2.638937829015426395e-01
2.445147325992584229e+02, 9.910000000000000000e+02, 4.050000000000000000e+02, -2.638937829015426395e-01
2.445467798709869385e+02, 9.910000000000000000e+02, 4.050000000000000000e+02, -2.638937829015426395e-01
2.445788538455963135e+02, 9.900000000000000000e+02, 4.050000000000000000e+02, -2.638937829015426395e-01
2.446108989715576172e+02, 9.900000000000000000e+02, 4.050000000000000000e+02, -2.560398012675681456e-01
2.446434469223022461e+02, 9.880000000000000000e+02, 4.050000000000000000e+02, -1.445132620651304878e-01
2.446750819683074951e+02, 9.870000000000000000e+02, 3.690000000000000000e+02, -1.256637061435917357e-01
2.447081637382507324e+02, 9.780000000000000000e+02, 3.190000000000000000e+02, -8.796459430051420392e-02
2.447390840053558350e+02, 9.750000000000000000e+02, 3.090000000000000000e+02, -1.068141502220529698e-01
2.447711908817291260e+02, 9.660000000000000000e+02, 3.080000000000000000e+02, -1.162389281828223458e-01
2.448027839660644531e+02, 9.590000000000000000e+02, 3.380000000000000000e+02, -1.178097245096172418e-01
2.448350348472595215e+02, 9.590000000000000000e+02, 3.360000000000000000e+02, -1.162389281828223458e-01
2.448670940399169922e+02, 9.550000000000000000e+02, 3.420000000000000000e+02, -1.209513171632070339e-01
2.448988506793975830e+02, 9.530000000000000000e+02, 3.420000000000000000e+02, -1.712167996206437337e-01
2.449309046268463135e+02, 9.540000000000000000e+02, 3.430000000000000000e+02, -1.963495408493620697e-01
2.449630408287048340e+02, 9.550000000000000000e+02, 3.540000000000000000e+02, -2.010619298297467716e-01
2.449948878288269043e+02, 9.670000000000000000e+02, 3.670000000000000000e+02, -1.790707812546182276e-01
2.450273737907409668e+02, 9.740000000000000000e+02, 3.680000000000000000e+02, -1.209513171632070339e-01
2.450590088367462158e+02, 9.820000000000000000e+02, 3.690000000000000000e+02, -9.110618695410400980e-02
2.450910909175872803e+02, 9.800000000000000000e+02, 3.440000000000000000e+02, -8.796459430051420392e-02
2.451229958534240723e+02, 9.760000000000000000e+02, 3.280000000000000000e+02, -8.796459430051420392e-02
2.451547966003417969e+02, 9.740000000000000000e+02, 3.400000000000000000e+02, -8.796459430051420392e-02
2.451870357990264893e+02, 9.740000000000000000e+02, 3.410000000000000000e+02, -8.796459430051420392e-02
2.452187378406524658e+02, 9.750000000000000000e+02, 3.410000000000000000e+02, -8.168140899333461991e-02
2.452520167827606201e+02, 9.780000000000000000e+02, 3.410000000000000000e+02, 7.853981633974483484e-03
2.452830288410186768e+02, 9.800000000000000000e+02, 3.410000000000000000e+02, 9.110618695410400980e-02
2.453149418830871582e+02, 9.720000000000000000e+02, 3.100000000000000000e+02, 1.193805208364121379e-01
2.453468987941741943e+02, 9.650000000000000000e+02, 2.830000000000000000e+02, 1.225221134900019299e-01
2.453783967494964600e+02, 9.530000000000000000e+02, 2.750000000000000000e+02, 1.225221134900019299e-01
2.454107058048248291e+02, 9.460000000000000000e+02, 2.750000000000000000e+02, 1.225221134900019299e-01
2.454425127506256104e+02, 9.300000000000000000e+02, 2.770000000000000000e+02, 1.225221134900019299e-01
2.454747848510742188e+02, 9.130000000000000000e+02, 2.770000000000000000e+02, 1.225221134900019299e-01
2.455070006847381592e+02, 8.940000000000000000e+02, 2.800000000000000000e+02, 1.225221134900019299e-01
2.455389409065246582e+02, 8.730000000000000000e+02, 2.810000000000000000e+02, 1.225221134900019299e-01
2.455708956718444824e+02, 8.500000000000000000e+02, 2.840000000000000000e+02, 1.225221134900019299e-01
2.456028926372528076e+02, 8.240000000000000000e+02, 2.870000000000000000e+02, 1.225221134900019299e-01
2.456345968246459961e+02, 8.110000000000000000e+02, 2.890000000000000000e+02, 1.225221134900019299e-01
2.456668789386749268e+02, 7.840000000000000000e+02, 2.930000000000000000e+02, 1.225221134900019299e-01
2.456986129283905029e+02, 7.550000000000000000e+02, 2.970000000000000000e+02, 1.225221134900019299e-01
2.457309868335723877e+02, 7.240000000000000000e+02, 3.030000000000000000e+02, 1.225221134900019299e-01
2.457627546787261963e+02, 6.910000000000000000e+02, 3.080000000000000000e+02, 1.225221134900019299e-01
2.457949898242950439e+02, 6.540000000000000000e+02, 3.130000000000000000e+02, 1.225221134900019299e-01
2.458265976905822754e+02, 6.170000000000000000e+02, 3.150000000000000000e+02, 1.225221134900019299e-01
2.458590729236602783e+02, 5.750000000000000000e+02, 3.190000000000000000e+02, 1.225221134900019299e-01
2.458912708759307861e+02, 5.340000000000000000e+02, 3.220000000000000000e+02, 1.272345024703866179e-01
2.459236397743225098e+02, 4.660000000000000000e+02, 3.240000000000000000e+02, 2.073451151369263556e-01
2.459552016258239746e+02, 4.150000000000000000e+02, 3.390000000000000000e+02, 2.010619298297467716e-01
2.459874768257141113e+02, 3.600000000000000000e+02, 3.550000000000000000e+02, 2.246238747316701978e-01
2.460188899040222168e+02, 3.320000000000000000e+02, 3.610000000000000000e+02, 2.733185608623119878e-01
2.460508139133453369e+02, 3.020000000000000000e+02, 3.660000000000000000e+02, 2.953097094374405596e-01
2.460830807685852051e+02, 2.510000000000000000e+02, 3.920000000000000000e+02, 2.968805057642354694e-01
2.461148207187652588e+02, 2.500000000000000000e+02, 4.020000000000000000e+02, 2.968805057642354694e-01
2.461464138031005859e+02, 2.520000000000000000e+02, 4.050000000000000000e+02, 2.984513020910303238e-01
2.461783769130706787e+02, 2.530000000000000000e+02, 4.050000000000000000e+02, 2.984513020910303238e-01
2.462106747627258301e+02, 2.530000000000000000e+02, 4.050000000000000000e+02, 2.968805057642354694e-01
2.462433478832244873e+02, 2.540000000000000000e+02, 4.040000000000000000e+02, 2.890265241302609756e-01
2.462752127647399902e+02, 2.540000000000000000e+02, 4.040000000000000000e+02, 2.010619298297467716e-01
2.463072428703308105e+02, 2.540000000000000000e+02, 4.040000000000000000e+02, 1.570796326794896558e-01
2.463386139869689941e+02, 2.550000000000000000e+02, 3.640000000000000000e+02, 1.523672436991049817e-01
2.463709957599639893e+02, 2.570000000000000000e+02, 3.440000000000000000e+02, 1.523672436991049817e-01
2.464024949073791504e+02, 2.580000000000000000e+02, 3.580000000000000000e+02, 1.523672436991049817e-01
2.464345097541809082e+02, 2.570000000000000000e+02, 3.600000000000000000e+02, 1.523672436991049817e-01
2.464669597148895264e+02, 2.550000000000000000e+02, 3.600000000000000000e+02, 1.633628179866692398e-01
2.464991416931152344e+02, 2.550000000000000000e+02, 3.610000000000000000e+02, 2.937389131106456497e-01
2.465311307907104492e+02, 2.540000000000000000e+02, 3.610000000000000000e+02, 3.989822670059037235e-01
2.465627038478851318e+02, 2.540000000000000000e+02, 3.770000000000000000e+02, 4.319689898685966090e-01
2.465945827960968018e+02, 2.550000000000000000e+02, 4.290000000000000000e+02, 4.366813788489812831e-01
2.466267106533050537e+02, 2.580000000000000000e+02, 4.550000000000000000e+02, 4.366813788489812831e-01
2.466587958335876465e+02, 2.570000000000000000e+02, 4.560000000000000000e+02, 4.366813788489812831e-01
2.466912126541137695e+02, 2.570000000000000000e+02, 4.570000000000000000e+02, 4.366813788489812831e-01
2.467227137088775635e+02, 2.570000000000000000e+02, 4.560000000000000000e+02, 4.366813788489812831e-01
2.467546906471252441e+02, 2.580000000000000000e+02, 4.570000000000000000e+02, 4.366813788489812831e-01
2.467869057655334473e+02, 2.570000000000000000e+02, 4.570000000000000000e+02, 4.366813788489812831e-01
2.468201358318328857e+02, 2.570000000000000000e+02, 4.570000000000000000e+02, 4.555309347705199796e-01
2.468505568504333496e+02, 2.570000000000000000e+02, 4.570000000000000000e+02, 6.361725123519331726e-01
2.468832998275756836e+02, 2.580000000000000000e+02, 4.570000000000000000e+02, 7.634070148223197627e-01
2.469147007465362549e+02, 2.630000000000000000e+02, 4.820000000000000000e+02, 7.901105523778330086e-01
2.469472079277038574e+02, 2.790000000000000000e+02, 5.360000000000000000e+02, 7.901105523778330086e-01
2.469785206317901611e+02, 3.000000000000000000e+02, 5.800000000000000000e+02, 7.885397560510380988e-01
2.470109667778015137e+02, 3.020000000000000000e+02, 5.840000000000000000e+02, 7.885397560510380988e-01
2.470435187816619873e+02, 3.030000000000000000e+02, 5.850000000000000000e+02, 7.838273670706533691e-01
2.470751507282257080e+02, 3.030000000000000000e+02, 5.840000000000000000e+02, 7.178539213452677092e-01
2.471072356700897217e+02, 3.020000000000000000e+02, 5.800000000000000000e+02, 6.832964021557800249e-01
2.471389577388763428e+02, 2.850000000000000000e+02, 5.500000000000000000e+02, 6.770132168486003854e-01
2.471708998680114746e+02, 2.850000000000000000e+02, 5.480000000000000000e+02, 6.770132168486003854e-01
2.472028338909149170e+02, 2.850000000000000000e+02, 5.480000000000000000e+02, 6.770132168486003854e-01
2.472349267005920410e+02, 2.850000000000000000e+02, 5.480000000000000000e+02, 6.770132168486003854e-01
2.472666838169097900e+02, 2.850000000000000000e+02, 5.480000000000000000e+02, 6.770132168486003854e-01
2.472990028858184814e+02, 2.850000000000000000e+02, 5.480000000000000000e+02, 6.770132168486003854e-01
2.473311817646026611e+02, 2.850000000000000000e+02, 5.480000000000000000e+02, 6.864379948093698447e-01
2.473631496429443359e+02, 2.850000000000000000e+02, 5.480000000000000000e+02, 7.492698478811655738e-01
2.473950798511505127e+02, 2.880000000000000000e+02, 5.540000000000000000e+02, 8.325220532012952424e-01
2.474270410537719727e+02, 2.940000000000000000e+02, 5.640000000000000000e+02, 9.047786842338603197e-01
2.474588017463684082e+02, 3.160000000000000000e+02, 6.020000000000000000e+02, 9.299114254625787668e-01
2.474904429912567139e+02, 3.280000000000000000e+02, 6.180000000000000000e+02, 9.361946107697582953e-01
2.475223207473754883e+02, 3.340000000000000000e+02, 6.250000000000000000e+02, 9.377654070965532052e-01
2.475545237064361572e+02, 3.350000000000000000e+02, 6.270000000000000000e+02, 9.377654070965532052e-01
2.475865936279296875e+02, 3.350000000000000000e+02, 6.270000000000000000e+02, 9.377654070965532052e-01
2.476197288036346436e+02, 3.340000000000000000e+02, 6.270000000000000000e+02, 9.424777960769379348e-01
2.476510038375854492e+02, 3.340000000000000000e+02, 6.270000000000000000e+02, 9.943140748611695168e-01
2.476827876567840576e+02, 3.340000000000000000e+02, 6.270000000000000000e+02, 1.019446816089887964e+00
2.477151398658752441e+02, 3.440000000000000000e+02, 6.390000000000000000e+02, 1.027300797723862402e+00
2.477471098899841309e+02, 3.530000000000000000e+02, 6.500000000000000000e+02, 1.028871594050657201e+00
2.477784578800201416e+02, 3.550000000000000000e+02, 6.520000000000000000e+02, 1.028871594050657201e+00
2.478103117942810059e+02, 3.560000000000000000e+02, 6.530000000000000000e+02, 1.027300797723862402e+00
2.478429787158966064e+02, 3.570000000000000000e+02, 6.520000000000000000e+02, 1.028871594050657201e+00
2.478748488426208496e+02, 3.570000000000000000e+02, 6.530000000000000000e+02, 1.028871594050657201e+00
2.479066717624664307e+02, 3.560000000000000000e+02, 6.520000000000000000e+02, 1.028871594050657201e+00
2.479390158653259277e+02, 3.560000000000000000e+02, 6.530000000000000000e+02, 1.035154779357836841e+00
2.479716815948486328e+02, 3.570000000000000000e+02, 6.530000000000000000e+02, 1.123119373658350906e+00
2.480031018257141113e+02, 3.590000000000000000e+02, 6.550000000000000000e+02, 1.217367153266044832e+00
2.480346429347991943e+02, 3.650000000000000000e+02, 6.590000000000000000e+02, 1.240929098167968370e+00
2.480667047500610352e+02, 3.860000000000000000e+02, 6.700000000000000000e+02, 1.240929098167968370e+00
2.480986108779907227e+02, 4.060000000000000000e+02, 6.790000000000000000e+02, 1.240929098167968370e+00
2.481308369636535645e+02, 4.080000000000000000e+02, 6.780000000000000000e+02, 1.240929098167968370e+00
2.481626558303833008e+02, 4.080000000000000000e+02, 6.780000000000000000e+02, 1.240929098167968370e+00
2.481950478553771973e+02, 4.080000000000000000e+02, 6.780000000000000000e+02, 1.240929098167968370e+00
2.482266349792480469e+02, 4.080000000000000000e+02, 6.780000000000000000e+02, 1.240929098167968370e+00
2.482592766284942627e+02, 4.080000000000000000e+02, 6.780000000000000000e+02, 1.228362727553609091e+00
2.482909488677978516e+02, 4.070000000000000000e+02, 6.780000000000000000e+02, 1.046150353645401099e+00
2.483234038352966309e+02, 3.600000000000000000e+02, 6.590000000000000000e+02, 8.215264789137309842e-01
2.483546895980834961e+02, 3.030000000000000000e+02, 5.900000000000000000e+02, 6.723008278682157668e-01
2.483878338336944580e+02, 2.770000000000000000e+02, 5.370000000000000000e+02, 6.597344572538564877e-01
2.484201128482818604e+02, 2.720000000000000000e+02, 5.240000000000000000e+02, 6.157521601035994552e-01
2.484509499073028564e+02, 2.700000000000000000e+02, 5.190000000000000000e+02, 6.424556976591127011e-01
2.484827997684478760e+02, 2.730000000000000000e+02, 5.250000000000000000e+02, 6.644468462342412174e-01
2.485144219398498535e+02, 2.720000000000000000e+02, 5.260000000000000000e+02, 6.707300315414208569e-01
2.485465347766876221e+02, 2.780000000000000000e+02, 5.400000000000000000e+02, 6.723008278682157668e-01
2.485788438320159912e+02, 2.790000000000000000e+02, 5.430000000000000000e+02, 6.738716241950105656e-01
2.486104257106781006e+02, 2.790000000000000000e+02, 5.430000000000000000e+02, 6.738716241950105656e-01
2.486429908275604248e+02, 2.790000000000000000e+02, 5.430000000000000000e+02, 6.738716241950105656e-01
2.486747717857360840e+02, 2.800000000000000000e+02, 5.430000000000000000e+02, 6.738716241950105656e-01
2.487069008350372314e+02, 2.800000000000000000e+02, 5.420000000000000000e+02, 6.723008278682157668e-01
2.487392628192901611e+02, 2.800000000000000000e+02, 5.430000000000000000e+02, 7.272786993060371685e-01
2.487709777355194092e+02, 2.810000000000000000e+02, 5.450000000000000000e+02, 8.026769229921921767e-01
2.488024797439575195e+02, 2.930000000000000000e+02, 5.680000000000000000e+02, 8.325220532012952424e-01
2.488346507549285889e+02, 3.020000000000000000e+02, 5.840000000000000000e+02, 8.372344421816798610e-01
2.488665187358856201e+02, 3.090000000000000000e+02, 5.950000000000000000e+02, 8.388052385084747709e-01
2.488983349800109863e+02, 3.100000000000000000e+02, 5.960000000000000000e+02, 8.388052385084747709e-01
2.489305698871612549e+02, 3.100000000000000000e+02, 5.960000000000000000e+02, 8.388052385084747709e-01
2.489628047943115234e+02, 3.100000000000000000e+02, 5.970000000000000000e+02, 8.388052385084747709e-01
2.489950678348541260e+02, 3.100000000000000000e+02, 5.970000000000000000e+02, 8.498008127960391400e-01
2.490275588035583496e+02, 3.100000000000000000e+02, 5.960000000000000000e+02, 1.024159205070272582e+00
2.490589268207550049e+02, 3.120000000000000000e+02, 5.990000000000000000e+02, 1.170243263462197980e+00
2.490911607742309570e+02, 3.250000000000000000e+02, 6.190000000000000000e+02, 1.211083967958865193e+00
2.491225316524505615e+02, 3.550000000000000000e+02, 6.510000000000000000e+02, 1.214225560612455013e+00
2.491546728610992432e+02, 4.050000000000000000e+02, 6.730000000000000000e+02, 1.212654764285660214e+00
2.491873168945312500e+02, 4.060000000000000000e+02, 6.740000000000000000e+02, 1.214225560612455013e+00
2.492188467979431152e+02, 4.110000000000000000e+02, 6.760000000000000000e+02, 1.211083967958865193e+00
2.492507855892181396e+02, 4.110000000000000000e+02, 6.760000000000000000e+02, 1.135685744272710185e+00
2.492833459377288818e+02, 4.110000000000000000e+02, 6.760000000000000000e+02, 1.093274243449247951e+00
2.493153190612792969e+02, 3.710000000000000000e+02, 6.590000000000000000e+02, 1.080707872834888672e+00
2.493469278812408447e+02, 3.620000000000000000e+02, 6.550000000000000000e+02, 1.032013186704247021e+00
2.493784968852996826e+02, 3.640000000000000000e+02, 6.560000000000000000e+02, 1.058716724259760378e+00
2.494103438854217529e+02, 3.510000000000000000e+02, 6.450000000000000000e+02, 1.082278669161683693e+00
2.494432759284973145e+02, 3.470000000000000000e+02, 6.420000000000000000e+02, 1.088561854468863332e+00
2.494748699665069580e+02, 3.560000000000000000e+02, 6.500000000000000000e+02, 1.093274243449247951e+00
2.495063858032226562e+02, 3.730000000000000000e+02, 6.600000000000000000e+02, 1.093274243449247951e+00
2.495388159751892090e+02, 3.750000000000000000e+02, 6.610000000000000000e+02, 1.093274243449247951e+00
2.495704786777496338e+02, 3.750000000000000000e+02, 6.610000000000000000e+02, 1.093274243449247951e+00
2.496023149490356445e+02, 3.760000000000000000e+02, 6.610000000000000000e+02, 1.093274243449247951e+00
2.496345226764678955e+02, 3.750000000000000000e+02, 6.610000000000000000e+02, 1.093274243449247951e+00
2.496665017604827881e+02, 3.750000000000000000e+02, 6.610000000000000000e+02, 1.093274243449247951e+00
2.496982929706573486e+02, 3.750000000000000000e+02, 6.610000000000000000e+02, 1.093274243449247951e+00
2.497311198711395264e+02, 3.750000000000000000e+02, 6.620000000000000000e+02, 1.093274243449247951e+00
2.497627840042114258e+02, 3.750000000000000000e+02, 6.610000000000000000e+02, 1.093274243449247951e+00
2.497947556972503662e+02, 3.750000000000000000e+02, 6.610000000000000000e+02, 1.093274243449247951e+00
2.498265857696533203e+02, 3.750000000000000000e+02, 6.610000000000000000e+02, 1.093274243449247951e+00
2.498588359355926514e+02, 3.750000000000000000e+02, 6.610000000000000000e+02, 1.093274243449247951e+00
2.498904566764831543e+02, 3.750000000000000000e+02, 6.610000000000000000e+02, 1.093274243449247951e+00
2.499226119518280029e+02, 3.750000000000000000e+02, 6.610000000000000000e+02, 1.093274243449247951e+00
2.499549047946929932e+02, 3.750000000000000000e+02, 6.610000000000000000e+02, 1.093274243449247951e+00
2.499865567684173584e+02, 3.750000000000000000e+02, 6.620000000000000000e+02, 1.093274243449247951e+00
2.500187318325042725e+02, 3.750000000000000000e+02, 6.610000000000000000e+02, 1.083849465488478492e+00
2.500509407520294189e+02, 3.750000000000000000e+02, 6.610000000000000000e+02, 8.922123136195011517e-01
2.500823049545288086e+02, 3.750000000000000000e+02, 6.610000000000000000e+02, 6.832964021557800249e-01
2.501147429943084717e+02, 3.160000000000000000e+02, 6.040000000000000000e+02, 5.890486225480862092e-01
2.501468029022216797e+02, 2.820000000000000000e+02, 5.400000000000000000e+02, 5.764822519337270412e-01
2.501786859035491943e+02, 2.700000000000000000e+02, 5.060000000000000000e+02, 5.749114556069321313e-01
2.502106328010559082e+02, 2.700000000000000000e+02, 5.060000000000000000e+02, 5.764822519337270412e-01
2.502425689697265625e+02, 2.710000000000000000e+02, 5.110000000000000000e+02, 5.764822519337270412e-01
2.502746968269348145e+02, 2.710000000000000000e+02, 5.120000000000000000e+02, 5.749114556069321313e-01
2.503066668510437012e+02, 2.710000000000000000e+02, 5.100000000000000000e+02, 5.749114556069321313e-01
2.503384556770324707e+02, 2.710000000000000000e+02, 5.110000000000000000e+02, 5.749114556069321313e-01
2.503704357147216797e+02, 2.710000000000000000e+02, 5.110000000000000000e+02, 5.764822519337270412e-01
2.504028069972991943e+02, 2.710000000000000000e+02, 5.110000000000000000e+02, 5.764822519337270412e-01
2.504351198673248291e+02, 2.720000000000000000e+02, 5.120000000000000000e+02, 5.749114556069321313e-01
2.504666988849639893e+02, 2.720000000000000000e+02, 5.110000000000000000e+02, 5.749114556069321313e-01
2.504985609054565430e+02, 2.710000000000000000e+02, 5.110000000000000000e+02, 5.764822519337270412e-01
2.505302488803863525e+02, 2.710000000000000000e+02, 5.120000000000000000e+02, 5.749114556069321313e-01
2.505623438358306885e+02, 2.720000000000000000e+02, 5.110000000000000000e+02, 5.764822519337270412e-01
2.505944888591766357e+02, 2.710000000000000000e+02, 5.110000000000000000e+02, 5.749114556069321313e-01
2.506264188289642334e+02, 2.710000000000000000e+02, 5.110000000000000000e+02, 5.749114556069321313e-01
2.506588139533996582e+02, 2.710000000000000000e+02, 5.110000000000000000e+02, 5.874778262212912994e-01
2.506907000541687012e+02, 2.710000000000000000e+02, 5.110000000000000000e+02, 7.791149780902686395e-01
2.507226138114929199e+02, 2.720000000000000000e+02, 5.140000000000000000e+02, 9.896016858807847871e-01
2.507548129558563232e+02, 2.830000000000000000e+02, 5.440000000000000000e+02, 1.072853891200914456e+00
2.507866916656494141e+02, 3.110000000000000000e+02, 5.960000000000000000e+02, 1.085420261815273513e+00
2.508187797069549561e+02, 3.620000000000000000e+02, 6.540000000000000000e+02, 1.086991058142068312e+00
2.508508417606353760e+02, 3.690000000000000000e+02, 6.580000000000000000e+02, 1.185951226730146857e+00
2.508832938671112061e+02, 3.770000000000000000e+02, 6.630000000000000000e+02, 1.176526448769377620e+00
2.509144749641418457e+02, 3.860000000000000000e+02, 6.670000000000000000e+02, 1.101128225083222389e+00
2.509466538429260254e+02, 4.010000000000000000e+02, 6.730000000000000000e+02, 1.066570705893734816e+00
2.509784119129180908e+02, 3.650000000000000000e+02, 6.570000000000000000e+02, 1.058716724259760378e+00
2.510106897354125977e+02, 3.520000000000000000e+02, 6.480000000000000000e+02, 1.058716724259760378e+00
2.510423548221588135e+02, 3.560000000000000000e+02, 6.510000000000000000e+02, 1.058716724259760378e+00
2.510745358467102051e+02, 3.670000000000000000e+02, 6.580000000000000000e+02, 1.058716724259760378e+00
2.511066687107086182e+02, 3.670000000000000000e+02, 6.580000000000000000e+02, 1.058716724259760378e+00
2.511388418674468994e+02, 3.670000000000000000e+02, 6.580000000000000000e+02, 1.058716724259760378e+00
2.511707639694213867e+02, 3.670000000000000000e+02, 6.570000000000000000e+02, 1.058716724259760378e+00
2.512022907733917236e+02, 3.670000000000000000e+02, 6.570000000000000000e+02, 1.060287520586555177e+00
2.512341797351837158e+02, 3.670000000000000000e+02, 6.580000000000000000e+02, 1.060287520586555177e+00
2.512664418220520020e+02, 3.670000000000000000e+02, 6.570000000000000000e+02, 1.058716724259760378e+00
2.512983946800231934e+02, 3.670000000000000000e+02, 6.570000000000000000e+02, 1.058716724259760378e+00
2.513304977416992188e+02, 3.670000000000000000e+02, 6.580000000000000000e+02, 1.058716724259760378e+00
2.513628978729248047e+02, 3.660000000000000000e+02, 6.570000000000000000e+02, 1.058716724259760378e+00
2.513944299221038818e+02, 3.660000000000000000e+02, 6.580000000000000000e+02, 1.060287520586555177e+00
2.514264297485351562e+02, 3.670000000000000000e+02, 6.570000000000000000e+02, 1.058716724259760378e+00
2.514583759307861328e+02, 3.670000000000000000e+02, 6.580000000000000000e+02, 1.058716724259760378e+00
2.514906790256500244e+02, 3.670000000000000000e+02, 6.570000000000000000e+02, 1.058716724259760378e+00
2.515227518081665039e+02, 3.670000000000000000e+02, 6.580000000000000000e+02, 1.058716724259760378e+00
2.515547447204589844e+02, 3.670000000000000000e+02, 6.570000000000000000e+02, 1.058716724259760378e+00
2.515867807865142822e+02, 3.670000000000000000e+02, 6.580000000000000000e+02, 1.058716724259760378e+00
2.516193368434906006e+02, 3.670000000000000000e+02, 6.570000000000000000e+02, 1.058716724259760378e+00
2.516506659984588623e+02, 3.670000000000000000e+02, 6.570000000000000000e+02, 1.047721149972196120e+00
2.516825528144836426e+02, 3.660000000000000000e+02, 6.580000000000000000e+02, 1.043008760991811279e+00
2.517143728733062744e+02, 3.630000000000000000e+02, 6.560000000000000000e+02, 1.041437964665016480e+00
2.517464807033538818e+02, 3.620000000000000000e+02, 6.550000000000000000e+02, 1.039867168338221681e+00
2.517782499790191650e+02, 3.620000000000000000e+02, 6.550000000000000000e+02, 1.039867168338221681e+00
2.518102338314056396e+02, 3.620000000000000000e+02, 6.550000000000000000e+02, 1.039867168338221681e+00
2.518421719074249268e+02, 3.620000000000000000e+02, 6.550000000000000000e+02, 1.038296372011426660e+00
2.518746407032012939e+02, 3.610000000000000000e+02, 6.540000000000000000e+02, 1.038296372011426660e+00
2.519064707756042480e+02, 3.620000000000000000e+02, 6.550000000000000000e+02, 1.038296372011426660e+00
2.519395098686218262e+02, 3.620000000000000000e+02, 6.550000000000000000e+02, 1.047721149972196120e+00
2.519710268974304199e+02, 3.610000000000000000e+02, 6.550000000000000000e+02, 1.170243263462197980e+00
2.520026078224182129e+02, 3.640000000000000000e+02, 6.560000000000000000e+02, 1.176526448769377620e+00
2.520343847274780273e+02, 3.700000000000000000e+02, 6.590000000000000000e+02, 1.162389281828223542e+00
2.520665698051452637e+02, 3.910000000000000000e+02, 6.680000000000000000e+02, 1.156106096521043902e+00
2.520982699394226074e+02, 3.920000000000000000e+02, 6.690000000000000000e+02, 1.152964503867454082e+00
2.521309046745300293e+02, 3.950000000000000000e+02, 6.700000000000000000e+02, 1.151393707540659062e+00
2.521631827354431152e+02, 3.960000000000000000e+02, 6.710000000000000000e+02, 1.156106096521043902e+00
2.521938879489898682e+02, 3.950000000000000000e+02, 6.700000000000000000e+02, -2.434734306532089665e+00
2.522165277004241943e+02, 3.980000000000000000e+02, 6.710000000000000000e+02, -2.434734306532089665e+00
2.522454767227172852e+02, 4.110000000000000000e+02, 6.760000000000000000e+02, 1.203229986324890755e+00
2.522746498584747314e+02, 4.110000000000000000e+02, 6.760000000000000000e+02, 1.165530874481813139e+00
2.523062567710876465e+02, 4.080000000000000000e+02, 6.750000000000000000e+02, 1.151393707540659062e+00
2.523386476039886475e+02, 3.930000000000000000e+02, 6.700000000000000000e+02, 1.148252114887069464e+00
2.523702857494354248e+02, 3.930000000000000000e+02, 6.700000000000000000e+02, 1.146681318560274443e+00
2.524029808044433594e+02, 3.940000000000000000e+02, 6.700000000000000000e+02, 1.146681318560274443e+00
2.524346058368682861e+02, 3.940000000000000000e+02, 6.700000000000000000e+02, 1.146681318560274443e+00
2.524665358066558838e+02, 3.940000000000000000e+02, 6.700000000000000000e+02, 1.146681318560274443e+00
2.524995098114013672e+02, 3.940000000000000000e+02, 6.700000000000000000e+02, 1.129402558965530545e+00
2.525303869247436523e+02, 3.940000000000000000e+02, 6.700000000000000000e+02, 9.927432785343746069e-01
2.525623908042907715e+02, 3.860000000000000000e+02, 6.670000000000000000e+02, 9.236282401553991273e-01
2.525944378376007080e+02, 3.290000000000000000e+02, 6.220000000000000000e+02, 9.110618695410399592e-01
2.526261527538299561e+02, 3.030000000000000000e+02, 5.830000000000000000e+02, 9.094910732142450493e-01
2.526582448482513428e+02, 2.970000000000000000e+02, 5.720000000000000000e+02, 9.110618695410399592e-01
2.526905798912048340e+02, 3.050000000000000000e+02, 5.850000000000000000e+02, 9.094910732142450493e-01
2.527225689888000488e+02, 3.270000000000000000e+02, 6.180000000000000000e+02, 9.094910732142450493e-01
2.527547960281372070e+02, 3.300000000000000000e+02, 6.210000000000000000e+02, 8.984954989266807912e-01
2.527866728305816650e+02, 3.300000000000000000e+02, 6.210000000000000000e+02, 7.257079029792422586e-01
2.528197448253631592e+02, 3.130000000000000000e+02, 5.980000000000000000e+02, 6.424556976591127011e-01
2.528506927490234375e+02, 2.890000000000000000e+02, 5.570000000000000000e+02, 6.880087911361646436e-01
2.528823628425598145e+02, 2.650000000000000000e+02, 4.900000000000000000e+02, 7.194247176720626191e-01
2.529142127037048340e+02, 2.570000000000000000e+02, 4.560000000000000000e+02, 7.257079029792422586e-01
2.529465699195861816e+02, 2.580000000000000000e+02, 4.570000000000000000e+02, 7.272786993060371685e-01
2.529786508083343506e+02, 2.650000000000000000e+02, 4.920000000000000000e+02, 7.304202919596269883e-01
2.530103108882904053e+02, 2.870000000000000000e+02, 5.550000000000000000e+02, 7.304202919596269883e-01
2.530424876213073730e+02, 2.890000000000000000e+02, 5.590000000000000000e+02, 7.304202919596269883e-01
2.530751497745513916e+02, 2.910000000000000000e+02, 5.650000000000000000e+02, 7.382742735936013156e-01
2.531068809032440186e+02, 2.920000000000000000e+02, 5.650000000000000000e+02, 8.340928495280901522e-01
2.531386680603027344e+02, 2.970000000000000000e+02, 5.750000000000000000e+02, 9.487609813841174633e-01
2.531706869602203369e+02, 3.050000000000000000e+02, 5.880000000000000000e+02, 1.058716724259760378e+00
2.532023589611053467e+02, 3.330000000000000000e+02, 6.270000000000000000e+02, 1.099557428756427591e+00
2.532342338562011719e+02, 3.540000000000000000e+02, 6.500000000000000000e+02, 1.102699021410017410e+00
2.532665488719940186e+02, 3.770000000000000000e+02, 6.630000000000000000e+02, 1.102699021410017410e+00
2.532981548309326172e+02, 3.780000000000000000e+02, 6.630000000000000000e+02, 1.102699021410017410e+00
2.533303029537200928e+02, 3.780000000000000000e+02, 6.640000000000000000e+02, 1.102699021410017410e+00
2.533624067306518555e+02, 3.780000000000000000e+02, 6.640000000000000000e+02, 1.102699021410017410e+00
2.533945467472076416e+02, 3.780000000000000000e+02, 6.640000000000000000e+02, 1.107411410390402029e+00
2.534267587661743164e+02, 3.780000000000000000e+02, 6.640000000000000000e+02, 1.173384856115787800e+00
2.534588139057159424e+02, 3.800000000000000000e+02, 6.650000000000000000e+02, 1.229933523880404111e+00
2.534903306961059570e+02, 3.920000000000000000e+02, 6.700000000000000000e+02, 1.239358301841173349e+00
2.535223417282104492e+02, 4.120000000000000000e+02, 6.780000000000000000e+02, 1.239358301841173349e+00
2.535547318458557129e+02, 4.120000000000000000e+02, 6.780000000000000000e+02, 1.239358301841173349e+00
2.535864377021789551e+02, 4.120000000000000000e+02, 6.780000000000000000e+02, 1.239358301841173349e+00
2.536194386482238770e+02, 4.120000000000000000e+02, 6.780000000000000000e+02, 1.239358301841173349e+00
2.536503617763519287e+02, 4.120000000000000000e+02, 6.780000000000000000e+02, 1.239358301841173349e+00
2.536827099323272705e+02, 4.120000000000000000e+02, 6.780000000000000000e+02, 1.239358301841173349e+00
2.537142918109893799e+02, 4.120000000000000000e+02, 6.780000000000000000e+02, 1.239358301841173349e+00
2.537462158203125000e+02, 4.120000000000000000e+02, 6.780000000000000000e+02, 1.239358301841173349e+00
2.537781167030334473e+02, 4.120000000000000000e+02, 6.780000000000000000e+02, 1.239358301841173349e+00
2.538102478981018066e+02, 4.110000000000000000e+02, 6.780000000000000000e+02, 1.239358301841173349e+00
2.538420138359069824e+02, 4.120000000000000000e+02, 6.780000000000000000e+02, 1.239358301841173349e+00
2.538744859695434570e+02, 4.120000000000000000e+02, 6.780000000000000000e+02, 1.239358301841173349e+00
2.539062728881835938e+02, 4.120000000000000000e+02, 6.780000000000000000e+02, 1.239358301841173349e+00
2.539384698867797852e+02, 4.120000000000000000e+02, 6.780000000000000000e+02, 1.239358301841173349e+00
2.539708607196807861e+02, 4.120000000000000000e+02, 6.780000000000000000e+02, 1.239358301841173349e+00
2.540022437572479248e+02, 4.120000000000000000e+02, 6.780000000000000000e+02, 1.239358301841173349e+00
2.540344099998474121e+02, 4.120000000000000000e+02, 6.780000000000000000e+02, 1.239358301841173349e+00
2.540663406848907471e+02, 4.120000000000000000e+02, 6.780000000000000000e+02, 1.239358301841173349e+00
2.540984230041503906e+02, 4.120000000000000000e+02, 6.780000000000000000e+02, 1.239358301841173349e+00
2.541306858062744141e+02, 4.120000000000000000e+02, 6.780000000000000000e+02, 1.239358301841173349e+00
2.541621837615966797e+02, 4.120000000000000000e+02, 6.780000000000000000e+02, 1.239358301841173349e+00
2.541937968730926514e+02, 4.120000000000000000e+02, 6.780000000000000000e+02, 1.239358301841173349e+00
2.542262158393859863e+02, 4.120000000000000000e+02, 6.780000000000000000e+02, 1.239358301841173349e+00
2.542585096359252930e+02, 4.120000000000000000e+02, 6.780000000000000000e+02, 1.239358301841173349e+00
2.542904927730560303e+02, 4.120000000000000000e+02, 6.780000000000000000e+02, 1.239358301841173349e+00
2.543226118087768555e+02, 4.120000000000000000e+02, 6.780000000000000000e+02, 1.239358301841173349e+00
2.543543207645416260e+02, 4.120000000000000000e+02, 6.780000000000000000e+02, 1.239358301841173349e+00
2.543866577148437500e+02, 4.120000000000000000e+02, 6.780000000000000000e+02, 1.239358301841173349e+00
2.544182398319244385e+02, 4.120000000000000000e+02, 6.780000000000000000e+02, 1.239358301841173349e+00
2.544499258995056152e+02, 4.120000000000000000e+02, 6.780000000000000000e+02, 1.239358301841173349e+00
2.544822919368743896e+02, 4.120000000000000000e+02, 6.780000000000000000e+02, 1.239358301841173349e+00
2.545139918327331543e+02, 4.120000000000000000e+02, 6.780000000000000000e+02, 1.239358301841173349e+00
2.545462887287139893e+02, 4.120000000000000000e+02, 6.780000000000000000e+02, 1.239358301841173349e+00
2.545784618854522705e+02, 4.120000000000000000e+02, 6.780000000000000000e+02, 1.239358301841173349e+00
2.546103358268737793e+02, 4.120000000000000000e+02, 6.780000000000000000e+02, 1.239358301841173349e+00
2.546425459384918213e+02, 4.120000000000000000e+02, 6.780000000000000000e+02, 1.239358301841173349e+00
2.546745657920837402e+02, 4.120000000000000000e+02, 6.780000000000000000e+02, 1.239358301841173349e+00
2.547061886787414551e+02, 4.120000000000000000e+02, 6.780000000000000000e+02, 1.239358301841173349e+00
2.547385857105255127e+02, 4.130000000000000000e+02, 6.780000000000000000e+02, 1.239358301841173349e+00
2.547701697349548340e+02, 4.120000000000000000e+02, 6.780000000000000000e+02, 1.239358301841173349e+00
2.548023359775543213e+02, 4.120000000000000000e+02, 6.780000000000000000e+02, 1.239358301841173349e+00
2.548342938423156738e+02, 4.120000000000000000e+02, 6.780000000000000000e+02, 1.239358301841173349e+00
2.548663887977600098e+02, 4.120000000000000000e+02, 6.780000000000000000e+02, 1.239358301841173349e+00
2.548985807895660400e+02, 4.120000000000000000e+02, 6.780000000000000000e+02, 1.239358301841173349e+00
2.549301869869232178e+02, 4.130000000000000000e+02, 6.780000000000000000e+02, 1.239358301841173349e+00
2.549623076915740967e+02, 4.120000000000000000e+02, 6.780000000000000000e+02, 1.239358301841173349e+00
2.549941067695617676e+02, 4.120000000000000000e+02, 6.780000000000000000e+02, 1.239358301841173349e+00
2.550264337062835693e+02, 4.120000000000000000e+02, 6.780000000000000000e+02, 1.239358301841173349e+00
2.550584657192230225e+02, 4.120000000000000000e+02, 6.780000000000000000e+02, 1.239358301841173349e+00
2.550905268192291260e+02, 4.120000000000000000e+02, 6.780000000000000000e+02, 1.239358301841173349e+00
2.551224529743194580e+02, 4.120000000000000000e+02, 6.780000000000000000e+02, 1.239358301841173349e+00
2.551542079448699951e+02, 4.120000000000000000e+02, 6.780000000000000000e+02, 1.239358301841173349e+00
2.551862127780914307e+02, 4.120000000000000000e+02, 6.780000000000000000e+02, 1.239358301841173349e+00
2.552190668582916260e+02, 4.120000000000000000e+02, 6.780000000000000000e+02, 1.226791931226814292e+00
2.552501537799835205e+02, 4.120000000000000000e+02, 6.780000000000000000e+02, 1.046150353645401099e+00
2.552821278572082520e+02, 4.120000000000000000e+02, 6.780000000000000000e+02, 8.796459430051422057e-01
2.553145349025726318e+02, 3.460000000000000000e+02, 6.430000000000000000e+02, 8.356636458548850621e-01
2.553467309474945068e+02, 2.960000000000000000e+02, 5.730000000000000000e+02, 8.340928495280901522e-01
2.553784289360046387e+02, 2.770000000000000000e+02, 5.260000000000000000e+02, 8.340928495280901522e-01
2.554103317260742188e+02, 2.710000000000000000e+02, 5.130000000000000000e+02, 8.340928495280901522e-01
2.554422857761383057e+02, 2.780000000000000000e+02, 5.290000000000000000e+02, 8.340928495280901522e-01
2.554743800163269043e+02, 2.950000000000000000e+02, 5.700000000000000000e+02, 8.325220532012952424e-01
2.555062310695648193e+02, 3.100000000000000000e+02, 5.970000000000000000e+02, 8.325220532012952424e-01
2.555380737781524658e+02, 3.120000000000000000e+02, 5.990000000000000000e+02, 8.325220532012952424e-01
2.555706188678741455e+02, 3.120000000000000000e+02, 5.980000000000000000e+02, 8.199556825869360743e-01
2.556021068096160889e+02, 3.130000000000000000e+02, 5.980000000000000000e+02, 6.723008278682157668e-01
2.556342437267303467e+02, 3.120000000000000000e+02, 5.970000000000000000e+02, 5.906194188748811191e-01
2.556664817333221436e+02, 2.780000000000000000e+02, 5.310000000000000000e+02, 5.764822519337270412e-01
2.556981678009033203e+02, 2.610000000000000000e+02, 4.690000000000000000e+02, 5.749114556069321313e-01
2.557305889129638672e+02, 2.560000000000000000e+02, 4.400000000000000000e+02, 5.749114556069321313e-01
2.557627420425415039e+02, 2.570000000000000000e+02, 4.460000000000000000e+02, 5.749114556069321313e-01
2.557945337295532227e+02, 2.720000000000000000e+02, 5.090000000000000000e+02, 5.811946409141117709e-01
2.558263978958129883e+02, 2.720000000000000000e+02, 5.080000000000000000e+02, 6.188937527571892749e-01
2.558583028316497803e+02, 2.720000000000000000e+02, 5.090000000000000000e+02, 6.000441968356504674e-01
2.558904347419738770e+02, 2.760000000000000000e+02, 5.220000000000000000e+02, 5.827654372409065697e-01
2.559222519397735596e+02, 2.740000000000000000e+02, 5.150000000000000000e+02, 5.811946409141117709e-01
2.559545710086822510e+02, 2.730000000000000000e+02, 5.130000000000000000e+02, 5.811946409141117709e-01
2.559861979484558105e+02, 2.730000000000000000e+02, 5.120000000000000000e+02, 5.811946409141117709e-01
2.560188138484954834e+02, 2.730000000000000000e+02, 5.130000000000000000e+02, 5.859070298944963895e-01
2.560504026412963867e+02, 2.730000000000000000e+02, 5.120000000000000000e+02, 6.565928646002667790e-01
2.560821378231048584e+02, 2.730000000000000000e+02, 5.120000000000000000e+02, 7.524114405347553935e-01
2.561142656803131104e+02, 2.770000000000000000e+02, 5.240000000000000000e+02, 7.916813487046279185e-01
2.561462216377258301e+02, 2.940000000000000000e+02, 5.620000000000000000e+02, 7.995353303386023569e-01
2.561778907775878906e+02, 3.040000000000000000e+02, 5.820000000000000000e+02, 7.995353303386023569e-01
2.562104136943817139e+02, 3.050000000000000000e+02, 5.830000000000000000e+02, 7.995353303386023569e-01
2.562422719001770020e+02, 3.050000000000000000e+02, 5.840000000000000000e+02, 7.995353303386023569e-01
2.562740919589996338e+02, 3.040000000000000000e+02, 5.850000000000000000e+02, 7.995353303386023569e-01
2.563063039779663086e+02, 3.040000000000000000e+02, 5.850000000000000000e+02, 7.995353303386023569e-01
2.563387477397918701e+02, 3.040000000000000000e+02, 5.850000000000000000e+02, 7.995353303386023569e-01
2.563706967830657959e+02, 3.050000000000000000e+02, 5.850000000000000000e+02, 7.901105523778330086e-01
2.564116728305816650e+02, 3.040000000000000000e+02, 5.840000000000000000e+02, -2.434734306532089665e+00
2.564425537586212158e+02, 2.790000000000000000e+02, 5.300000000000000000e+02, -2.434734306532089665e+00
2.564739577770233154e+02, 2.620000000000000000e+02, 4.750000000000000000e+02, -2.434734306532089665e+00
2.565071778297424316e+02, 2.580000000000000000e+02, 4.520000000000000000e+02, -2.434734306532089665e+00
2.565325179100036621e+02, 2.600000000000000000e+02, 4.660000000000000000e+02, -2.434734306532089665e+00
2.565510857105255127e+02, 2.640000000000000000e+02, 4.850000000000000000e+02, 7.351326809400116069e-01
2.565791077613830566e+02, 2.720000000000000000e+02, 5.120000000000000000e+02, 7.257079029792422586e-01
2.566102819442749023e+02, 2.830000000000000000e+02, 5.460000000000000000e+02, 7.445574589007809552e-01
2.566425249576568604e+02, 2.890000000000000000e+02, 5.600000000000000000e+02, 7.571238295151401232e-01
2.566743848323822021e+02, 2.940000000000000000e+02, 5.670000000000000000e+02, 7.586946258419350331e-01
2.567056567668914795e+02, 2.950000000000000000e+02, 5.710000000000000000e+02, 7.602654221687299430e-01
2.567385826110839844e+02, 2.960000000000000000e+02, 5.710000000000000000e+02, 7.602654221687299430e-01
2.567701578140258789e+02, 2.950000000000000000e+02, 5.710000000000000000e+02, 7.602654221687299430e-01
2.568026537895202637e+02, 2.950000000000000000e+02, 5.720000000000000000e+02, 7.602654221687299430e-01
2.568339116573333740e+02, 2.950000000000000000e+02, 5.710000000000000000e+02, 7.602654221687299430e-01
2.568660678863525391e+02, 2.950000000000000000e+02, 5.720000000000000000e+02, 7.602654221687299430e-01
2.568980228900909424e+02, 2.950000000000000000e+02, 5.710000000000000000e+02, 7.602654221687299430e-01
2.569303128719329834e+02, 2.950000000000000000e+02, 5.720000000000000000e+02, 7.602654221687299430e-01
2.569621658325195312e+02, 2.950000000000000000e+02, 5.710000000000000000e+02, 7.602654221687299430e-01
2.569945919513702393e+02, 2.950000000000000000e+02, 5.710000000000000000e+02, 7.602654221687299430e-01
2.570261738300323486e+02, 2.950000000000000000e+02, 5.720000000000000000e+02, 7.602654221687299430e-01
2.570579960346221924e+02, 2.950000000000000000e+02, 5.720000000000000000e+02, 7.602654221687299430e-01
2.570905039310455322e+02, 2.950000000000000000e+02, 5.720000000000000000e+02, 7.602654221687299430e-01
2.571225407123565674e+02, 2.950000000000000000e+02, 5.710000000000000000e+02, 7.602654221687299430e-01
2.571545636653900146e+02, 2.960000000000000000e+02, 5.710000000000000000e+02, 7.602654221687299430e-01
2.571866140365600586e+02, 2.960000000000000000e+02, 5.710000000000000000e+02, 7.602654221687299430e-01
2.572182188034057617e+02, 2.960000000000000000e+02, 5.700000000000000000e+02, 7.634070148223197627e-01
2.572501509189605713e+02, 2.960000000000000000e+02, 5.700000000000000000e+02, 9.409069997501430249e-01
2.572824356555938721e+02, 2.960000000000000000e+02, 5.710000000000000000e+02, 1.141968929579889824e+00
2.573139848709106445e+02, 3.070000000000000000e+02, 5.870000000000000000e+02, 1.212654764285660214e+00
2.573460958003997803e+02, 3.310000000000000000e+02, 6.220000000000000000e+02, 1.217367153266044832e+00
2.573781378269195557e+02, 3.740000000000000000e+02, 6.600000000000000000e+02, 1.215796356939250034e+00
2.574100139141082764e+02, 4.070000000000000000e+02, 6.740000000000000000e+02, 1.217367153266044832e+00
2.574422678947448730e+02, 4.070000000000000000e+02, 6.740000000000000000e+02, 1.215796356939250034e+00
2.574739749431610107e+02, 4.120000000000000000e+02, 6.760000000000000000e+02, 1.215796356939250034e+00
2.575062777996063232e+02, 4.110000000000000000e+02, 6.760000000000000000e+02, 1.215796356939250034e+00
2.575383427143096924e+02, 4.110000000000000000e+02, 6.760000000000000000e+02, 1.215796356939250034e+00
2.575698678493499756e+02, 4.110000000000000000e+02, 6.760000000000000000e+02, 1.217367153266044832e+00
2.576024127006530762e+02, 4.120000000000000000e+02, 6.760000000000000000e+02, 1.217367153266044832e+00
2.576341576576232910e+02, 4.110000000000000000e+02, 6.760000000000000000e+02, 1.217367153266044832e+00
2.576664729118347168e+02, 4.120000000000000000e+02, 6.760000000000000000e+02, 1.217367153266044832e+00
2.576984148025512695e+02, 4.120000000000000000e+02, 6.760000000000000000e+02, 1.215796356939250034e+00
2.577302978038787842e+02, 4.110000000000000000e+02, 6.760000000000000000e+02, 1.217367153266044832e+00
2.577619838714599609e+02, 4.120000000000000000e+02, 6.760000000000000000e+02, 1.217367153266044832e+00
2.577941887378692627e+02, 4.120000000000000000e+02, 6.760000000000000000e+02, 1.217367153266044832e+00
2.578263118267059326e+02, 4.120000000000000000e+02, 6.760000000000000000e+02, 1.215796356939250034e+00
2.578581287860870361e+02, 4.110000000000000000e+02, 6.760000000000000000e+02, 1.217367153266044832e+00
2.578901476860046387e+02, 4.120000000000000000e+02, 6.760000000000000000e+02, 1.215796356939250034e+00
2.579219717979431152e+02, 4.120000000000000000e+02, 6.760000000000000000e+02, 1.215796356939250034e+00
2.579543097019195557e+02, 4.120000000000000000e+02, 6.760000000000000000e+02, 1.217367153266044832e+00
2.579862647056579590e+02, 4.120000000000000000e+02, 6.760000000000000000e+02, 1.215796356939250034e+00
2.580183038711547852e+02, 4.110000000000000000e+02, 6.760000000000000000e+02, 1.215796356939250034e+00
2.580501947402954102e+02, 4.110000000000000000e+02, 6.760000000000000000e+02, 1.215796356939250034e+00
2.580821676254272461e+02, 4.120000000000000000e+02, 6.760000000000000000e+02, 1.215796356939250034e+00
2.581142377853393555e+02, 4.110000000000000000e+02, 6.760000000000000000e+02, 1.215796356939250034e+00
2.581460657119750977e+02, 4.110000000000000000e+02, 6.760000000000000000e+02, 1.215796356939250034e+00
2.581778197288513184e+02, 4.120000000000000000e+02, 6.760000000000000000e+02, 1.215796356939250034e+00
2.582103798389434814e+02, 4.120000000000000000e+02, 6.760000000000000000e+02, 1.215796356939250034e+00
2.582421598434448242e+02, 4.120000000000000000e+02, 6.760000000000000000e+02, 1.215796356939250034e+00
2.582745559215545654e+02, 4.120000000000000000e+02, 6.760000000000000000e+02, 1.215796356939250034e+00
2.583060648441314697e+02, 4.120000000000000000e+02, 6.760000000000000000e+02, 1.215796356939250034e+00
2.583379147052764893e+02, 4.120000000000000000e+02, 6.760000000000000000e+02, 1.215796356939250034e+00
2.583699557781219482e+02, 4.120000000000000000e+02, 6.760000000000000000e+02, 1.215796356939250034e+00
2.584021298885345459e+02, 4.110000000000000000e+02, 6.760000000000000000e+02, 1.217367153266044832e+00
2.584340858459472656e+02, 4.120000000000000000e+02, 6.760000000000000000e+02, 1.215796356939250034e+00
2.584663517475128174e+02, 4.120000000000000000e+02, 6.760000000000000000e+02, 1.217367153266044832e+00
2.584982199668884277e+02, 4.110000000000000000e+02, 6.760000000000000000e+02, 1.217367153266044832e+00
2.585301518440246582e+02, 4.120000000000000000e+02, 6.760000000000000000e+02, 1.215796356939250034e+00
2.585623109340667725e+02, 4.110000000000000000e+02, 6.760000000000000000e+02, 1.217367153266044832e+00
2.585941257476806641e+02, 4.120000000000000000e+02, 6.760000000000000000e+02, 1.217367153266044832e+00
2.586259996891021729e+02, 4.110000000000000000e+02, 6.760000000000000000e+02, 1.215796356939250034e+00
2.586583869457244873e+02, 4.120000000000000000e+02, 6.760000000000000000e+02, 1.215796356939250034e+00
2.586900627613067627e+02, 4.120000000000000000e+02, 6.760000000000000000e+02, 1.217367153266044832e+00
2.587218527793884277e+02, 4.120000000000000000e+02, 6.760000000000000000e+02, 1.217367153266044832e+00
2.587542877197265625e+02, 4.120000000000000000e+02, 6.760000000000000000e+02, 1.215796356939250034e+00
2.587860727310180664e+02, 4.120000000000000000e+02, 6.760000000000000000e+02, 1.217367153266044832e+00
2.588192346096038818e+02, 4.120000000000000000e+02, 6.760000000000000000e+02, 1.200088393671300935e+00
2.588499867916107178e+02, 4.110000000000000000e+02, 6.750000000000000000e+02, 1.019446816089887964e+00
2.588819839954376221e+02, 4.100000000000000000e+02, 6.750000000000000000e+02, 8.796459430051422057e-01
2.589139447212219238e+02, 3.370000000000000000e+02, 6.310000000000000000e+02, 8.482300164692442301e-01
2.589459168910980225e+02, 2.910000000000000000e+02, 5.610000000000000000e+02, 8.466592201424493203e-01
2.589781308174133301e+02, 2.730000000000000000e+02, 5.170000000000000000e+02, 8.466592201424493203e-01
2.590101838111877441e+02, 2.700000000000000000e+02, 5.060000000000000000e+02, 8.482300164692442301e-01
2.590422756671905518e+02, 2.760000000000000000e+02, 5.240000000000000000e+02, 8.482300164692442301e-01
2.590742518901824951e+02, 2.960000000000000000e+02, 5.700000000000000000e+02, 8.466592201424493203e-01
2.591061098575592041e+02, 3.130000000000000000e+02, 5.990000000000000000e+02, 8.466592201424493203e-01
2.591384198665618896e+02, 3.150000000000000000e+02, 6.020000000000000000e+02, 8.466592201424493203e-01
2.591709136962890625e+02, 3.150000000000000000e+02, 6.020000000000000000e+02, 8.560839981032186685e-01
2.592107379436492920e+02, 3.140000000000000000e+02, 6.020000000000000000e+02, -2.434734306532089665e+00
2.592407958507537842e+02, 3.250000000000000000e+02, 6.160000000000000000e+02, -2.434734306532089665e+00
2.592726206779479980e+02, 3.500000000000000000e+02, 6.460000000000000000e+02, -2.434734306532089665e+00
2.593042907714843750e+02, 3.960000000000000000e+02, 6.700000000000000000e+02, -2.434734306532089665e+00
2.593243987560272217e+02, 4.090000000000000000e+02, 6.760000000000000000e+02, -2.434734306532089665e+00
2.593501198291778564e+02, 4.050000000000000000e+02, 6.740000000000000000e+02, 1.204800782651685775e+00
2.593781440258026123e+02, 4.090000000000000000e+02, 6.750000000000000000e+02, 1.190663615710531698e+00
2.594101629257202148e+02, 4.100000000000000000e+02, 6.760000000000000000e+02, 1.182809634076557037e+00
2.594420847892761230e+02, 4.060000000000000000e+02, 6.750000000000000000e+02, 1.181238837749762238e+00
2.594742436408996582e+02, 4.050000000000000000e+02, 6.740000000000000000e+02, 1.179668041422967217e+00
2.595059077739715576e+02, 4.050000000000000000e+02, 6.740000000000000000e+02, 1.176526448769377620e+00
2.595377588272094727e+02, 4.040000000000000000e+02, 6.740000000000000000e+02, 1.178097245096172418e+00
2.595700438022613525e+02, 4.040000000000000000e+02, 6.730000000000000000e+02, 1.176526448769377620e+00
2.596018328666687012e+02, 4.040000000000000000e+02, 6.730000000000000000e+02, 1.178097245096172418e+00
2.596341247558593750e+02, 4.040000000000000000e+02, 6.730000000000000000e+02, 1.176526448769377620e+00
2.596658198833465576e+02, 4.030000000000000000e+02, 6.730000000000000000e+02, 1.178097245096172418e+00
2.596977148056030273e+02, 4.040000000000000000e+02, 6.730000000000000000e+02, 1.178097245096172418e+00
2.597299997806549072e+02, 4.040000000000000000e+02, 6.730000000000000000e+02, 1.176526448769377620e+00
2.597616639137268066e+02, 4.030000000000000000e+02, 6.730000000000000000e+02, 1.176526448769377620e+00
2.597937719821929932e+02, 4.040000000000000000e+02, 6.730000000000000000e+02, 1.178097245096172418e+00
2.598261797428131104e+02, 4.040000000000000000e+02, 6.730000000000000000e+02, 1.176526448769377620e+00
2.598581047058105469e+02, 4.040000000000000000e+02, 6.730000000000000000e+02, 1.176526448769377620e+00
2.598900158405303955e+02, 4.040000000000000000e+02, 6.730000000000000000e+02, 1.176526448769377620e+00
2.599223668575286865e+02, 4.040000000000000000e+02, 6.730000000000000000e+02, 1.176526448769377620e+00
2.599542016983032227e+02, 4.040000000000000000e+02, 6.730000000000000000e+02, 1.178097245096172418e+00
2.599863808155059814e+02, 4.040000000000000000e+02, 6.730000000000000000e+02, 1.176526448769377620e+00
2.600178339481353760e+02, 4.040000000000000000e+02, 6.730000000000000000e+02, 1.178097245096172418e+00
2.600497295856475830e+02, 4.040000000000000000e+02, 6.730000000000000000e+02, 1.176526448769377620e+00
2.600818917751312256e+02, 4.040000000000000000e+02, 6.730000000000000000e+02, 1.176526448769377620e+00
2.601142067909240723e+02, 4.040000000000000000e+02, 6.730000000000000000e+02, 1.176526448769377620e+00
2.601460869312286377e+02, 4.040000000000000000e+02, 6.730000000000000000e+02, 1.176526448769377620e+00
2.601778359413146973e+02, 4.030000000000000000e+02, 6.730000000000000000e+02, 1.178097245096172418e+00
2.602101199626922607e+02, 4.040000000000000000e+02, 6.730000000000000000e+02, 1.176526448769377620e+00
2.602418527603149414e+02, 4.040000000000000000e+02, 6.730000000000000000e+02, 1.178097245096172418e+00
2.602740910053253174e+02, 4.040000000000000000e+02, 6.730000000000000000e+02, 1.176526448769377620e+00
2.603061268329620361e+02, 4.040000000000000000e+02, 6.730000000000000000e+02, 1.176526448769377620e+00
2.603378486633300781e+02, 4.040000000000000000e+02, 6.740000000000000000e+02, 1.178097245096172418e+00
2.603699817657470703e+02, 4.040000000000000000e+02, 6.730000000000000000e+02, 1.176526448769377620e+00
2.604017279148101807e+02, 4.040000000000000000e+02, 6.730000000000000000e+02, 1.176526448769377620e+00
2.604337069988250732e+02, 4.040000000000000000e+02, 6.730000000000000000e+02, 1.176526448769377620e+00
2.604656748771667480e+02, 4.040000000000000000e+02, 6.730000000000000000e+02, 1.176526448769377620e+00
2.604982247352600098e+02, 4.040000000000000000e+02, 6.730000000000000000e+02, 1.176526448769377620e+00
2.605299646854400635e+02, 4.040000000000000000e+02, 6.730000000000000000e+02, 1.176526448769377620e+00
2.605620718002319336e+02, 4.040000000000000000e+02, 6.730000000000000000e+02, 1.178097245096172418e+00
2.605942437648773193e+02, 4.040000000000000000e+02, 6.730000000000000000e+02, 1.178097245096172418e+00
2.606260616779327393e+02, 4.040000000000000000e+02, 6.730000000000000000e+02, 1.178097245096172418e+00
2.606580698490142822e+02, 4.040000000000000000e+02, 6.730000000000000000e+02, 1.176526448769377620e+00
2.606891448497772217e+02, 4.040000000000000000e+02, 6.730000000000000000e+02, 1.176526448769377620e+00
2.607219007015228271e+02, 4.040000000000000000e+02, 6.730000000000000000e+02, 1.176526448769377620e+00
2.607540066242218018e+02, 4.040000000000000000e+02, 6.730000000000000000e+02, 1.178097245096172418e+00
2.607861979007720947e+02, 4.040000000000000000e+02, 6.730000000000000000e+02, 1.176526448769377620e+00
2.608186476230621338e+02, 4.040000000000000000e+02, 6.730000000000000000e+02, 1.156106096521043902e+00
2.608501677513122559e+02, 4.040000000000000000e+02, 6.730000000000000000e+02, 9.628981483252715412e-01
2.608818166255950928e+02, 3.970000000000000000e+02, 6.720000000000000000e+02, 8.058185156457819964e-01
2.609139199256896973e+02, 3.290000000000000000e+02, 6.230000000000000000e+02, 7.649778111491145616e-01
2.609459147453308105e+02, 2.950000000000000000e+02, 5.690000000000000000e+02, 7.618362184955248528e-01
2.609784057140350342e+02, 2.840000000000000000e+02, 5.460000000000000000e+02, 7.618362184955248528e-01
2.610100216865539551e+02, 2.860000000000000000e+02, 5.500000000000000000e+02, 7.602654221687299430e-01
2.610419147014617920e+02, 2.990000000000000000e+02, 5.760000000000000000e+02, 7.461282552275758650e-01
2.610737059116363525e+02, 2.980000000000000000e+02, 5.760000000000000000e+02, 7.398450699203962255e-01
2.611061687469482422e+02, 2.960000000000000000e+02, 5.710000000000000000e+02, 7.382742735936013156e-01
2.611379828453063965e+02, 2.950000000000000000e+02, 5.690000000000000000e+02, 7.382742735936013156e-01
2.611703066825866699e+02, 2.950000000000000000e+02, 5.690000000000000000e+02, 7.382742735936013156e-01
2.612019426822662354e+02, 2.940000000000000000e+02, 5.680000000000000000e+02, 7.382742735936013156e-01
2.612339558601379395e+02, 2.950000000000000000e+02, 5.690000000000000000e+02, 7.382742735936013156e-01
2.612655696868896484e+02, 2.950000000000000000e+02, 5.690000000000000000e+02, 7.382742735936013156e-01
2.612979629039764404e+02, 2.960000000000000000e+02, 5.700000000000000000e+02, 7.382742735936013156e-01
2.613299436569213867e+02, 2.950000000000000000e+02, 5.690000000000000000e+02, 7.382742735936013156e-01
2.613618397712707520e+02, 2.950000000000000000e+02, 5.700000000000000000e+02, 7.382742735936013156e-01
2.613939487934112549e+02, 2.950000000000000000e+02, 5.690000000000000000e+02, 7.382742735936013156e-01
2.614263138771057129e+02, 2.950000000000000000e+02, 5.690000000000000000e+02, 7.382742735936013156e-01
2.614582388401031494e+02, 2.950000000000000000e+02, 5.690000000000000000e+02, 7.382742735936013156e-01
2.614899408817291260e+02, 2.950000000000000000e+02, 5.700000000000000000e+02, 7.382742735936013156e-01
2.615219497680664062e+02, 2.950000000000000000e+02, 5.700000000000000000e+02, 7.382742735936013156e-01
2.615542929172515869e+02, 2.950000000000000000e+02, 5.690000000000000000e+02, 7.382742735936013156e-01
2.615858926773071289e+02, 2.950000000000000000e+02, 5.690000000000000000e+02, 7.382742735936013156e-01
2.616183166503906250e+02, 2.950000000000000000e+02, 5.690000000000000000e+02, 7.492698478811655738e-01
2.616503596305847168e+02, 2.960000000000000000e+02, 5.690000000000000000e+02, 9.409069997501430249e-01
2.616817507743835449e+02, 2.960000000000000000e+02, 5.690000000000000000e+02, 1.152964503867454082e+00
2.617140779495239258e+02, 3.060000000000000000e+02, 5.870000000000000000e+02, 1.240929098167968370e+00
2.617460379600524902e+02, 3.320000000000000000e+02, 6.230000000000000000e+02, 1.244070690821558189e+00
2.617779078483581543e+02, 3.760000000000000000e+02, 6.620000000000000000e+02, 1.244070690821558189e+00
2.618099226951599121e+02, 4.070000000000000000e+02, 6.740000000000000000e+02, 1.244070690821558189e+00
2.618420426845550537e+02, 4.070000000000000000e+02, 6.740000000000000000e+02, 1.244070690821558189e+00
2.618736310005187988e+02, 4.120000000000000000e+02, 6.760000000000000000e+02, 1.244070690821558189e+00
2.619060688018798828e+02, 4.120000000000000000e+02, 6.760000000000000000e+02, 1.244070690821558189e+00
2.619378998279571533e+02, 4.130000000000000000e+02, 6.760000000000000000e+02, 1.244070690821558189e+00
2.619701497554779053e+02, 4.130000000000000000e+02, 6.760000000000000000e+02, 1.244070690821558189e+00
2.620017547607421875e+02, 4.130000000000000000e+02, 6.760000000000000000e+02, 1.244070690821558189e+00
2.620339148044586182e+02, 4.130000000000000000e+02, 6.760000000000000000e+02, 1.244070690821558189e+00
2.620658826828002930e+02, 4.130000000000000000e+02, 6.760000000000000000e+02, 1.244070690821558189e+00
2.620978748798370361e+02, 4.130000000000000000e+02, 6.760000000000000000e+02, 1.244070690821558189e+00
2.621298608779907227e+02, 4.130000000000000000e+02, 6.760000000000000000e+02, 1.244070690821558189e+00
2.621617558002471924e+02, 4.130000000000000000e+02, 6.760000000000000000e+02, 1.244070690821558189e+00
2.621939358711242676e+02, 4.130000000000000000e+02, 6.760000000000000000e+02, 1.244070690821558189e+00
2.622259006500244141e+02, 4.130000000000000000e+02, 6.760000000000000000e+02, 1.244070690821558189e+00
2.622576518058776855e+02, 4.130000000000000000e+02, 6.760000000000000000e+02, 1.244070690821558189e+00
2.622898139953613281e+02, 4.130000000000000000e+02, 6.760000000000000000e+02, 1.244070690821558189e+00
2.623216507434844971e+02, 4.130000000000000000e+02, 6.760000000000000000e+02, 1.244070690821558189e+00
2.623538918495178223e+02, 4.130000000000000000e+02, 6.760000000000000000e+02, 1.244070690821558189e+00
2.623862116336822510e+02, 4.130000000000000000e+02, 6.760000000000000000e+02, 1.244070690821558189e+00
2.624180588722229004e+02, 4.120000000000000000e+02, 6.760000000000000000e+02, 1.226791931226814292e+00
2.624496598243713379e+02, 4.130000000000000000e+02, 6.760000000000000000e+02, 1.035154779357836841e+00
2.624819138050079346e+02, 4.120000000000000000e+02, 6.760000000000000000e+02, 8.293804605477054226e-01
2.625139617919921875e+02, 3.440000000000000000e+02, 6.390000000000000000e+02, 7.524114405347553935e-01
2.625456759929656982e+02, 2.970000000000000000e+02, 5.730000000000000000e+02, 7.429866625739860453e-01
2.625778288841247559e+02, 2.780000000000000000e+02, 5.290000000000000000e+02, 7.429866625739860453e-01
2.626098659038543701e+02, 2.750000000000000000e+02, 5.200000000000000000e+02, 7.429866625739860453e-01
2.626419928073883057e+02, 2.820000000000000000e+02, 5.390000000000000000e+02, 7.445574589007809552e-01
2.626738359928131104e+02, 2.950000000000000000e+02, 5.680000000000000000e+02, 7.429866625739860453e-01
2.627060270309448242e+02, 2.950000000000000000e+02, 5.690000000000000000e+02, 7.445574589007809552e-01
2.627377989292144775e+02, 2.950000000000000000e+02, 5.680000000000000000e+02, 7.429866625739860453e-01
2.627697658538818359e+02, 2.960000000000000000e+02, 5.690000000000000000e+02, 7.445574589007809552e-01
2.628020370006561279e+02, 2.950000000000000000e+02, 5.690000000000000000e+02, 7.429866625739860453e-01
2.628339548110961914e+02, 2.950000000000000000e+02, 5.690000000000000000e+02, 7.429866625739860453e-01
2.628659319877624512e+02, 2.950000000000000000e+02, 5.690000000000000000e+02, 7.429866625739860453e-01
2.628980066776275635e+02, 2.950000000000000000e+02, 5.690000000000000000e+02, 7.429866625739860453e-01
2.629299447536468506e+02, 2.960000000000000000e+02, 5.690000000000000000e+02, 7.429866625739860453e-01
2.629617829322814941e+02, 2.950000000000000000e+02, 5.690000000000000000e+02, 7.445574589007809552e-01
2.629936456680297852e+02, 2.950000000000000000e+02, 5.680000000000000000e+02, 7.429866625739860453e-01
2.630261466503143311e+02, 2.960000000000000000e+02, 5.690000000000000000e+02, 7.429866625739860453e-01
2.630579719543457031e+02, 2.950000000000000000e+02, 5.690000000000000000e+02, 7.429866625739860453e-01
2.630897088050842285e+02, 2.960000000000000000e+02, 5.690000000000000000e+02, 7.429866625739860453e-01
2.631224110126495361e+02, 2.950000000000000000e+02, 5.690000000000000000e+02, 7.445574589007809552e-01
2.631538927555084229e+02, 2.940000000000000000e+02, 5.690000000000000000e+02, 7.429866625739860453e-01
2.631857798099517822e+02, 2.950000000000000000e+02, 5.690000000000000000e+02, 7.429866625739860453e-01
2.632181077003479004e+02, 2.950000000000000000e+02, 5.690000000000000000e+02, 7.492698478811655738e-01
2.632502169609069824e+02, 2.960000000000000000e+02, 5.690000000000000000e+02, 8.749335540247574761e-01
2.632820177078247070e+02, 2.960000000000000000e+02, 5.690000000000000000e+02, 1.006880445475528685e+00
2.633137037754058838e+02, 3.050000000000000000e+02, 5.840000000000000000e+02, 1.050862742625785939e+00
2.633460898399353027e+02, 3.280000000000000000e+02, 6.190000000000000000e+02, 1.058716724259760378e+00
2.633777306079864502e+02, 3.630000000000000000e+02, 6.550000000000000000e+02, 1.057145927932965357e+00
2.634097967147827148e+02, 3.640000000000000000e+02, 6.550000000000000000e+02, 1.057145927932965357e+00
2.634420869350433350e+02, 3.660000000000000000e+02, 6.560000000000000000e+02, 1.058716724259760378e+00
2.634739027023315430e+02, 3.650000000000000000e+02, 6.560000000000000000e+02, 1.058716724259760378e+00
2.635057258605957031e+02, 3.660000000000000000e+02, 6.570000000000000000e+02, 1.057145927932965357e+00
2.635378277301788330e+02, 3.660000000000000000e+02, 6.570000000000000000e+02, 1.057145927932965357e+00
2.635703418254852295e+02, 3.660000000000000000e+02, 6.570000000000000000e+02, 1.057145927932965357e+00
2.636016337871551514e+02, 3.660000000000000000e+02, 6.560000000000000000e+02, 1.057145927932965357e+00
2.636337809562683105e+02, 3.670000000000000000e+02, 6.560000000000000000e+02, 1.057145927932965357e+00
2.636655228137969971e+02, 3.660000000000000000e+02, 6.560000000000000000e+02, 1.057145927932965357e+00
2.636977536678314209e+02, 3.660000000000000000e+02, 6.560000000000000000e+02, 1.057145927932965357e+00
2.637299499511718750e+02, 3.660000000000000000e+02, 6.560000000000000000e+02, 1.057145927932965357e+00
2.637618787288665771e+02, 3.660000000000000000e+02, 6.560000000000000000e+02, 1.057145927932965357e+00
2.637937526702880859e+02, 3.660000000000000000e+02, 6.570000000000000000e+02, 1.057145927932965357e+00
2.638258738517761230e+02, 3.660000000000000000e+02, 6.560000000000000000e+02, 1.057145927932965357e+00
2.638578779697418213e+02, 3.660000000000000000e+02, 6.560000000000000000e+02, 1.057145927932965357e+00
2.638905289173126221e+02, 3.660000000000000000e+02, 6.570000000000000000e+02, 1.057145927932965357e+00
2.639218549728393555e+02, 3.660000000000000000e+02, 6.570000000000000000e+02, 1.058716724259760378e+00
2.639538660049438477e+02, 3.660000000000000000e+02, 6.570000000000000000e+02, 1.057145927932965357e+00
2.639860067367553711e+02, 3.650000000000000000e+02, 6.570000000000000000e+02, 1.057145927932965357e+00
2.640178449153900146e+02, 3.660000000000000000e+02, 6.570000000000000000e+02, 1.052433538952580738e+00
2.640497758388519287e+02, 3.660000000000000000e+02, 6.560000000000000000e+02, 8.717919613711676563e-01
2.640815618038177490e+02, 3.650000000000000000e+02, 6.560000000000000000e+02, 6.487388829662922296e-01
2.641139116287231445e+02, 3.110000000000000000e+02, 5.960000000000000000e+02, 5.199335841691108406e-01
2.641455287933349609e+02, 2.760000000000000000e+02, 5.240000000000000000e+02, 4.979424355939822133e-01
2.641769487857818604e+02, 2.590000000000000000e+02, 4.650000000000000000e+02, 4.979424355939822133e-01
2.642099237442016602e+02, 2.550000000000000000e+02, 4.390000000000000000e+02, 4.979424355939822133e-01
2.642423806190490723e+02, 2.570000000000000000e+02, 4.470000000000000000e+02, 4.979424355939822133e-01
2.642737820148468018e+02, 2.640000000000000000e+02, 4.840000000000000000e+02, 4.979424355939822133e-01
2.643055849075317383e+02, 2.630000000000000000e+02, 4.840000000000000000e+02, 4.979424355939822133e-01
2.643380846977233887e+02, 2.630000000000000000e+02, 4.840000000000000000e+02, 4.979424355939822133e-01
2.643699088096618652e+02, 2.620000000000000000e+02, 4.850000000000000000e+02, 4.979424355939822133e-01
2.644019117355346680e+02, 2.630000000000000000e+02, 4.840000000000000000e+02, 4.979424355939822133e-01
2.644338157176971436e+02, 2.630000000000000000e+02, 4.840000000000000000e+02, 4.979424355939822133e-01
2.644662618637084961e+02, 2.640000000000000000e+02, 4.840000000000000000e+02, 4.979424355939822133e-01
2.644979126453399658e+02, 2.640000000000000000e+02, 4.840000000000000000e+02, 4.979424355939822133e-01
2.645302588939666748e+02, 2.640000000000000000e+02, 4.840000000000000000e+02, 4.979424355939822133e-01
2.645614647865295410e+02, 2.640000000000000000e+02, 4.840000000000000000e+02, 4.979424355939822133e-01
2.645935788154602051e+02, 2.630000000000000000e+02, 4.840000000000000000e+02, 4.979424355939822133e-01
2.646259739398956299e+02, 2.640000000000000000e+02, 4.840000000000000000e+02, 4.979424355939822133e-01
2.646579399108886719e+02, 2.640000000000000000e+02, 4.840000000000000000e+02, 4.979424355939822133e-01
2.646893758773803711e+02, 2.640000000000000000e+02, 4.840000000000000000e+02, 4.979424355939822133e-01
2.647225737571716309e+02, 2.630000000000000000e+02, 4.840000000000000000e+02, 4.979424355939822133e-01
2.647542729377746582e+02, 2.640000000000000000e+02, 4.840000000000000000e+02, 4.885176576332128096e-01
2.647864408493041992e+02, 2.640000000000000000e+02, 4.840000000000000000e+02, 3.518583772020568157e-01
2.648185689449310303e+02, 2.600000000000000000e+02, 4.680000000000000000e+02, 2.921681167838507398e-01
2.648497698307037354e+02, 2.550000000000000000e+02, 4.300000000000000000e+02, 3.644247478164160392e-01
2.648817017078399658e+02, 2.530000000000000000e+02, 3.760000000000000000e+02, 4.084070449666731273e-01
2.649134500026702881e+02, 2.540000000000000000e+02, 3.590000000000000000e+02, 4.146902302738527113e-01
2.649457688331604004e+02, 2.540000000000000000e+02, 3.760000000000000000e+02, 4.178318229274425311e-01
2.649778559207916260e+02, 2.550000000000000000e+02, 4.300000000000000000e+02, 4.209734155810322953e-01
2.650096807479858398e+02, 2.570000000000000000e+02, 4.460000000000000000e+02, 4.225442119078272052e-01
2.650417118072509766e+02, 2.580000000000000000e+02, 4.530000000000000000e+02, 4.225442119078272052e-01
2.650738458633422852e+02, 2.580000000000000000e+02, 4.540000000000000000e+02, 4.225442119078272052e-01
2.651060378551483154e+02, 2.580000000000000000e+02, 4.530000000000000000e+02, 4.225442119078272052e-01
2.651376457214355469e+02, 2.580000000000000000e+02, 4.540000000000000000e+02, 4.225442119078272052e-01
2.651700816154479980e+02, 2.570000000000000000e+02, 4.540000000000000000e+02, 4.225442119078272052e-01
2.652015178203582764e+02, 2.580000000000000000e+02, 4.530000000000000000e+02, 4.225442119078272052e-01
2.652338998317718506e+02, 2.580000000000000000e+02, 4.540000000000000000e+02, 4.225442119078272052e-01
2.652657778263092041e+02, 2.570000000000000000e+02, 4.540000000000000000e+02, 4.225442119078272052e-01
2.652978768348693848e+02, 2.570000000000000000e+02, 4.540000000000000000e+02, 4.225442119078272052e-01
2.653296329975128174e+02, 2.580000000000000000e+02, 4.540000000000000000e+02, 4.225442119078272052e-01
2.653615806102752686e+02, 2.580000000000000000e+02, 4.540000000000000000e+02, 4.225442119078272052e-01
2.653938119411468506e+02, 2.580000000000000000e+02, 4.540000000000000000e+02, 4.225442119078272052e-01
2.654261288642883301e+02, 2.580000000000000000e+02, 4.540000000000000000e+02, 4.225442119078272052e-01
2.654577829837799072e+02, 2.580000000000000000e+02, 4.540000000000000000e+02, 4.225442119078272052e-01
2.654899268150329590e+02, 2.580000000000000000e+02, 4.540000000000000000e+02, 4.225442119078272052e-01
2.655220637321472168e+02, 2.570000000000000000e+02, 4.540000000000000000e+02, 4.225442119078272052e-01
2.655539038181304932e+02, 2.580000000000000000e+02, 4.530000000000000000e+02, 4.225442119078272052e-01
2.655856556892395020e+02, 2.580000000000000000e+02, 4.530000000000000000e+02, 4.225442119078272052e-01
2.656181998252868652e+02, 2.580000000000000000e+02, 4.530000000000000000e+02, 4.272566008882118793e-01
2.656502158641815186e+02, 2.580000000000000000e+02, 4.530000000000000000e+02, 4.790928796724434613e-01
2.656816697120666504e+02, 2.570000000000000000e+02, 4.530000000000000000e+02, 5.057964172279566517e-01
2.657137558460235596e+02, 2.600000000000000000e+02, 4.690000000000000000e+02, 5.105088062083413813e-01
2.657458577156066895e+02, 2.630000000000000000e+02, 4.830000000000000000e+02, 5.105088062083413813e-01
2.657777976989746094e+02, 2.640000000000000000e+02, 4.850000000000000000e+02, 5.105088062083413813e-01
2.658101708889007568e+02, 2.640000000000000000e+02, 4.850000000000000000e+02, 5.105088062083413813e-01
2.658415329456329346e+02, 2.640000000000000000e+02, 4.840000000000000000e+02, 5.105088062083413813e-01
2.658740317821502686e+02, 2.640000000000000000e+02, 4.850000000000000000e+02, 5.105088062083413813e-01
2.659061739444732666e+02, 2.640000000000000000e+02, 4.850000000000000000e+02, 5.105088062083413813e-01
2.659379189014434814e+02, 2.630000000000000000e+02, 4.850000000000000000e+02, 5.105088062083413813e-01
2.659698576927185059e+02, 2.640000000000000000e+02, 4.850000000000000000e+02, 5.105088062083413813e-01
2.660015039443969727e+02, 2.630000000000000000e+02, 4.850000000000000000e+02, 5.105088062083413813e-01
2.660341980457305908e+02, 2.630000000000000000e+02, 4.850000000000000000e+02, 5.105088062083413813e-01
2.660658278465270996e+02, 2.630000000000000000e+02, 4.850000000000000000e+02, 5.105088062083413813e-01
2.660979640483856201e+02, 2.630000000000000000e+02, 4.850000000000000000e+02, 5.105088062083413813e-01
2.661297616958618164e+02, 2.640000000000000000e+02, 4.850000000000000000e+02, 5.105088062083413813e-01
2.661619498729705811e+02, 2.630000000000000000e+02, 4.850000000000000000e+02, 5.105088062083413813e-01
2.661938576698303223e+02, 2.630000000000000000e+02, 4.850000000000000000e+02, 5.105088062083413813e-01
2.662257227897644043e+02, 2.630000000000000000e+02, 4.850000000000000000e+02, 5.105088062083413813e-01
2.662579047679901123e+02, 2.640000000000000000e+02, 4.850000000000000000e+02, 5.105088062083413813e-01
2.662894377708435059e+02, 2.630000000000000000e+02, 4.850000000000000000e+02, 5.105088062083413813e-01
2.663216676712036133e+02, 2.640000000000000000e+02, 4.850000000000000000e+02, 5.105088062083413813e-01
2.663540139198303223e+02, 2.630000000000000000e+02, 4.850000000000000000e+02, 5.105088062083413813e-01
2.663861067295074463e+02, 2.640000000000000000e+02, 4.850000000000000000e+02, 5.105088062083413813e-01
2.664178569316864014e+02, 2.640000000000000000e+02, 4.850000000000000000e+02, 5.152211951887261110e-01
2.664500768184661865e+02, 2.630000000000000000e+02, 4.850000000000000000e+02, 6.958627727701391930e-01
2.664813587665557861e+02, 2.630000000000000000e+02, 4.850000000000000000e+02, 8.655087760639881278e-01
2.665136308670043945e+02, 2.690000000000000000e+02, 5.050000000000000000e+02, 9.173450548482194877e-01
2.665456838607788086e+02, 2.880000000000000000e+02, 5.550000000000000000e+02, 9.220574438286042174e-01
2.665770409107208252e+02, 3.260000000000000000e+02, 6.190000000000000000e+02, 9.204866475018093075e-01
2.666096827983856201e+02, 3.270000000000000000e+02, 6.190000000000000000e+02, 9.204866475018093075e-01
2.666416046619415283e+02, 3.310000000000000000e+02, 6.250000000000000000e+02, 9.220574438286042174e-01
2.666737170219421387e+02, 3.310000000000000000e+02, 6.250000000000000000e+02, 9.204866475018093075e-01
2.667056429386138916e+02, 3.320000000000000000e+02, 6.250000000000000000e+02, 9.204866475018093075e-01
2.667379658222198486e+02, 3.310000000000000000e+02, 6.250000000000000000e+02, 9.204866475018093075e-01
2.667697737216949463e+02, 3.310000000000000000e+02, 6.250000000000000000e+02, 9.204866475018093075e-01
2.668017559051513672e+02, 3.310000000000000000e+02, 6.250000000000000000e+02, 9.204866475018093075e-01
2.668338780403137207e+02, 3.320000000000000000e+02, 6.250000000000000000e+02, 9.204866475018093075e-01
2.668659179210662842e+02, 3.320000000000000000e+02, 6.250000000000000000e+02, 9.204866475018093075e-01
2.668977658748626709e+02, 3.320000000000000000e+02, 6.250000000000000000e+02, 9.204866475018093075e-01
2.669298207759857178e+02, 3.320000000000000000e+02, 6.250000000000000000e+02, 9.204866475018093075e-01
2.669616167545318604e+02, 3.310000000000000000e+02, 6.250000000000000000e+02, 9.204866475018093075e-01
2.669934108257293701e+02, 3.310000000000000000e+02, 6.250000000000000000e+02, 9.220574438286042174e-01
2.670254199504852295e+02, 3.310000000000000000e+02, 6.250000000000000000e+02, 9.220574438286042174e-01
2.670578737258911133e+02, 3.310000000000000000e+02, 6.250000000000000000e+02, 9.204866475018093075e-01
2.670890748500823975e+02, 3.310000000000000000e+02, 6.250000000000000000e+02, 9.204866475018093075e-01
2.671218366622924805e+02, 3.310000000000000000e+02, 6.250000000000000000e+02, 9.204866475018093075e-01
2.671537888050079346e+02, 3.320000000000000000e+02, 6.250000000000000000e+02, 9.204866475018093075e-01
2.671857709884643555e+02, 3.310000000000000000e+02, 6.250000000000000000e+02, 9.204866475018093075e-01
2.672182416915893555e+02, 3.310000000000000000e+02, 6.250000000000000000e+02, 9.032078879070654098e-01
2.672499277591705322e+02, 3.310000000000000000e+02, 6.250000000000000000e+02, 7.099999397112932709e-01
2.672815368175506592e+02, 3.280000000000000000e+02, 6.210000000000000000e+02, 5.529203070318035040e-01
2.673134829998016357e+02, 2.820000000000000000e+02, 5.450000000000000000e+02, 5.136503988619312011e-01
2.673455967903137207e+02, 2.610000000000000000e+02, 4.810000000000000000e+02, 5.105088062083413813e-01
2.673779358863830566e+02, 2.550000000000000000e+02, 4.500000000000000000e+02, 5.105088062083413813e-01
2.674098780155181885e+02, 2.570000000000000000e+02, 4.550000000000000000e+02, 5.105088062083413813e-01
2.674420800209045410e+02, 2.640000000000000000e+02, 4.900000000000000000e+02, 5.089380098815464715e-01
2.674736998081207275e+02, 2.630000000000000000e+02, 4.890000000000000000e+02, 5.089380098815464715e-01
2.675059456825256348e+02, 2.620000000000000000e+02, 4.890000000000000000e+02, 5.105088062083413813e-01
2.675377237796783447e+02, 2.630000000000000000e+02, 4.890000000000000000e+02, 5.089380098815464715e-01
2.675700888633728027e+02, 2.640000000000000000e+02, 4.890000000000000000e+02, 5.105088062083413813e-01
2.676017169952392578e+02, 2.640000000000000000e+02, 4.890000000000000000e+02, 5.089380098815464715e-01
2.676336698532104492e+02, 2.640000000000000000e+02, 4.890000000000000000e+02, 5.105088062083413813e-01
2.676658108234405518e+02, 2.640000000000000000e+02, 4.890000000000000000e+02, 5.105088062083413813e-01
2.676978349685668945e+02, 2.650000000000000000e+02, 4.890000000000000000e+02, 5.089380098815464715e-01
2.677298188209533691e+02, 2.650000000000000000e+02, 4.880000000000000000e+02, 5.089380098815464715e-01
2.677617626190185547e+02, 2.650000000000000000e+02, 4.880000000000000000e+02, 5.089380098815464715e-01
2.677938706874847412e+02, 2.650000000000000000e+02, 4.890000000000000000e+02, 5.089380098815464715e-01
2.678256998062133789e+02, 2.650000000000000000e+02, 4.890000000000000000e+02, 5.089380098815464715e-01
2.678576419353485107e+02, 2.650000000000000000e+02, 4.880000000000000000e+02, 5.089380098815464715e-01
2.678895158767700195e+02, 2.650000000000000000e+02, 4.880000000000000000e+02, 5.105088062083413813e-01
2.679216167926788330e+02, 2.660000000000000000e+02, 4.890000000000000000e+02, 5.089380098815464715e-01
2.679535398483276367e+02, 2.660000000000000000e+02, 4.890000000000000000e+02, 5.089380098815464715e-01
2.679858148097991943e+02, 2.660000000000000000e+02, 4.880000000000000000e+02, 5.089380098815464715e-01
2.680179867744445801e+02, 2.650000000000000000e+02, 4.890000000000000000e+02, 5.073672135547515616e-01
2.680499629974365234e+02, 2.660000000000000000e+02, 4.880000000000000000e+02, 4.822344723260332255e-01
2.680818419456481934e+02, 2.650000000000000000e+02, 4.890000000000000000e+02, 4.696681017116740575e-01
2.681138608455657959e+02, 2.620000000000000000e+02, 4.800000000000000000e+02, 4.696681017116740575e-01
2.681457748413085938e+02, 2.620000000000000000e+02, 4.760000000000000000e+02, 4.696681017116740575e-01
2.681771819591522217e+02, 2.620000000000000000e+02, 4.760000000000000000e+02, 4.696681017116740575e-01
2.682095568180084229e+02, 2.620000000000000000e+02, 4.750000000000000000e+02, 4.696681017116740575e-01
2.682416038513183594e+02, 2.610000000000000000e+02, 4.760000000000000000e+02, 4.696681017116740575e-01
2.682733869552612305e+02, 2.620000000000000000e+02, 4.760000000000000000e+02, 4.696681017116740575e-01
2.683051977157592773e+02, 2.620000000000000000e+02, 4.760000000000000000e+02, 4.696681017116740575e-01
2.683374876976013184e+02, 2.610000000000000000e+02, 4.760000000000000000e+02, 4.696681017116740575e-01
2.683699967861175537e+02, 2.620000000000000000e+02, 4.760000000000000000e+02, 4.696681017116740575e-01
2.684016609191894531e+02, 2.620000000000000000e+02, 4.760000000000000000e+02, 4.696681017116740575e-01
2.684339959621429443e+02, 2.620000000000000000e+02, 4.760000000000000000e+02, 4.696681017116740575e-01
2.684654498100280762e+02, 2.620000000000000000e+02, 4.760000000000000000e+02, 4.696681017116740575e-01
2.684977829456329346e+02, 2.620000000000000000e+02, 4.760000000000000000e+02, 4.696681017116740575e-01
2.685299088954925537e+02, 2.630000000000000000e+02, 4.760000000000000000e+02, 4.696681017116740575e-01
2.685615947246551514e+02, 2.620000000000000000e+02, 4.760000000000000000e+02, 4.696681017116740575e-01
2.685934426784515381e+02, 2.620000000000000000e+02, 4.760000000000000000e+02, 4.696681017116740575e-01
2.686257357597351074e+02, 2.620000000000000000e+02, 4.760000000000000000e+02, 4.696681017116740575e-01
2.686574568748474121e+02, 2.620000000000000000e+02, 4.760000000000000000e+02, 4.696681017116740575e-01
2.686896016597747803e+02, 2.620000000000000000e+02, 4.760000000000000000e+02, 4.680973053848791476e-01
2.687217328548431396e+02, 2.620000000000000000e+02, 4.760000000000000000e+02, 4.696681017116740575e-01
2.687538418769836426e+02, 2.620000000000000000e+02, 4.760000000000000000e+02, 4.696681017116740575e-01
2.687856347560882568e+02, 2.610000000000000000e+02, 4.760000000000000000e+02, 4.696681017116740575e-01
2.688178157806396484e+02, 2.630000000000000000e+02, 4.760000000000000000e+02, 4.680973053848791476e-01
2.688495187759399414e+02, 2.620000000000000000e+02, 4.760000000000000000e+02, 4.335397861953914633e-01
2.688816688060760498e+02, 2.620000000000000000e+02, 4.760000000000000000e+02, 4.131194339470578014e-01
2.689138896465301514e+02, 2.600000000000000000e+02, 4.620000000000000000e+02, 4.084070449666731273e-01
2.689456777572631836e+02, 2.580000000000000000e+02, 4.530000000000000000e+02, 4.084070449666731273e-01
2.689779927730560303e+02, 2.580000000000000000e+02, 4.540000000000000000e+02, 4.084070449666731273e-01
2.690096969604492188e+02, 2.580000000000000000e+02, 4.540000000000000000e+02, 4.084070449666731273e-01
2.690419850349426270e+02, 2.580000000000000000e+02, 4.530000000000000000e+02, 4.084070449666731273e-01
2.690737597942352295e+02, 2.580000000000000000e+02, 4.530000000000000000e+02, 4.084070449666731273e-01
2.691054868698120117e+02, 2.580000000000000000e+02, 4.530000000000000000e+02, 4.084070449666731273e-01
2.691377239227294922e+02, 2.570000000000000000e+02, 4.540000000000000000e+02, 4.084070449666731273e-01
2.691697180271148682e+02, 2.580000000000000000e+02, 4.530000000000000000e+02, 4.084070449666731273e-01
2.692017557621002197e+02, 2.580000000000000000e+02, 4.540000000000000000e+02, 4.084070449666731273e-01
2.692335507869720459e+02, 2.590000000000000000e+02, 4.540000000000000000e+02, 4.084070449666731273e-01
2.692658250331878662e+02, 2.580000000000000000e+02, 4.540000000000000000e+02, 4.084070449666731273e-01
2.692974886894226074e+02, 2.570000000000000000e+02, 4.540000000000000000e+02, 4.084070449666731273e-01
2.693293607234954834e+02, 2.580000000000000000e+02, 4.530000000000000000e+02, 4.084070449666731273e-01
2.693617599010467529e+02, 2.580000000000000000e+02, 4.540000000000000000e+02, 4.084070449666731273e-01
2.693938417434692383e+02, 2.570000000000000000e+02, 4.530000000000000000e+02, 4.084070449666731273e-01
2.694254348278045654e+02, 2.570000000000000000e+02, 4.530000000000000000e+02, 4.084070449666731273e-01
2.694573938846588135e+02, 2.580000000000000000e+02, 4.540000000000000000e+02, 4.084070449666731273e-01
2.694893517494201660e+02, 2.580000000000000000e+02, 4.550000000000000000e+02, 4.084070449666731273e-01
2.695218398571014404e+02, 2.570000000000000000e+02, 4.530000000000000000e+02, 4.084070449666731273e-01
2.695536549091339111e+02, 2.580000000000000000e+02, 4.530000000000000000e+02, 4.084070449666731273e-01
2.695857007503509521e+02, 2.580000000000000000e+02, 4.540000000000000000e+02, 4.084070449666731273e-01
2.696181948184967041e+02, 2.580000000000000000e+02, 4.530000000000000000e+02, 4.272566008882118793e-01
2.696497178077697754e+02, 2.580000000000000000e+02, 4.530000000000000000e+02, 6.141813637768045453e-01
2.696816036701202393e+02, 2.580000000000000000e+02, 4.550000000000000000e+02, 7.618362184955248528e-01
2.697133488655090332e+02, 2.630000000000000000e+02, 4.770000000000000000e+02, 7.979645340118074470e-01
2.697458608150482178e+02, 2.780000000000000000e+02, 5.280000000000000000e+02, 8.026769229921921767e-01
2.697774078845977783e+02, 3.040000000000000000e+02, 5.830000000000000000e+02, 7.995353303386023569e-01
2.698092327117919922e+02, 3.070000000000000000e+02, 5.880000000000000000e+02, 7.995353303386023569e-01
2.698413207530975342e+02, 3.060000000000000000e+02, 5.880000000000000000e+02, 7.995353303386023569e-01
2.698738307952880859e+02, 3.060000000000000000e+02, 5.890000000000000000e+02, 7.995353303386023569e-01
2.699057488441467285e+02, 3.060000000000000000e+02, 5.890000000000000000e+02, 7.995353303386023569e-01
2.699375469684600830e+02, 3.060000000000000000e+02, 5.880000000000000000e+02, 7.995353303386023569e-01
2.699692506790161133e+02, 3.060000000000000000e+02, 5.880000000000000000e+02, 7.995353303386023569e-01
2.700011217594146729e+02, 3.070000000000000000e+02, 5.880000000000000000e+02, 8.011061266653972668e-01
2.700332717895507812e+02, 3.060000000000000000e+02, 5.880000000000000000e+02, 7.995353303386023569e-01
2.700659389495849609e+02, 3.060000000000000000e+02, 5.880000000000000000e+02, 8.011061266653972668e-01
2.700975487232208252e+02, 3.070000000000000000e+02, 5.880000000000000000e+02, 8.011061266653972668e-01
2.701295177936553955e+02, 3.070000000000000000e+02, 5.880000000000000000e+02, 8.011061266653972668e-01
2.701613886356353760e+02, 3.070000000000000000e+02, 5.880000000000000000e+02, 7.995353303386023569e-01
2.701936016082763672e+02, 3.070000000000000000e+02, 5.880000000000000000e+02, 7.995353303386023569e-01
2.702257437705993652e+02, 3.070000000000000000e+02, 5.880000000000000000e+02, 7.995353303386023569e-01
2.702579007148742676e+02, 3.060000000000000000e+02, 5.880000000000000000e+02, 7.995353303386023569e-01
2.702896127700805664e+02, 3.070000000000000000e+02, 5.880000000000000000e+02, 7.995353303386023569e-01
2.703213918209075928e+02, 3.070000000000000000e+02, 5.880000000000000000e+02, 8.011061266653972668e-01
2.703538918495178223e+02, 3.060000000000000000e+02, 5.880000000000000000e+02, 7.995353303386023569e-01
2.703854308128356934e+02, 3.060000000000000000e+02, 5.880000000000000000e+02, 8.011061266653972668e-01
2.704172518253326416e+02, 3.060000000000000000e+02, 5.880000000000000000e+02, 8.011061266653972668e-01
2.704495968818664551e+02, 3.060000000000000000e+02, 5.890000000000000000e+02, 7.995353303386023569e-01
2.704813427925109863e+02, 3.060000000000000000e+02, 5.890000000000000000e+02, 7.995353303386023569e-01
2.705133018493652344e+02, 3.050000000000000000e+02, 5.890000000000000000e+02, 8.011061266653972668e-01
2.705454998016357422e+02, 3.060000000000000000e+02, 5.890000000000000000e+02, 7.995353303386023569e-01
2.705770497322082520e+02, 3.070000000000000000e+02, 5.880000000000000000e+02, 7.995353303386023569e-01
2.706094868183135986e+02, 3.060000000000000000e+02, 5.880000000000000000e+02, 7.995353303386023569e-01
2.706415107250213623e+02, 3.070000000000000000e+02, 5.890000000000000000e+02, 7.995353303386023569e-01
2.706735978126525879e+02, 3.070000000000000000e+02, 5.880000000000000000e+02, 8.011061266653972668e-01
2.707055857181549072e+02, 3.070000000000000000e+02, 5.880000000000000000e+02, 7.995353303386023569e-01
2.707373318672180176e+02, 3.060000000000000000e+02, 5.880000000000000000e+02, 7.995353303386023569e-01
2.707692496776580811e+02, 3.060000000000000000e+02, 5.880000000000000000e+02, 7.995353303386023569e-01
2.708012607097625732e+02, 3.060000000000000000e+02, 5.880000000000000000e+02, 7.995353303386023569e-01
2.708332347869873047e+02, 3.070000000000000000e+02, 5.880000000000000000e+02, 8.011061266653972668e-01
2.708657438755035400e+02, 3.070000000000000000e+02, 5.880000000000000000e+02, 7.995353303386023569e-01
2.708973166942596436e+02, 3.070000000000000000e+02, 5.880000000000000000e+02, 7.995353303386023569e-01
2.709296777248382568e+02, 3.060000000000000000e+02, 5.880000000000000000e+02, 8.011061266653972668e-01
2.709614536762237549e+02, 3.060000000000000000e+02, 5.880000000000000000e+02, 7.995353303386023569e-01
2.709935708045959473e+02, 3.060000000000000000e+02, 5.880000000000000000e+02, 7.995353303386023569e-01
2.710256199836730957e+02, 3.070000000000000000e+02, 5.880000000000000000e+02, 7.995353303386023569e-01
2.710577828884124756e+02, 3.070000000000000000e+02, 5.880000000000000000e+02, 8.011061266653972668e-01
2.710897228717803955e+02, 3.070000000000000000e+02, 5.880000000000000000e+02, 7.995353303386023569e-01
2.711214647293090820e+02, 3.060000000000000000e+02, 5.880000000000000000e+02, 7.995353303386023569e-01
2.711534867286682129e+02, 3.070000000000000000e+02, 5.880000000000000000e+02, 7.995353303386023569e-01
2.711858890056610107e+02, 3.060000000000000000e+02, 5.880000000000000000e+02, 8.011061266653972668e-01
2.712179729938507080e+02, 3.060000000000000000e+02, 5.880000000000000000e+02, 8.058185156457819964e-01
2.712492170333862305e+02, 3.070000000000000000e+02, 5.880000000000000000e+02, 8.513716091228339389e-01
2.712815418243408203e+02, 3.070000000000000000e+02, 5.880000000000000000e+02, 8.765043503515523859e-01
2.713134279251098633e+02, 3.130000000000000000e+02, 5.980000000000000000e+02, 8.827875356587319144e-01
2.713452558517456055e+02, 3.210000000000000000e+02, 6.090000000000000000e+02, 8.843583319855267133e-01
2.713775386810302734e+02, 3.220000000000000000e+02, 6.100000000000000000e+02, 8.843583319855267133e-01
2.714091918468475342e+02, 3.220000000000000000e+02, 6.110000000000000000e+02, 8.827875356587319144e-01
2.714411237239837646e+02, 3.220000000000000000e+02, 6.110000000000000000e+02, 8.843583319855267133e-01
2.714737288951873779e+02, 3.220000000000000000e+02, 6.110000000000000000e+02, 8.843583319855267133e-01
2.715054178237915039e+02, 3.220000000000000000e+02, 6.110000000000000000e+02, 8.827875356587319144e-01
2.715376307964324951e+02, 3.220000000000000000e+02, 6.110000000000000000e+02, 8.843583319855267133e-01
2.715692749023437500e+02, 3.220000000000000000e+02, 6.110000000000000000e+02, 8.843583319855267133e-01
2.716014778614044189e+02, 3.220000000000000000e+02, 6.110000000000000000e+02, 8.843583319855267133e-01
2.716334838867187500e+02, 3.230000000000000000e+02, 6.110000000000000000e+02, 8.827875356587319144e-01
2.716654007434844971e+02, 3.220000000000000000e+02, 6.100000000000000000e+02, 8.843583319855267133e-01
2.716974477767944336e+02, 3.220000000000000000e+02, 6.110000000000000000e+02, 8.827875356587319144e-01
2.717293467521667480e+02, 3.220000000000000000e+02, 6.110000000000000000e+02, 8.843583319855267133e-01
2.717616457939147949e+02, 3.230000000000000000e+02, 6.110000000000000000e+02, 8.843583319855267133e-01
2.717933886051177979e+02, 3.220000000000000000e+02, 6.110000000000000000e+02, 8.827875356587319144e-01
2.718256008625030518e+02, 3.230000000000000000e+02, 6.110000000000000000e+02, 8.827875356587319144e-01
2.718575198650360107e+02, 3.220000000000000000e+02, 6.110000000000000000e+02, 8.843583319855267133e-01
2.718892927169799805e+02, 3.220000000000000000e+02, 6.110000000000000000e+02, 8.843583319855267133e-01
2.719214148521423340e+02, 3.220000000000000000e+02, 6.110000000000000000e+02, 8.843583319855267133e-01
2.719531908035278320e+02, 3.220000000000000000e+02, 6.110000000000000000e+02, 8.843583319855267133e-01
2.719856698513031006e+02, 3.220000000000000000e+02, 6.110000000000000000e+02, 8.827875356587319144e-01
2.720178208351135254e+02, 3.230000000000000000e+02, 6.110000000000000000e+02, 8.749335540247574761e-01
2.720493907928466797e+02, 3.230000000000000000e+02, 6.110000000000000000e+02, 7.791149780902686395e-01
2.720814387798309326e+02, 3.220000000000000000e+02, 6.110000000000000000e+02, 7.304202919596269883e-01
2.721135387420654297e+02, 2.950000000000000000e+02, 5.680000000000000000e+02, 7.209955139988575290e-01
2.721453318595886230e+02, 2.800000000000000000e+02, 5.360000000000000000e+02, 7.178539213452677092e-01
2.721771960258483887e+02, 2.800000000000000000e+02, 5.360000000000000000e+02, 7.178539213452677092e-01
2.722093839645385742e+02, 2.910000000000000000e+02, 5.600000000000000000e+02, 7.178539213452677092e-01
2.722413566112518311e+02, 2.900000000000000000e+02, 5.610000000000000000e+02, 7.194247176720626191e-01
2.722732169628143311e+02, 2.910000000000000000e+02, 5.610000000000000000e+02, 7.178539213452677092e-01
2.723053586483001709e+02, 2.910000000000000000e+02, 5.610000000000000000e+02, 7.178539213452677092e-01
2.723374629020690918e+02, 2.910000000000000000e+02, 5.610000000000000000e+02, 7.194247176720626191e-01
2.723690476417541504e+02, 2.910000000000000000e+02, 5.610000000000000000e+02, 7.178539213452677092e-01
2.724014358520507812e+02, 2.900000000000000000e+02, 5.610000000000000000e+02, 7.178539213452677092e-01
2.724334299564361572e+02, 2.910000000000000000e+02, 5.610000000000000000e+02, 7.178539213452677092e-01
2.724656057357788086e+02, 2.910000000000000000e+02, 5.610000000000000000e+02, 7.178539213452677092e-01
2.724972867965698242e+02, 2.910000000000000000e+02, 5.610000000000000000e+02, 7.178539213452677092e-01
2.725293357372283936e+02, 2.910000000000000000e+02, 5.610000000000000000e+02, 7.178539213452677092e-01
2.725615370273590088e+02, 2.900000000000000000e+02, 5.600000000000000000e+02, 7.178539213452677092e-01
2.725932538509368896e+02, 2.910000000000000000e+02, 5.610000000000000000e+02, 7.178539213452677092e-01
2.726254026889801025e+02, 2.910000000000000000e+02, 5.610000000000000000e+02, 7.178539213452677092e-01
2.726572968959808350e+02, 2.910000000000000000e+02, 5.610000000000000000e+02, 7.178539213452677092e-01
2.726892769336700439e+02, 2.910000000000000000e+02, 5.610000000000000000e+02, 7.178539213452677092e-01
2.727217388153076172e+02, 2.920000000000000000e+02, 5.620000000000000000e+02, 7.178539213452677092e-01
2.727530288696289062e+02, 2.910000000000000000e+02, 5.610000000000000000e+02, 7.178539213452677092e-01
2.727855527400970459e+02, 2.910000000000000000e+02, 5.610000000000000000e+02, 7.178539213452677092e-01
2.728181729316711426e+02, 2.910000000000000000e+02, 5.610000000000000000e+02, 7.288494956328320784e-01
2.728492779731750488e+02, 2.910000000000000000e+02, 5.610000000000000000e+02, 9.094910732142450493e-01
2.728811986446380615e+02, 2.910000000000000000e+02, 5.610000000000000000e+02, 1.107411410390402029e+00
2.729137337207794189e+02, 3.010000000000000000e+02, 5.800000000000000000e+02, 1.173384856115787800e+00
2.729456136226654053e+02, 3.270000000000000000e+02, 6.180000000000000000e+02, 1.181238837749762238e+00
2.729772028923034668e+02, 3.720000000000000000e+02, 6.600000000000000000e+02, 1.178097245096172418e+00
2.730093607902526855e+02, 3.970000000000000000e+02, 6.710000000000000000e+02, 1.178097245096172418e+00
2.730414259433746338e+02, 4.010000000000000000e+02, 6.730000000000000000e+02, 1.178097245096172418e+00
2.730729627609252930e+02, 4.030000000000000000e+02, 6.730000000000000000e+02, 1.178097245096172418e+00
2.731056549549102783e+02, 4.030000000000000000e+02, 6.730000000000000000e+02, 1.178097245096172418e+00
2.731372787952423096e+02, 4.030000000000000000e+02, 6.730000000000000000e+02, 1.178097245096172418e+00
2.731695177555084229e+02, 4.030000000000000000e+02, 6.730000000000000000e+02, 1.178097245096172418e+00
2.732013688087463379e+02, 4.030000000000000000e+02, 6.730000000000000000e+02, 1.178097245096172418e+00
2.732332208156585693e+02, 4.030000000000000000e+02, 6.730000000000000000e+02, 1.178097245096172418e+00
2.732654876708984375e+02, 4.030000000000000000e+02, 6.730000000000000000e+02, 1.178097245096172418e+00
2.732972657680511475e+02, 4.030000000000000000e+02, 6.730000000000000000e+02, 1.178097245096172418e+00
2.733293676376342773e+02, 4.030000000000000000e+02, 6.730000000000000000e+02, 1.178097245096172418e+00
2.733608498573303223e+02, 4.030000000000000000e+02, 6.730000000000000000e+02, 1.178097245096172418e+00
2.733929908275604248e+02, 4.030000000000000000e+02, 6.730000000000000000e+02, 1.178097245096172418e+00
2.734253008365631104e+02, 4.030000000000000000e+02, 6.730000000000000000e+02, 1.178097245096172418e+00
2.734572868347167969e+02, 4.030000000000000000e+02, 6.730000000000000000e+02, 1.178097245096172418e+00
2.734893448352813721e+02, 4.030000000000000000e+02, 6.730000000000000000e+02, 1.178097245096172418e+00
2.735214059352874756e+02, 4.030000000000000000e+02, 6.730000000000000000e+02, 1.178097245096172418e+00
2.735532598495483398e+02, 4.030000000000000000e+02, 6.740000000000000000e+02, 1.178097245096172418e+00
2.735851027965545654e+02, 4.030000000000000000e+02, 6.730000000000000000e+02, 1.178097245096172418e+00
2.736177737712860107e+02, 4.030000000000000000e+02, 6.730000000000000000e+02, 1.176526448769377620e+00
2.736495087146759033e+02, 4.030000000000000000e+02, 6.740000000000000000e+02, 1.134114947945915386e+00
2.736812968254089355e+02, 4.030000000000000000e+02, 6.730000000000000000e+02, 1.112123799370786648e+00
2.737134778499603271e+02, 3.850000000000000000e+02, 6.660000000000000000e+02, 1.105840614063607008e+00
2.737449598312377930e+02, 3.820000000000000000e+02, 6.650000000000000000e+02, 1.104269817736812209e+00
2.737773938179016113e+02, 3.810000000000000000e+02, 6.640000000000000000e+02, 1.105840614063607008e+00
2.738094336986541748e+02, 3.800000000000000000e+02, 6.640000000000000000e+02, 1.104269817736812209e+00
2.738412506580352783e+02, 3.810000000000000000e+02, 6.640000000000000000e+02, 1.105840614063607008e+00
2.738730459213256836e+02, 3.810000000000000000e+02, 6.640000000000000000e+02, 1.104269817736812209e+00
2.739054288864135742e+02, 3.800000000000000000e+02, 6.640000000000000000e+02, 1.104269817736812209e+00
2.739374728202819824e+02, 3.810000000000000000e+02, 6.640000000000000000e+02, 1.104269817736812209e+00
2.739694378376007080e+02, 3.800000000000000000e+02, 6.640000000000000000e+02, 1.104269817736812209e+00
2.740013298988342285e+02, 3.800000000000000000e+02, 6.640000000000000000e+02, 1.104269817736812209e+00
2.740332019329071045e+02, 3.810000000000000000e+02, 6.640000000000000000e+02, 1.105840614063607008e+00
2.740649569034576416e+02, 3.800000000000000000e+02, 6.640000000000000000e+02, 1.104269817736812209e+00
2.740972168445587158e+02, 3.800000000000000000e+02, 6.640000000000000000e+02, 1.105840614063607008e+00
2.741291787624359131e+02, 3.810000000000000000e+02, 6.640000000000000000e+02, 1.104269817736812209e+00
2.741602768898010254e+02, 3.810000000000000000e+02, 6.640000000000000000e+02, 1.104269817736812209e+00
2.741934247016906738e+02, 3.810000000000000000e+02, 6.640000000000000000e+02, 1.104269817736812209e+00
2.742253189086914062e+02, 3.800000000000000000e+02, 6.640000000000000000e+02, 1.104269817736812209e+00
2.742571587562561035e+02, 3.810000000000000000e+02, 6.640000000000000000e+02, 1.105840614063607008e+00
2.742891776561737061e+02, 3.810000000000000000e+02, 6.640000000000000000e+02, 1.104269817736812209e+00
2.743210628032684326e+02, 3.810000000000000000e+02, 6.640000000000000000e+02, 1.104269817736812209e+00
2.743531646728515625e+02, 3.810000000000000000e+02, 6.640000000000000000e+02, 1.104269817736812209e+00
2.743850097656250000e+02, 3.800000000000000000e+02, 6.640000000000000000e+02, 1.105840614063607008e+00
2.744176487922668457e+02, 3.810000000000000000e+02, 6.640000000000000000e+02, 1.099557428756427591e+00
2.744491257667541504e+02, 3.800000000000000000e+02, 6.640000000000000000e+02, 9.723229262860410005e-01
2.744812498092651367e+02, 3.790000000000000000e+02, 6.640000000000000000e+02, 8.984954989266807912e-01
2.745135149955749512e+02, 3.280000000000000000e+02, 6.210000000000000000e+02, 8.859291283123216232e-01
2.745452158451080322e+02, 3.010000000000000000e+02, 5.790000000000000000e+02, 8.827875356587319144e-01
2.745772616863250732e+02, 2.930000000000000000e+02, 5.650000000000000000e+02, 8.827875356587319144e-01
2.746093797683715820e+02, 2.990000000000000000e+02, 5.760000000000000000e+02, 8.827875356587319144e-01
2.746413037776947021e+02, 3.200000000000000000e+02, 6.090000000000000000e+02, 8.827875356587319144e-01
2.746733477115631104e+02, 3.230000000000000000e+02, 6.130000000000000000e+02, 8.827875356587319144e-01
2.747051827907562256e+02, 3.240000000000000000e+02, 6.130000000000000000e+02, 8.827875356587319144e-01
2.747370560169219971e+02, 3.240000000000000000e+02, 6.130000000000000000e+02, 8.827875356587319144e-01
2.747698028087615967e+02, 3.240000000000000000e+02, 6.130000000000000000e+02, 8.827875356587319144e-01
2.748009808063507080e+02, 3.240000000000000000e+02, 6.130000000000000000e+02, 8.827875356587319144e-01
2.748334898948669434e+02, 3.240000000000000000e+02, 6.130000000000000000e+02, 8.827875356587319144e-01
2.748653688430786133e+02, 3.240000000000000000e+02, 6.130000000000000000e+02, 8.827875356587319144e-01
2.748973677158355713e+02, 3.240000000000000000e+02, 6.130000000000000000e+02, 8.843583319855267133e-01
2.749291639328002930e+02, 3.240000000000000000e+02, 6.130000000000000000e+02, 8.827875356587319144e-01
2.749610517024993896e+02, 3.240000000000000000e+02, 6.130000000000000000e+02, 8.827875356587319144e-01
2.749932258129119873e+02, 3.230000000000000000e+02, 6.130000000000000000e+02, 8.827875356587319144e-01
2.750250837802886963e+02, 3.240000000000000000e+02, 6.130000000000000000e+02, 8.827875356587319144e-01
2.750574169158935547e+02, 3.240000000000000000e+02, 6.130000000000000000e+02, 8.827875356587319144e-01
2.750894088745117188e+02, 3.230000000000000000e+02, 6.130000000000000000e+02, 8.827875356587319144e-01
2.751216127872467041e+02, 3.240000000000000000e+02, 6.130000000000000000e+02, 8.843583319855267133e-01
2.751531069278717041e+02, 3.240000000000000000e+02, 6.130000000000000000e+02, 8.827875356587319144e-01
2.751858377456665039e+02, 3.240000000000000000e+02, 6.130000000000000000e+02, 8.827875356587319144e-01
2.752174248695373535e+02, 3.240000000000000000e+02, 6.130000000000000000e+02, 8.827875356587319144e-01
2.752492699623107910e+02, 3.240000000000000000e+02, 6.130000000000000000e+02, 8.827875356587319144e-01
2.752809579372406006e+02, 3.230000000000000000e+02, 6.130000000000000000e+02, 8.827875356587319144e-01
2.753135597705841064e+02, 3.230000000000000000e+02, 6.130000000000000000e+02, 8.827875356587319144e-01
2.753452768325805664e+02, 3.230000000000000000e+02, 6.130000000000000000e+02, 8.843583319855267133e-01
2.753774938583374023e+02, 3.230000000000000000e+02, 6.130000000000000000e+02, 8.827875356587319144e-01
2.754091157913208008e+02, 3.230000000000000000e+02, 6.130000000000000000e+02, 8.827875356587319144e-01
2.754415040016174316e+02, 3.230000000000000000e+02, 6.130000000000000000e+02, 8.827875356587319144e-01
2.754729866981506348e+02, 3.230000000000000000e+02, 6.130000000000000000e+02, 8.827875356587319144e-01
2.755055868625640869e+02, 3.230000000000000000e+02, 6.130000000000000000e+02, 8.827875356587319144e-01
2.755372169017791748e+02, 3.240000000000000000e+02, 6.130000000000000000e+02, 8.827875356587319144e-01
2.755690696239471436e+02, 3.230000000000000000e+02, 6.130000000000000000e+02, 8.827875356587319144e-01
2.756011557579040527e+02, 3.230000000000000000e+02, 6.130000000000000000e+02, 8.827875356587319144e-01
2.756332967281341553e+02, 3.230000000000000000e+02, 6.130000000000000000e+02, 8.827875356587319144e-01
2.756653187274932861e+02, 3.230000000000000000e+02, 6.130000000000000000e+02, 8.827875356587319144e-01
2.756972708702087402e+02, 3.230000000000000000e+02, 6.130000000000000000e+02, 8.827875356587319144e-01
2.757293057441711426e+02, 3.240000000000000000e+02, 6.130000000000000000e+02, 8.827875356587319144e-01
2.757610576152801514e+02, 3.230000000000000000e+02, 6.130000000000000000e+02, 8.827875356587319144e-01
2.757931599617004395e+02, 3.240000000000000000e+02, 6.130000000000000000e+02, 8.827875356587319144e-01
2.758250989913940430e+02, 3.240000000000000000e+02, 6.130000000000000000e+02, 8.827875356587319144e-01
2.758571088314056396e+02, 3.230000000000000000e+02, 6.130000000000000000e+02, 8.827875356587319144e-01
2.758888897895812988e+02, 3.230000000000000000e+02, 6.130000000000000000e+02, 8.827875356587319144e-01
2.759211215972900391e+02, 3.230000000000000000e+02, 6.130000000000000000e+02, 8.827875356587319144e-01
2.759530818462371826e+02, 3.230000000000000000e+02, 6.130000000000000000e+02, 8.827875356587319144e-01
2.759853088855743408e+02, 3.230000000000000000e+02, 6.130000000000000000e+02, 8.827875356587319144e-01
2.760178098678588867e+02, 3.240000000000000000e+02, 6.130000000000000000e+02, 8.969247025998858813e-01
2.760491456985473633e+02, 3.230000000000000000e+02, 6.130000000000000000e+02, 1.083849465488478492e+00
2.760808978080749512e+02, 3.250000000000000000e+02, 6.140000000000000000e+02, 1.222079542246429451e+00
2.761129457950592041e+02, 3.350000000000000000e+02, 6.280000000000000000e+02, 1.244070690821558189e+00
2.761460497379302979e+02, 3.600000000000000000e+02, 6.540000000000000000e+02, 1.242499894494763168e+00
2.761774747371673584e+02, 4.040000000000000000e+02, 6.730000000000000000e+02, 1.242499894494763168e+00
2.762093229293823242e+02, 4.070000000000000000e+02, 6.740000000000000000e+02, 1.242499894494763168e+00
2.762415099143981934e+02, 4.120000000000000000e+02, 6.760000000000000000e+02, 1.242499894494763168e+00
2.762731697559356689e+02, 4.130000000000000000e+02, 6.760000000000000000e+02, 1.242499894494763168e+00
2.763052396774291992e+02, 4.130000000000000000e+02, 6.770000000000000000e+02, 1.242499894494763168e+00
2.763371977806091309e+02, 4.120000000000000000e+02, 6.770000000000000000e+02, 1.242499894494763168e+00
2.763693540096282959e+02, 4.130000000000000000e+02, 6.760000000000000000e+02, 1.242499894494763168e+00
2.764014987945556641e+02, 4.120000000000000000e+02, 6.760000000000000000e+02, 1.242499894494763168e+00
2.764333167076110840e+02, 4.120000000000000000e+02, 6.760000000000000000e+02, 1.242499894494763168e+00
2.764653398990631104e+02, 4.120000000000000000e+02, 6.760000000000000000e+02, 1.242499894494763168e+00
2.764972448348999023e+02, 4.130000000000000000e+02, 6.760000000000000000e+02, 1.242499894494763168e+00
2.765291917324066162e+02, 4.130000000000000000e+02, 6.760000000000000000e+02, 1.242499894494763168e+00
2.765605428218841553e+02, 4.130000000000000000e+02, 6.760000000000000000e+02, 1.242499894494763168e+00
2.765932059288024902e+02, 4.130000000000000000e+02, 6.760000000000000000e+02, 1.242499894494763168e+00
2.766248986721038818e+02, 4.130000000000000000e+02, 6.760000000000000000e+02, 1.242499894494763168e+00
2.766573338508605957e+02, 4.120000000000000000e+02, 6.760000000000000000e+02, 1.242499894494763168e+00
2.766890649795532227e+02, 4.130000000000000000e+02, 6.760000000000000000e+02, 1.242499894494763168e+00
2.767211258411407471e+02, 4.130000000000000000e+02, 6.760000000000000000e+02, 1.242499894494763168e+00
2.767533318996429443e+02, 4.130000000000000000e+02, 6.760000000000000000e+02, 1.244070690821558189e+00
2.767854096889495850e+02, 4.130000000000000000e+02, 6.760000000000000000e+02, 1.242499894494763168e+00
2.768173508644104004e+02, 4.130000000000000000e+02, 6.770000000000000000e+02, 1.237787505514378550e+00
2.768492579460144043e+02, 4.120000000000000000e+02, 6.760000000000000000e+02, 1.099557428756427591e+00
2.768810207843780518e+02, 4.120000000000000000e+02, 6.760000000000000000e+02, 1.019446816089887964e+00
2.769132118225097656e+02, 3.620000000000000000e+02, 6.570000000000000000e+02, 1.005309649148733886e+00
2.769452159404754639e+02, 3.230000000000000000e+02, 6.160000000000000000e+02, 1.003738852821938865e+00
2.769772386550903320e+02, 3.100000000000000000e+02, 5.950000000000000000e+02, 1.003738852821938865e+00
2.770092380046844482e+02, 3.120000000000000000e+02, 5.980000000000000000e+02, 1.003738852821938865e+00
2.770411458015441895e+02, 3.280000000000000000e+02, 6.200000000000000000e+02, 1.003738852821938865e+00
2.770729289054870605e+02, 3.510000000000000000e+02, 6.470000000000000000e+02, 1.002168056495144066e+00
2.771048748493194580e+02, 3.510000000000000000e+02, 6.470000000000000000e+02, 1.003738852821938865e+00
2.771370439529418945e+02, 3.510000000000000000e+02, 6.470000000000000000e+02, 1.002168056495144066e+00
2.771690988540649414e+02, 3.520000000000000000e+02, 6.470000000000000000e+02, 1.003738852821938865e+00
2.772011277675628662e+02, 3.510000000000000000e+02, 6.470000000000000000e+02, 1.002168056495144066e+00
2.772332708835601807e+02, 3.510000000000000000e+02, 6.470000000000000000e+02, 1.002168056495144066e+00
2.772651939392089844e+02, 3.520000000000000000e+02, 6.470000000000000000e+02, 1.002168056495144066e+00
2.772973377704620361e+02, 3.520000000000000000e+02, 6.470000000000000000e+02, 1.002168056495144066e+00
2.773288786411285400e+02, 3.510000000000000000e+02, 6.470000000000000000e+02, 1.002168056495144066e+00
2.773613660335540771e+02, 3.520000000000000000e+02, 6.470000000000000000e+02, 1.003738852821938865e+00
2.773932867050170898e+02, 3.520000000000000000e+02, 6.470000000000000000e+02, 1.002168056495144066e+00
2.774252438545227051e+02, 3.510000000000000000e+02, 6.470000000000000000e+02, 1.002168056495144066e+00
2.774575269222259521e+02, 3.520000000000000000e+02, 6.470000000000000000e+02, 1.002168056495144066e+00
2.774895648956298828e+02, 3.520000000000000000e+02, 6.470000000000000000e+02, 1.002168056495144066e+00
2.775213868618011475e+02, 3.520000000000000000e+02, 6.470000000000000000e+02, 1.003738852821938865e+00
2.775530307292938232e+02, 3.510000000000000000e+02, 6.460000000000000000e+02, 1.002168056495144066e+00
2.775851888656616211e+02, 3.520000000000000000e+02, 6.470000000000000000e+02, 1.002168056495144066e+00
2.776175768375396729e+02, 3.510000000000000000e+02, 6.470000000000000000e+02, 1.008451241802323706e+00
2.776493775844573975e+02, 3.510000000000000000e+02, 6.470000000000000000e+02, 1.141968929579889824e+00
2.776812608242034912e+02, 3.520000000000000000e+02, 6.470000000000000000e+02, 1.212654764285660214e+00
2.777129538059234619e+02, 3.620000000000000000e+02, 6.550000000000000000e+02, 1.223650338573224472e+00
2.777452359199523926e+02, 3.850000000000000000e+02, 6.660000000000000000e+02, 1.223650338573224472e+00
2.777772538661956787e+02, 4.100000000000000000e+02, 6.760000000000000000e+02, 1.223650338573224472e+00
2.778090937137603760e+02, 4.110000000000000000e+02, 6.760000000000000000e+02, 1.223650338573224472e+00
2.778409488201141357e+02, 4.110000000000000000e+02, 6.760000000000000000e+02, 1.223650338573224472e+00
2.778729846477508545e+02, 4.110000000000000000e+02, 6.760000000000000000e+02, 1.223650338573224472e+00
2.779049158096313477e+02, 4.110000000000000000e+02, 6.760000000000000000e+02, 1.223650338573224472e+00
2.779367568492889404e+02, 4.110000000000000000e+02, 6.760000000000000000e+02, 1.223650338573224472e+00
2.779694216251373291e+02, 4.120000000000000000e+02, 6.760000000000000000e+02, 1.223650338573224472e+00
2.780007429122924805e+02, 4.110000000000000000e+02, 6.760000000000000000e+02, 1.223650338573224472e+00
2.780331788063049316e+02, 4.110000000000000000e+02, 6.760000000000000000e+02, 1.223650338573224472e+00
2.780650868415832520e+02, 4.120000000000000000e+02, 6.760000000000000000e+02, 1.223650338573224472e+00
2.780968666076660156e+02, 4.120000000000000000e+02, 6.760000000000000000e+02, 1.223650338573224472e+00
2.781291840076446533e+02, 4.120000000000000000e+02, 6.760000000000000000e+02, 1.223650338573224472e+00
2.781609787940979004e+02, 4.110000000000000000e+02, 6.760000000000000000e+02, 1.223650338573224472e+00
2.781928458213806152e+02, 4.120000000000000000e+02, 6.760000000000000000e+02, 1.223650338573224472e+00
2.782249798774719238e+02, 4.120000000000000000e+02, 6.760000000000000000e+02, 1.223650338573224472e+00
2.782571418285369873e+02, 4.120000000000000000e+02, 6.760000000000000000e+02, 1.223650338573224472e+00
2.782891807556152344e+02, 4.120000000000000000e+02, 6.760000000000000000e+02, 1.223650338573224472e+00
2.783212966918945312e+02, 4.120000000000000000e+02, 6.760000000000000000e+02, 1.223650338573224472e+00
2.783532958030700684e+02, 4.120000000000000000e+02, 6.760000000000000000e+02, 1.223650338573224472e+00
2.783850448131561279e+02, 4.120000000000000000e+02, 6.760000000000000000e+02, 1.223650338573224472e+00
2.784169080257415771e+02, 4.120000000000000000e+02, 6.760000000000000000e+02, 1.220508745919634652e+00
2.784490928649902344e+02, 4.120000000000000000e+02, 6.760000000000000000e+02, 1.046150353645401099e+00
2.784809339046478271e+02, 4.110000000000000000e+02, 6.760000000000000000e+02, 8.168140899333462546e-01
2.785127758979797363e+02, 3.440000000000000000e+02, 6.390000000000000000e+02, 6.785840131753952953e-01
2.785449819564819336e+02, 2.950000000000000000e+02, 5.690000000000000000e+02, 6.503096792930871395e-01
2.785765669345855713e+02, 2.740000000000000000e+02, 5.200000000000000000e+02, 6.487388829662922296e-01
2.786092758178710938e+02, 2.700000000000000000e+02, 5.080000000000000000e+02, 6.487388829662922296e-01
2.786407277584075928e+02, 2.760000000000000000e+02, 5.240000000000000000e+02, 6.487388829662922296e-01
2.786725268363952637e+02, 2.800000000000000000e+02, 5.370000000000000000e+02, 6.487388829662922296e-01
2.787049677371978760e+02, 2.790000000000000000e+02, 5.370000000000000000e+02, 6.487388829662922296e-01
2.787369878292083740e+02, 2.790000000000000000e+02, 5.370000000000000000e+02, 6.487388829662922296e-01
2.787690868377685547e+02, 2.790000000000000000e+02, 5.370000000000000000e+02, 6.487388829662922296e-01
2.788011188507080078e+02, 2.790000000000000000e+02, 5.370000000000000000e+02, 6.487388829662922296e-01
2.788328347206115723e+02, 2.800000000000000000e+02, 5.370000000000000000e+02, 6.487388829662922296e-01
2.788648197650909424e+02, 2.800000000000000000e+02, 5.370000000000000000e+02, 6.487388829662922296e-01
2.788970897197723389e+02, 2.800000000000000000e+02, 5.370000000000000000e+02, 6.487388829662922296e-01
2.789289999008178711e+02, 2.800000000000000000e+02, 5.370000000000000000e+02, 6.487388829662922296e-01
2.789611408710479736e+02, 2.800000000000000000e+02, 5.370000000000000000e+02, 6.487388829662922296e-01
2.789934079647064209e+02, 2.800000000000000000e+02, 5.370000000000000000e+02, 6.487388829662922296e-01
2.790248887538909912e+02, 2.800000000000000000e+02, 5.370000000000000000e+02, 6.487388829662922296e-01
2.790570669174194336e+02, 2.800000000000000000e+02, 5.370000000000000000e+02, 6.487388829662922296e-01
2.790891027450561523e+02, 2.800000000000000000e+02, 5.370000000000000000e+02, 6.487388829662922296e-01
2.791212828159332275e+02, 2.800000000000000000e+02, 5.370000000000000000e+02, 6.487388829662922296e-01
2.791531436443328857e+02, 2.800000000000000000e+02, 5.370000000000000000e+02, 6.487388829662922296e-01
2.791850097179412842e+02, 2.800000000000000000e+02, 5.370000000000000000e+02, 6.487388829662922296e-01
2.792173607349395752e+02, 2.800000000000000000e+02, 5.370000000000000000e+02, 6.628760499074463075e-01
2.792489748001098633e+02, 2.800000000000000000e+02, 5.370000000000000000e+02, 8.513716091228339389e-01
2.792814168930053711e+02, 2.800000000000000000e+02, 5.380000000000000000e+02, 1.085420261815273513e+00
2.793132197856903076e+02, 2.900000000000000000e+02, 5.580000000000000000e+02, 1.212654764285660214e+00
2.793450596332550049e+02, 3.150000000000000000e+02, 6.010000000000000000e+02, 1.229933523880404111e+00
2.793768267631530762e+02, 3.610000000000000000e+02, 6.540000000000000000e+02, 1.229933523880404111e+00
2.794089789390563965e+02, 4.080000000000000000e+02, 6.750000000000000000e+02, 1.229933523880404111e+00
2.794410638809204102e+02, 4.030000000000000000e+02, 6.730000000000000000e+02, 1.229933523880404111e+00
2.794728896617889404e+02, 4.120000000000000000e+02, 6.760000000000000000e+02, 1.229933523880404111e+00
2.795051968097686768e+02, 4.120000000000000000e+02, 6.760000000000000000e+02, 1.229933523880404111e+00
2.795370438098907471e+02, 4.120000000000000000e+02, 6.760000000000000000e+02, 1.229933523880404111e+00
2.795691106319427490e+02, 4.120000000000000000e+02, 6.760000000000000000e+02, 1.229933523880404111e+00
2.796008708477020264e+02, 4.120000000000000000e+02, 6.760000000000000000e+02, 1.229933523880404111e+00
2.796329720020294189e+02, 4.120000000000000000e+02, 6.760000000000000000e+02, 1.229933523880404111e+00
2.796648938655853271e+02, 4.120000000000000000e+02, 6.760000000000000000e+02, 1.229933523880404111e+00
2.796970558166503906e+02, 4.120000000000000000e+02, 6.760000000000000000e+02, 1.229933523880404111e+00
2.797291200160980225e+02, 4.120000000000000000e+02, 6.760000000000000000e+02, 1.229933523880404111e+00
2.797609007358551025e+02, 4.120000000000000000e+02, 6.760000000000000000e+02, 1.229933523880404111e+00
2.797930319309234619e+02, 4.120000000000000000e+02, 6.760000000000000000e+02, 1.229933523880404111e+00
2.798252606391906738e+02, 4.120000000000000000e+02, 6.760000000000000000e+02, 1.229933523880404111e+00
2.798571898937225342e+02, 4.120000000000000000e+02, 6.760000000000000000e+02, 1.229933523880404111e+00
2.798888540267944336e+02, 4.120000000000000000e+02, 6.760000000000000000e+02, 1.229933523880404111e+00
2.799208917617797852e+02, 4.120000000000000000e+02, 6.760000000000000000e+02, 1.229933523880404111e+00
2.799528727531433105e+02, 4.120000000000000000e+02, 6.760000000000000000e+02, 1.229933523880404111e+00
2.799853308200836182e+02, 4.120000000000000000e+02, 6.760000000000000000e+02, 1.229933523880404111e+00
2.800181367397308350e+02, 4.120000000000000000e+02, 6.760000000000000000e+02, 1.228362727553609091e+00
2.800491278171539307e+02, 4.120000000000000000e+02, 6.760000000000000000e+02, 1.192234412037326496e+00
2.800809018611907959e+02, 4.110000000000000000e+02, 6.760000000000000000e+02, 1.170243263462197980e+00
2.801126940250396729e+02, 4.070000000000000000e+02, 6.740000000000000000e+02, 1.165530874481813139e+00
2.801449117660522461e+02, 4.000000000000000000e+02, 6.720000000000000000e+02, 1.162389281828223542e+00
2.801766006946563721e+02, 4.000000000000000000e+02, 6.720000000000000000e+02, 1.160818485501428521e+00
2.802091848850250244e+02, 3.990000000000000000e+02, 6.720000000000000000e+02, 1.160818485501428521e+00
2.802407639026641846e+02, 3.990000000000000000e+02, 6.720000000000000000e+02, 1.160818485501428521e+00
2.802731988430023193e+02, 3.990000000000000000e+02, 6.720000000000000000e+02, 1.162389281828223542e+00
2.803049499988555908e+02, 3.990000000000000000e+02, 6.720000000000000000e+02, 1.160818485501428521e+00
2.803368639945983887e+02, 3.990000000000000000e+02, 6.720000000000000000e+02, 1.160818485501428521e+00
2.803687837123870850e+02, 3.990000000000000000e+02, 6.720000000000000000e+02, 1.160818485501428521e+00
2.804010827541351318e+02, 3.990000000000000000e+02, 6.720000000000000000e+02, 1.162389281828223542e+00
2.804330317974090576e+02, 3.990000000000000000e+02, 6.720000000000000000e+02, 1.162389281828223542e+00
2.804647917747497559e+02, 3.990000000000000000e+02, 6.710000000000000000e+02, 1.160818485501428521e+00
2.804971277713775635e+02, 3.990000000000000000e+02, 6.710000000000000000e+02, 1.160818485501428521e+00
2.805294258594512939e+02, 3.990000000000000000e+02, 6.710000000000000000e+02, 1.160818485501428521e+00
2.805606949329376221e+02, 3.990000000000000000e+02, 6.710000000000000000e+02, 1.160818485501428521e+00
2.805932347774505615e+02, 3.990000000000000000e+02, 6.710000000000000000e+02, 1.162389281828223542e+00
2.806249957084655762e+02, 3.980000000000000000e+02, 6.720000000000000000e+02, 1.162389281828223542e+00
2.806569688320159912e+02, 3.990000000000000000e+02, 6.720000000000000000e+02, 1.162389281828223542e+00
2.806887328624725342e+02, 3.990000000000000000e+02, 6.710000000000000000e+02, 1.160818485501428521e+00
2.807209689617156982e+02, 3.990000000000000000e+02, 6.710000000000000000e+02, 1.162389281828223542e+00
2.807529578208923340e+02, 3.990000000000000000e+02, 6.710000000000000000e+02, 1.160818485501428521e+00
2.807849767208099365e+02, 3.990000000000000000e+02, 6.720000000000000000e+02, 1.160818485501428521e+00
2.808172068595886230e+02, 3.990000000000000000e+02, 6.720000000000000000e+02, 1.151393707540659062e+00
2.808489186763763428e+02, 3.990000000000000000e+02, 6.720000000000000000e+02, 9.770353152664256191e-01
2.808810307979583740e+02, 3.940000000000000000e+02, 6.700000000000000000e+02, 8.623671834103983080e-01
2.809131588935852051e+02, 3.280000000000000000e+02, 6.220000000000000000e+02, 8.403760348352696807e-01
2.809449689388275146e+02, 2.950000000000000000e+02, 5.690000000000000000e+02, 8.388052385084747709e-01
2.809767258167266846e+02, 2.830000000000000000e+02, 5.460000000000000000e+02, 8.388052385084747709e-01
2.810092158317565918e+02, 2.840000000000000000e+02, 5.510000000000000000e+02, 8.388052385084747709e-01
2.810413408279418945e+02, 3.010000000000000000e+02, 5.810000000000000000e+02, 8.372344421816798610e-01
2.810730187892913818e+02, 3.120000000000000000e+02, 6.000000000000000000e+02, 8.388052385084747709e-01
2.811052098274230957e+02, 3.130000000000000000e+02, 6.010000000000000000e+02, 8.388052385084747709e-01
2.811370029449462891e+02, 3.130000000000000000e+02, 6.010000000000000000e+02, 8.372344421816798610e-01
2.811689217090606689e+02, 3.130000000000000000e+02, 6.010000000000000000e+02, 8.372344421816798610e-01
2.812010428905487061e+02, 3.130000000000000000e+02, 6.010000000000000000e+02, 8.388052385084747709e-01
2.812330958843231201e+02, 3.130000000000000000e+02, 6.010000000000000000e+02, 8.372344421816798610e-01
2.812650778293609619e+02, 3.120000000000000000e+02, 6.010000000000000000e+02, 8.388052385084747709e-01
2.812970077991485596e+02, 3.130000000000000000e+02, 6.010000000000000000e+02, 8.372344421816798610e-01
2.813292877674102783e+02, 3.130000000000000000e+02, 6.010000000000000000e+02, 8.372344421816798610e-01
2.813603646755218506e+02, 3.130000000000000000e+02, 6.010000000000000000e+02, 8.372344421816798610e-01
2.813941969871520996e+02, 3.120000000000000000e+02, 6.010000000000000000e+02, 8.372344421816798610e-01
2.814251646995544434e+02, 3.130000000000000000e+02, 6.010000000000000000e+02, 8.372344421816798610e-01
2.814565517902374268e+02, 3.130000000000000000e+02, 6.010000000000000000e+02, 8.372344421816798610e-01
2.814887049198150635e+02, 3.130000000000000000e+02, 6.000000000000000000e+02, 8.388052385084747709e-01
2.815210869312286377e+02, 3.130000000000000000e+02, 6.010000000000000000e+02, 8.372344421816798610e-01
2.815526437759399414e+02, 3.130000000000000000e+02, 6.010000000000000000e+02, 8.372344421816798610e-01
2.815850880146026611e+02, 3.130000000000000000e+02, 6.000000000000000000e+02, 8.388052385084747709e-01
2.816173136234283447e+02, 3.130000000000000000e+02, 6.010000000000000000e+02, 8.482300164692442301e-01
2.816490149497985840e+02, 3.130000000000000000e+02, 6.010000000000000000e+02, 1.036725575684631862e+00
2.816806538105010986e+02, 3.130000000000000000e+02, 6.010000000000000000e+02, 1.207942375305275373e+00
2.817131578922271729e+02, 3.250000000000000000e+02, 6.180000000000000000e+02, 1.244070690821558189e+00
2.817451157569885254e+02, 3.520000000000000000e+02, 6.490000000000000000e+02, 1.242499894494763168e+00
2.817765367031097412e+02, 3.990000000000000000e+02, 6.720000000000000000e+02, 1.242499894494763168e+00
2.818091337680816650e+02, 4.040000000000000000e+02, 6.740000000000000000e+02, 1.242499894494763168e+00
2.818407547473907471e+02, 4.090000000000000000e+02, 6.760000000000000000e+02, 1.242499894494763168e+00
2.818727979660034180e+02, 4.120000000000000000e+02, 6.770000000000000000e+02, 1.242499894494763168e+00
2.819048917293548584e+02, 4.120000000000000000e+02, 6.770000000000000000e+02, 1.242499894494763168e+00
2.819365639686584473e+02, 4.120000000000000000e+02, 6.770000000000000000e+02, 1.242499894494763168e+00
2.819688088893890381e+02, 4.120000000000000000e+02, 6.770000000000000000e+02, 1.242499894494763168e+00
2.820007266998291016e+02, 4.120000000000000000e+02, 6.760000000000000000e+02, 1.242499894494763168e+00
2.820328969955444336e+02, 4.120000000000000000e+02, 6.770000000000000000e+02, 1.242499894494763168e+00
2.820655398368835449e+02, 4.120000000000000000e+02, 6.760000000000000000e+02, 1.242499894494763168e+00
2.820966868400573730e+02, 4.120000000000000000e+02, 6.760000000000000000e+02, 1.242499894494763168e+00
2.821286828517913818e+02, 4.130000000000000000e+02, 6.760000000000000000e+02, 1.242499894494763168e+00
2.821608908176422119e+02, 4.130000000000000000e+02, 6.760000000000000000e+02, 1.242499894494763168e+00
2.821928346157073975e+02, 4.130000000000000000e+02, 6.760000000000000000e+02, 1.242499894494763168e+00
2.822248220443725586e+02, 4.130000000000000000e+02, 6.760000000000000000e+02, 1.242499894494763168e+00
2.822560179233551025e+02, 4.130000000000000000e+02, 6.760000000000000000e+02, 1.242499894494763168e+00
2.822886857986450195e+02, 4.130000000000000000e+02, 6.760000000000000000e+02, 1.242499894494763168e+00
2.823207197189331055e+02, 4.130000000000000000e+02, 6.760000000000000000e+02, 1.242499894494763168e+00
2.823529558181762695e+02, 4.130000000000000000e+02, 6.760000000000000000e+02, 1.242499894494763168e+00
2.823849017620086670e+02, 4.130000000000000000e+02, 6.760000000000000000e+02, 1.242499894494763168e+00
2.824177558422088623e+02, 4.130000000000000000e+02, 6.760000000000000000e+02, 1.242499894494763168e+00
2.824487056732177734e+02, 4.130000000000000000e+02, 6.760000000000000000e+02, 1.242499894494763168e+00
2.824808199405670166e+02, 4.130000000000000000e+02, 6.760000000000000000e+02, 1.242499894494763168e+00
2.825129237174987793e+02, 4.130000000000000000e+02, 6.760000000000000000e+02, 1.242499894494763168e+00
2.825447907447814941e+02, 4.130000000000000000e+02, 6.760000000000000000e+02, 1.242499894494763168e+00
2.825768806934356689e+02, 4.120000000000000000e+02, 6.760000000000000000e+02, 1.242499894494763168e+00
2.826085979938507080e+02, 4.120000000000000000e+02, 6.760000000000000000e+02, 1.242499894494763168e+00
2.826407408714294434e+02, 4.130000000000000000e+02, 6.760000000000000000e+02, 1.242499894494763168e+00
2.826725378036499023e+02, 4.130000000000000000e+02, 6.760000000000000000e+02, 1.242499894494763168e+00
2.827045466899871826e+02, 4.130000000000000000e+02, 6.760000000000000000e+02, 1.242499894494763168e+00
2.827368028163909912e+02, 4.130000000000000000e+02, 6.760000000000000000e+02, 1.242499894494763168e+00
2.827684648036956787e+02, 4.130000000000000000e+02, 6.760000000000000000e+02, 1.242499894494763168e+00
2.828004269599914551e+02, 4.130000000000000000e+02, 6.760000000000000000e+02, 1.242499894494763168e+00
2.828327798843383789e+02, 4.130000000000000000e+02, 6.760000000000000000e+02, 1.242499894494763168e+00
2.828648498058319092e+02, 4.130000000000000000e+02, 6.760000000000000000e+02, 1.242499894494763168e+00
2.828965787887573242e+02, 4.130000000000000000e+02, 6.760000000000000000e+02, 1.242499894494763168e+00
2.829290168285369873e+02, 4.130000000000000000e+02, 6.760000000000000000e+02, 1.242499894494763168e+00
2.829610476493835449e+02, 4.130000000000000000e+02, 6.760000000000000000e+02, 1.242499894494763168e+00
2.829921326637268066e+02, 4.130000000000000000e+02, 6.760000000000000000e+02, 1.242499894494763168e+00
2.830245118141174316e+02, 4.130000000000000000e+02, 6.760000000000000000e+02, 1.242499894494763168e+00
2.830567128658294678e+02, 4.130000000000000000e+02, 6.760000000000000000e+02, 1.242499894494763168e+00
2.830884900093078613e+02, 4.130000000000000000e+02, 6.760000000000000000e+02, 1.242499894494763168e+00
2.831208000183105469e+02, 4.130000000000000000e+02, 6.760000000000000000e+02, 1.242499894494763168e+00
2.831524238586425781e+02, 4.130000000000000000e+02, 6.760000000000000000e+02, 1.242499894494763168e+00
2.831847958564758301e+02, 4.130000000000000000e+02, 6.760000000000000000e+02, 1.242499894494763168e+00
2.832174546718597412e+02, 4.130000000000000000e+02, 6.760000000000000000e+02, 1.234645912860788730e+00
2.832487108707427979e+02, 4.130000000000000000e+02, 6.760000000000000000e+02, 1.165530874481813139e+00
2.832807297706604004e+02, 4.120000000000000000e+02, 6.760000000000000000e+02, 1.129402558965530545e+00
2.833127238750457764e+02, 3.940000000000000000e+02, 6.700000000000000000e+02, 1.119977781004761086e+00
2.833446300029754639e+02, 3.810000000000000000e+02, 6.640000000000000000e+02, 1.118406984677966287e+00
2.833764286041259766e+02, 3.840000000000000000e+02, 6.650000000000000000e+02, 1.118406984677966287e+00
2.834086079597473145e+02, 3.840000000000000000e+02, 6.660000000000000000e+02, 1.118406984677966287e+00
2.834410438537597656e+02, 3.850000000000000000e+02, 6.650000000000000000e+02, 1.119977781004761086e+00
2.834725897312164307e+02, 3.850000000000000000e+02, 6.650000000000000000e+02, 1.118406984677966287e+00
2.835047428607940674e+02, 3.840000000000000000e+02, 6.650000000000000000e+02, 1.118406984677966287e+00
2.835366978645324707e+02, 3.850000000000000000e+02, 6.650000000000000000e+02, 1.118406984677966287e+00
2.835689096450805664e+02, 3.840000000000000000e+02, 6.650000000000000000e+02, 1.118406984677966287e+00
2.836007997989654541e+02, 3.850000000000000000e+02, 6.660000000000000000e+02, 1.118406984677966287e+00
2.836328849792480469e+02, 3.850000000000000000e+02, 6.650000000000000000e+02, 1.119977781004761086e+00
2.836646106243133545e+02, 3.850000000000000000e+02, 6.650000000000000000e+02, 1.118406984677966287e+00
2.836969797611236572e+02, 3.850000000000000000e+02, 6.650000000000000000e+02, 1.118406984677966287e+00
2.837290847301483154e+02, 3.850000000000000000e+02, 6.650000000000000000e+02, 1.118406984677966287e+00
2.837608938217163086e+02, 3.850000000000000000e+02, 6.660000000000000000e+02, 1.118406984677966287e+00
2.837925786972045898e+02, 3.850000000000000000e+02, 6.660000000000000000e+02, 1.118406984677966287e+00
2.838252077102661133e+02, 3.850000000000000000e+02, 6.650000000000000000e+02, 1.118406984677966287e+00
2.838569767475128174e+02, 3.840000000000000000e+02, 6.650000000000000000e+02, 1.118406984677966287e+00
2.838888666629791260e+02, 3.840000000000000000e+02, 6.660000000000000000e+02, 1.118406984677966287e+00
2.839210696220397949e+02, 3.850000000000000000e+02, 6.660000000000000000e+02, 1.118406984677966287e+00
2.839528677463531494e+02, 3.840000000000000000e+02, 6.660000000000000000e+02, 1.118406984677966287e+00
2.839849557876586914e+02, 3.850000000000000000e+02, 6.660000000000000000e+02, 1.118406984677966287e+00
2.840171067714691162e+02, 3.840000000000000000e+02, 6.660000000000000000e+02, 1.113694595697581669e+00
2.840483169555664062e+02, 3.850000000000000000e+02, 6.660000000000000000e+02, 9.424777960769379348e-01
2.840806207656860352e+02, 3.830000000000000000e+02, 6.650000000000000000e+02, 7.696902001294992912e-01
2.841127376556396484e+02, 3.220000000000000000e+02, 6.130000000000000000e+02, 7.209955139988575290e-01
2.841447117328643799e+02, 2.890000000000000000e+02, 5.550000000000000000e+02, 7.162831250184729104e-01
2.841768319606781006e+02, 2.770000000000000000e+02, 5.270000000000000000e+02, 7.162831250184729104e-01
2.842089438438415527e+02, 2.780000000000000000e+02, 5.300000000000000000e+02, 7.162831250184729104e-01
2.842408649921417236e+02, 2.890000000000000000e+02, 5.580000000000000000e+02, 7.162831250184729104e-01
2.842725367546081543e+02, 2.900000000000000000e+02, 5.600000000000000000e+02, 7.162831250184729104e-01
2.843047506809234619e+02, 2.900000000000000000e+02, 5.610000000000000000e+02, 7.162831250184729104e-01
2.843366026878356934e+02, 2.900000000000000000e+02, 5.600000000000000000e+02, 7.162831250184729104e-01
2.843685266971588135e+02, 2.900000000000000000e+02, 5.610000000000000000e+02, 7.162831250184729104e-01
2.844006776809692383e+02, 2.910000000000000000e+02, 5.610000000000000000e+02, 7.162831250184729104e-01
2.844328398704528809e+02, 2.910000000000000000e+02, 5.600000000000000000e+02, 7.162831250184729104e-01
2.844648077487945557e+02, 2.910000000000000000e+02, 5.610000000000000000e+02, 7.178539213452677092e-01
2.844967679977416992e+02, 2.900000000000000000e+02, 5.600000000000000000e+02, 7.162831250184729104e-01
2.845289957523345947e+02, 2.900000000000000000e+02, 5.600000000000000000e+02, 7.162831250184729104e-01
2.845609107017517090e+02, 2.910000000000000000e+02, 5.600000000000000000e+02, 7.162831250184729104e-01
2.845927479267120361e+02, 2.900000000000000000e+02, 5.600000000000000000e+02, 7.178539213452677092e-01
2.846249358654022217e+02, 2.910000000000000000e+02, 5.610000000000000000e+02, 7.162831250184729104e-01
2.846570348739624023e+02, 2.900000000000000000e+02, 5.600000000000000000e+02, 7.162831250184729104e-01
2.846888136863708496e+02, 2.900000000000000000e+02, 5.610000000000000000e+02, 7.178539213452677092e-01
2.847208676338195801e+02, 2.900000000000000000e+02, 5.610000000000000000e+02, 7.162831250184729104e-01
2.847526106834411621e+02, 2.900000000000000000e+02, 5.610000000000000000e+02, 7.162831250184729104e-01
2.847850539684295654e+02, 2.910000000000000000e+02, 5.600000000000000000e+02, 7.162831250184729104e-01
2.848171839714050293e+02, 2.910000000000000000e+02, 5.600000000000000000e+02, 7.225663103256524389e-01
2.848487727642059326e+02, 2.910000000000000000e+02, 5.600000000000000000e+02, 8.969247025998858813e-01
2.848807098865509033e+02, 2.910000000000000000e+02, 5.610000000000000000e+02, 1.096415836102837771e+00
2.849127008914947510e+02, 3.010000000000000000e+02, 5.780000000000000000e+02, 1.167101670808608160e+00
2.849445366859436035e+02, 3.250000000000000000e+02, 6.150000000000000000e+02, 1.176526448769377620e+00
2.849766268730163574e+02, 3.690000000000000000e+02, 6.580000000000000000e+02, 1.173384856115787800e+00
2.850089328289031982e+02, 3.970000000000000000e+02, 6.710000000000000000e+02, 1.173384856115787800e+00
2.850408556461334229e+02, 3.990000000000000000e+02, 6.720000000000000000e+02, 1.173384856115787800e+00
2.850729448795318604e+02, 4.020000000000000000e+02, 6.730000000000000000e+02, 1.173384856115787800e+00
2.851046338081359863e+02, 4.010000000000000000e+02, 6.730000000000000000e+02, 1.173384856115787800e+00
2.851365487575531006e+02, 4.020000000000000000e+02, 6.730000000000000000e+02, 1.173384856115787800e+00
2.851690208911895752e+02, 4.020000000000000000e+02, 6.730000000000000000e+02, 1.173384856115787800e+00
2.852007479667663574e+02, 4.020000000000000000e+02, 6.720000000000000000e+02, 1.173384856115787800e+00
2.852329108715057373e+02, 4.020000000000000000e+02, 6.720000000000000000e+02, 1.173384856115787800e+00
2.852646868228912354e+02, 4.020000000000000000e+02, 6.720000000000000000e+02, 1.173384856115787800e+00
2.852965528964996338e+02, 4.020000000000000000e+02, 6.720000000000000000e+02, 1.173384856115787800e+00
2.853286347389221191e+02, 4.020000000000000000e+02, 6.720000000000000000e+02, 1.173384856115787800e+00
2.853607618808746338e+02, 4.020000000000000000e+02, 6.720000000000000000e+02, 1.173384856115787800e+00
2.853927688598632812e+02, 4.020000000000000000e+02, 6.720000000000000000e+02, 1.173384856115787800e+00
2.854243876934051514e+02, 4.020000000000000000e+02, 6.730000000000000000e+02, 1.173384856115787800e+00
2.854564747810363770e+02, 4.020000000000000000e+02, 6.720000000000000000e+02, 1.173384856115787800e+00
2.854886598587036133e+02, 4.020000000000000000e+02, 6.720000000000000000e+02, 1.173384856115787800e+00
2.855205087661743164e+02, 4.020000000000000000e+02, 6.720000000000000000e+02, 1.173384856115787800e+00
2.855525467395782471e+02, 4.020000000000000000e+02, 6.720000000000000000e+02, 1.173384856115787800e+00
2.855844769477844238e+02, 4.020000000000000000e+02, 6.720000000000000000e+02, 1.173384856115787800e+00
2.856174609661102295e+02, 4.020000000000000000e+02, 6.720000000000000000e+02, 1.167101670808608160e+00
2.856486728191375732e+02, 4.020000000000000000e+02, 6.730000000000000000e+02, 1.097986632429632570e+00
2.856809196472167969e+02, 4.000000000000000000e+02, 6.720000000000000000e+02, 1.063429113240144996e+00
2.857126059532165527e+02, 3.680000000000000000e+02, 6.590000000000000000e+02, 1.055575131606170558e+00
2.857444777488708496e+02, 3.560000000000000000e+02, 6.510000000000000000e+02, 1.054004335279375759e+00
2.857763648033142090e+02, 3.620000000000000000e+02, 6.540000000000000000e+02, 1.055575131606170558e+00
2.858086657524108887e+02, 3.660000000000000000e+02, 6.560000000000000000e+02, 1.054004335279375759e+00
2.858402376174926758e+02, 3.660000000000000000e+02, 6.560000000000000000e+02, 1.054004335279375759e+00
2.858728709220886230e+02, 3.660000000000000000e+02, 6.560000000000000000e+02, 1.054004335279375759e+00
2.859047198295593262e+02, 3.660000000000000000e+02, 6.570000000000000000e+02, 1.054004335279375759e+00
2.859364087581634521e+02, 3.660000000000000000e+02, 6.570000000000000000e+02, 1.054004335279375759e+00
2.859685750007629395e+02, 3.660000000000000000e+02, 6.560000000000000000e+02, 1.054004335279375759e+00
2.860007758140563965e+02, 3.660000000000000000e+02, 6.570000000000000000e+02, 1.054004335279375759e+00
2.860327007770538330e+02, 3.660000000000000000e+02, 6.560000000000000000e+02, 1.054004335279375759e+00
2.860642759799957275e+02, 3.660000000000000000e+02, 6.570000000000000000e+02, 1.054004335279375759e+00
2.860970227718353271e+02, 3.660000000000000000e+02, 6.570000000000000000e+02, 1.054004335279375759e+00
2.861286377906799316e+02, 3.660000000000000000e+02, 6.560000000000000000e+02, 1.054004335279375759e+00
2.861607468128204346e+02, 3.660000000000000000e+02, 6.560000000000000000e+02, 1.054004335279375759e+00
2.861929237842559814e+02, 3.660000000000000000e+02, 6.570000000000000000e+02, 1.055575131606170558e+00
2.862245986461639404e+02, 3.660000000000000000e+02, 6.570000000000000000e+02, 1.054004335279375759e+00
2.862563536167144775e+02, 3.660000000000000000e+02, 6.570000000000000000e+02, 1.054004335279375759e+00
2.862886538505554199e+02, 3.660000000000000000e+02, 6.560000000000000000e+02, 1.055575131606170558e+00
2.863206636905670166e+02, 3.660000000000000000e+02, 6.570000000000000000e+02, 1.054004335279375759e+00
2.863528478145599365e+02, 3.660000000000000000e+02, 6.570000000000000000e+02, 1.054004335279375759e+00
2.863849017620086670e+02, 3.660000000000000000e+02, 6.570000000000000000e+02, 1.054004335279375759e+00
2.864166526794433594e+02, 3.660000000000000000e+02, 6.570000000000000000e+02, 1.057145927932965357e+00
2.864488167762756348e+02, 3.660000000000000000e+02, 6.560000000000000000e+02, 1.154535300194248881e+00
2.864806897640228271e+02, 3.660000000000000000e+02, 6.570000000000000000e+02, 1.211083967958865193e+00
2.865127727985382080e+02, 3.760000000000000000e+02, 6.620000000000000000e+02, 1.218937949592839853e+00
2.865438079833984375e+02, 3.990000000000000000e+02, 6.720000000000000000e+02, 1.218937949592839853e+00
2.865768687725067139e+02, 4.100000000000000000e+02, 6.770000000000000000e+02, 1.218937949592839853e+00
2.866083877086639404e+02, 4.110000000000000000e+02, 6.770000000000000000e+02, 1.218937949592839853e+00
2.866404390335083008e+02, 4.110000000000000000e+02, 6.770000000000000000e+02, 1.218937949592839853e+00
2.866726577281951904e+02, 4.110000000000000000e+02, 6.770000000000000000e+02, 1.218937949592839853e+00
2.867045986652374268e+02, 4.120000000000000000e+02, 6.770000000000000000e+02, 1.218937949592839853e+00
2.867368078231811523e+02, 4.110000000000000000e+02, 6.770000000000000000e+02, 1.218937949592839853e+00
2.867683756351470947e+02, 4.110000000000000000e+02, 6.770000000000000000e+02, 1.218937949592839853e+00
2.868004169464111328e+02, 4.110000000000000000e+02, 6.770000000000000000e+02, 1.218937949592839853e+00
2.868326797485351562e+02, 4.120000000000000000e+02, 6.770000000000000000e+02, 1.218937949592839853e+00
2.868641929626464844e+02, 4.110000000000000000e+02, 6.770000000000000000e+02, 1.218937949592839853e+00
2.868967297077178955e+02, 4.110000000000000000e+02, 6.770000000000000000e+02, 1.218937949592839853e+00
2.869286026954650879e+02, 4.110000000000000000e+02, 6.770000000000000000e+02, 1.218937949592839853e+00
2.869606709480285645e+02, 4.110000000000000000e+02, 6.770000000000000000e+02, 1.218937949592839853e+00
2.869925408363342285e+02, 4.110000000000000000e+02, 6.770000000000000000e+02, 1.218937949592839853e+00
2.870245077610015869e+02, 4.110000000000000000e+02, 6.770000000000000000e+02, 1.218937949592839853e+00
2.870565776824951172e+02, 4.110000000000000000e+02, 6.770000000000000000e+02, 1.218937949592839853e+00
2.870882928371429443e+02, 4.120000000000000000e+02, 6.770000000000000000e+02, 1.218937949592839853e+00
2.871206116676330566e+02, 4.110000000000000000e+02, 6.770000000000000000e+02, 1.218937949592839853e+00
2.871528089046478271e+02, 4.110000000000000000e+02, 6.770000000000000000e+02, 1.218937949592839853e+00
2.871848127841949463e+02, 4.110000000000000000e+02, 6.770000000000000000e+02, 1.218937949592839853e+00
2.872179856300354004e+02, 4.110000000000000000e+02, 6.770000000000000000e+02, 1.215796356939250034e+00
2.872486038208007812e+02, 4.120000000000000000e+02, 6.770000000000000000e+02, 1.190663615710531698e+00
2.872805619239807129e+02, 4.110000000000000000e+02, 6.770000000000000000e+02, 1.174955652442582599e+00
2.873125607967376709e+02, 4.060000000000000000e+02, 6.750000000000000000e+02, 1.170243263462197980e+00
2.873447217941284180e+02, 4.020000000000000000e+02, 6.740000000000000000e+02, 1.168672467135402959e+00
2.873763887882232666e+02, 4.010000000000000000e+02, 6.730000000000000000e+02, 1.168672467135402959e+00
2.874085228443145752e+02, 4.000000000000000000e+02, 6.730000000000000000e+02, 1.167101670808608160e+00
2.874405028820037842e+02, 3.990000000000000000e+02, 6.730000000000000000e+02, 1.167101670808608160e+00
2.874725608825683594e+02, 3.990000000000000000e+02, 6.730000000000000000e+02, 1.167101670808608160e+00
2.875045638084411621e+02, 4.000000000000000000e+02, 6.730000000000000000e+02, 1.167101670808608160e+00
2.875366609096527100e+02, 3.990000000000000000e+02, 6.730000000000000000e+02, 1.167101670808608160e+00
2.875686469078063965e+02, 3.990000000000000000e+02, 6.730000000000000000e+02, 1.168672467135402959e+00
2.876004898548126221e+02, 4.000000000000000000e+02, 6.730000000000000000e+02, 1.167101670808608160e+00
2.876329388618469238e+02, 4.000000000000000000e+02, 6.730000000000000000e+02, 1.167101670808608160e+00
2.876644349098205566e+02, 4.000000000000000000e+02, 6.730000000000000000e+02, 1.167101670808608160e+00
2.876962587833404541e+02, 4.000000000000000000e+02, 6.730000000000000000e+02, 1.167101670808608160e+00
2.877283167839050293e+02, 3.990000000000000000e+02, 6.730000000000000000e+02, 1.167101670808608160e+00
2.877602386474609375e+02, 4.000000000000000000e+02, 6.730000000000000000e+02, 1.168672467135402959e+00
2.877927167415618896e+02, 4.000000000000000000e+02, 6.730000000000000000e+02, 1.167101670808608160e+00
2.878246426582336426e+02, 4.000000000000000000e+02, 6.730000000000000000e+02, 1.167101670808608160e+00
2.878566226959228516e+02, 4.000000000000000000e+02, 6.730000000000000000e+02, 1.167101670808608160e+00
2.878885056972503662e+02, 4.000000000000000000e+02, 6.730000000000000000e+02, 1.167101670808608160e+00
2.879207479953765869e+02, 4.000000000000000000e+02, 6.730000000000000000e+02, 1.167101670808608160e+00
2.879529306888580322e+02, 4.000000000000000000e+02, 6.740000000000000000e+02, 1.167101670808608160e+00
2.879849617481231689e+02, 3.990000000000000000e+02, 6.730000000000000000e+02, 1.167101670808608160e+00
2.880168859958648682e+02, 4.000000000000000000e+02, 6.730000000000000000e+02, 1.162389281828223542e+00
2.880484306812286377e+02, 4.000000000000000000e+02, 6.730000000000000000e+02, 1.008451241802323706e+00
2.880804836750030518e+02, 3.970000000000000000e+02, 6.730000000000000000e+02, 9.094910732142450493e-01
2.881127469539642334e+02, 3.330000000000000000e+02, 6.280000000000000000e+02, 8.922123136195011517e-01
2.881444437503814697e+02, 2.960000000000000000e+02, 5.730000000000000000e+02, 8.906415172927062418e-01
2.881763927936553955e+02, 2.830000000000000000e+02, 5.460000000000000000e+02, 8.890707209659113319e-01
2.882084379196166992e+02, 2.840000000000000000e+02, 5.480000000000000000e+02, 8.906415172927062418e-01
2.882408509254455566e+02, 2.990000000000000000e+02, 5.760000000000000000e+02, 8.890707209659113319e-01
2.882724997997283936e+02, 3.240000000000000000e+02, 6.170000000000000000e+02, 8.890707209659113319e-01
2.883040068149566650e+02, 3.240000000000000000e+02, 6.160000000000000000e+02, 8.890707209659113319e-01
2.883367078304290771e+02, 3.250000000000000000e+02, 6.160000000000000000e+02, 8.906415172927062418e-01
2.883682787418365479e+02, 3.250000000000000000e+02, 6.160000000000000000e+02, 8.890707209659113319e-01
2.884009296894073486e+02, 3.250000000000000000e+02, 6.150000000000000000e+02, 8.890707209659113319e-01
2.884323217868804932e+02, 3.250000000000000000e+02, 6.150000000000000000e+02, 8.890707209659113319e-01
2.884644317626953125e+02, 3.250000000000000000e+02, 6.160000000000000000e+02, 8.906415172927062418e-01
2.884965507984161377e+02, 3.260000000000000000e+02, 6.150000000000000000e+02, 8.906415172927062418e-01
2.885287518501281738e+02, 3.250000000000000000e+02, 6.160000000000000000e+02, 8.906415172927062418e-01
2.885602078437805176e+02, 3.250000000000000000e+02, 6.150000000000000000e+02, 8.906415172927062418e-01
2.885927739143371582e+02, 3.250000000000000000e+02, 6.160000000000000000e+02, 8.906415172927062418e-01
2.886247947216033936e+02, 3.250000000000000000e+02, 6.160000000000000000e+02, 8.890707209659113319e-01
2.886563398838043213e+02, 3.250000000000000000e+02, 6.150000000000000000e+02, 8.906415172927062418e-01
2.886886467933654785e+02, 3.250000000000000000e+02, 6.150000000000000000e+02, 8.890707209659113319e-01
2.887205157279968262e+02, 3.250000000000000000e+02, 6.150000000000000000e+02, 8.890707209659113319e-01
2.887524049282073975e+02, 3.250000000000000000e+02, 6.150000000000000000e+02, 8.890707209659113319e-01
2.887847938537597656e+02, 3.250000000000000000e+02, 6.160000000000000000e+02, 8.890707209659113319e-01
2.888168876171112061e+02, 3.250000000000000000e+02, 6.150000000000000000e+02, 8.953539062730909714e-01
2.888487348556518555e+02, 3.250000000000000000e+02, 6.160000000000000000e+02, 1.072853891200914456e+00
2.888804919719696045e+02, 3.240000000000000000e+02, 6.160000000000000000e+02, 1.209513171632070394e+00
2.889126698970794678e+02, 3.350000000000000000e+02, 6.300000000000000000e+02, 1.233075116533993931e+00
2.889436936378479004e+02, 3.600000000000000000e+02, 6.540000000000000000e+02, 1.231504320207198910e+00
2.889764368534088135e+02, 4.020000000000000000e+02, 6.730000000000000000e+02, 1.231504320207198910e+00
2.890083656311035156e+02, 4.060000000000000000e+02, 6.750000000000000000e+02, 1.231504320207198910e+00
2.890404899120330811e+02, 4.120000000000000000e+02, 6.760000000000000000e+02, 1.231504320207198910e+00
2.890723168849945068e+02, 4.120000000000000000e+02, 6.760000000000000000e+02, 1.231504320207198910e+00
2.891042587757110596e+02, 4.120000000000000000e+02, 6.760000000000000000e+02, 1.231504320207198910e+00
2.891365528106689453e+02, 4.120000000000000000e+02, 6.760000000000000000e+02, 1.231504320207198910e+00
2.891685748100280762e+02, 4.120000000000000000e+02, 6.760000000000000000e+02, 1.231504320207198910e+00
2.892005827426910400e+02, 4.120000000000000000e+02, 6.760000000000000000e+02, 1.231504320207198910e+00
2.892326200008392334e+02, 4.120000000000000000e+02, 6.760000000000000000e+02, 1.231504320207198910e+00
2.892645697593688965e+02, 4.120000000000000000e+02, 6.760000000000000000e+02, 1.231504320207198910e+00
2.892963657379150391e+02, 4.120000000000000000e+02, 6.760000000000000000e+02, 1.231504320207198910e+00
2.893286697864532471e+02, 4.120000000000000000e+02, 6.760000000000000000e+02, 1.231504320207198910e+00
2.893606657981872559e+02, 4.120000000000000000e+02, 6.760000000000000000e+02, 1.231504320207198910e+00
2.893926007747650146e+02, 4.120000000000000000e+02, 6.760000000000000000e+02, 1.231504320207198910e+00
2.894244008064270020e+02, 4.120000000000000000e+02, 6.760000000000000000e+02, 1.231504320207198910e+00
2.894564769268035889e+02, 4.120000000000000000e+02, 6.760000000000000000e+02, 1.231504320207198910e+00
2.894886646270751953e+02, 4.120000000000000000e+02, 6.760000000000000000e+02, 1.231504320207198910e+00
2.895204968452453613e+02, 4.120000000000000000e+02, 6.760000000000000000e+02, 1.231504320207198910e+00
2.895524208545684814e+02, 4.120000000000000000e+02, 6.760000000000000000e+02, 1.231504320207198910e+00
2.895841889381408691e+02, 4.120000000000000000e+02, 6.760000000000000000e+02, 1.231504320207198910e+00
2.896170129776000977e+02, 4.120000000000000000e+02, 6.760000000000000000e+02, 1.226791931226814292e+00
2.896486179828643799e+02, 4.120000000000000000e+02, 6.760000000000000000e+02, 1.066570705893734816e+00
2.896800518035888672e+02, 4.110000000000000000e+02, 6.760000000000000000e+02, 9.691813336324511807e-01
2.897125089168548584e+02, 3.460000000000000000e+02, 6.430000000000000000e+02, 9.487609813841174633e-01
2.897449636459350586e+02, 3.000000000000000000e+02, 5.790000000000000000e+02, 9.471901850573225534e-01
2.897765886783599854e+02, 2.810000000000000000e+02, 5.380000000000000000e+02, 9.487609813841174633e-01
2.898084847927093506e+02, 2.770000000000000000e+02, 5.300000000000000000e+02, 9.487609813841174633e-01
2.898405377864837646e+02, 2.840000000000000000e+02, 5.480000000000000000e+02, 9.471901850573225534e-01
2.898724048137664795e+02, 3.080000000000000000e+02, 5.910000000000000000e+02, 9.471901850573225534e-01
2.899044957160949707e+02, 3.350000000000000000e+02, 6.290000000000000000e+02, 9.471901850573225534e-01
2.899365386962890625e+02, 3.370000000000000000e+02, 6.290000000000000000e+02, 9.471901850573225534e-01
2.899682817459106445e+02, 3.370000000000000000e+02, 6.300000000000000000e+02, 9.471901850573225534e-01
2.900006847381591797e+02, 3.370000000000000000e+02, 6.300000000000000000e+02, 9.471901850573225534e-01
2.900326988697052002e+02, 3.370000000000000000e+02, 6.300000000000000000e+02, 9.471901850573225534e-01
2.900645596981048584e+02, 3.370000000000000000e+02, 6.310000000000000000e+02, 9.471901850573225534e-01
2.900963959693908691e+02, 3.370000000000000000e+02, 6.310000000000000000e+02, 9.471901850573225534e-01
2.901283767223358154e+02, 3.370000000000000000e+02, 6.310000000000000000e+02, 9.471901850573225534e-01
2.901601147651672363e+02, 3.370000000000000000e+02, 6.310000000000000000e+02, 9.471901850573225534e-01
2.901924018859863281e+02, 3.370000000000000000e+02, 6.310000000000000000e+02, 9.471901850573225534e-01
2.902243857383728027e+02, 3.370000000000000000e+02, 6.300000000000000000e+02, 9.471901850573225534e-01
2.902557256221771240e+02, 3.370000000000000000e+02, 6.300000000000000000e+02, 9.471901850573225534e-01
2.902887248992919922e+02, 3.370000000000000000e+02, 6.310000000000000000e+02, 9.471901850573225534e-01
2.903205959796905518e+02, 3.370000000000000000e+02, 6.300000000000000000e+02, 9.471901850573225534e-01
2.903524248600006104e+02, 3.370000000000000000e+02, 6.300000000000000000e+02, 9.471901850573225534e-01
2.903847548961639404e+02, 3.380000000000000000e+02, 6.310000000000000000e+02, 9.471901850573225534e-01
2.904172668457031250e+02, 3.370000000000000000e+02, 6.310000000000000000e+02, 9.440485924037328447e-01
2.904482429027557373e+02, 3.370000000000000000e+02, 6.310000000000000000e+02, 9.204866475018093075e-01
2.904803299903869629e+02, 3.370000000000000000e+02, 6.300000000000000000e+02, 9.079202768874501395e-01
2.905125818252563477e+02, 3.320000000000000000e+02, 6.240000000000000000e+02, 9.063494805606552296e-01
2.905439057350158691e+02, 3.300000000000000000e+02, 6.210000000000000000e+02, 9.063494805606552296e-01
2.905763309001922607e+02, 3.300000000000000000e+02, 6.210000000000000000e+02, 9.063494805606552296e-01
2.906085188388824463e+02, 3.300000000000000000e+02, 6.210000000000000000e+02, 9.063494805606552296e-01
2.906408786773681641e+02, 3.300000000000000000e+02, 6.210000000000000000e+02, 9.063494805606552296e-01
2.906723427772521973e+02, 3.300000000000000000e+02, 6.210000000000000000e+02, 9.063494805606552296e-01
2.907043457031250000e+02, 3.300000000000000000e+02, 6.210000000000000000e+02, 9.063494805606552296e-01
2.907362947463989258e+02, 3.300000000000000000e+02, 6.210000000000000000e+02, 9.063494805606552296e-01
2.907683088779449463e+02, 3.290000000000000000e+02, 6.210000000000000000e+02, 9.079202768874501395e-01
2.908005409240722656e+02, 3.300000000000000000e+02, 6.210000000000000000e+02, 9.063494805606552296e-01
2.908322570323944092e+02, 3.300000000000000000e+02, 6.210000000000000000e+02, 9.063494805606552296e-01
2.908643126487731934e+02, 3.300000000000000000e+02, 6.220000000000000000e+02, 9.063494805606552296e-01
2.908962848186492920e+02, 3.300000000000000000e+02, 6.210000000000000000e+02, 9.063494805606552296e-01
2.909282627105712891e+02, 3.300000000000000000e+02, 6.210000000000000000e+02, 9.063494805606552296e-01
2.909607627391815186e+02, 3.300000000000000000e+02, 6.210000000000000000e+02, 9.063494805606552296e-01
2.909929296970367432e+02, 3.300000000000000000e+02, 6.220000000000000000e+02, 9.063494805606552296e-01
2.910243928432464600e+02, 3.300000000000000000e+02, 6.210000000000000000e+02, 9.063494805606552296e-01
2.910565786361694336e+02, 3.290000000000000000e+02, 6.210000000000000000e+02, 9.063494805606552296e-01
2.910886819362640381e+02, 3.300000000000000000e+02, 6.210000000000000000e+02, 9.063494805606552296e-01
2.911205136775970459e+02, 3.300000000000000000e+02, 6.210000000000000000e+02, 9.079202768874501395e-01
2.911523289680480957e+02, 3.290000000000000000e+02, 6.210000000000000000e+02, 9.063494805606552296e-01
2.911845698356628418e+02, 3.300000000000000000e+02, 6.210000000000000000e+02, 9.063494805606552296e-01
2.912169079780578613e+02, 3.300000000000000000e+02, 6.210000000000000000e+02, 9.157742585214246889e-01
2.912483959197998047e+02, 3.300000000000000000e+02, 6.210000000000000000e+02, 1.010022038129118505e+00
2.912806928157806396e+02, 3.300000000000000000e+02, 6.220000000000000000e+02, 1.057145927932965357e+00
2.913124568462371826e+02, 3.400000000000000000e+02, 6.330000000000000000e+02, 1.068141502220529837e+00
2.913442428112030029e+02, 3.630000000000000000e+02, 6.550000000000000000e+02, 1.068141502220529837e+00
2.913770177364349365e+02, 3.690000000000000000e+02, 6.580000000000000000e+02, 1.068141502220529837e+00
2.914083108901977539e+02, 3.680000000000000000e+02, 6.580000000000000000e+02, 1.068141502220529837e+00
2.914403729438781738e+02, 3.690000000000000000e+02, 6.580000000000000000e+02, 1.068141502220529837e+00
2.914728336334228516e+02, 3.690000000000000000e+02, 6.580000000000000000e+02, 1.068141502220529837e+00
2.915045309066772461e+02, 3.690000000000000000e+02, 6.580000000000000000e+02, 1.068141502220529837e+00
2.915363578796386719e+02, 3.690000000000000000e+02, 6.580000000000000000e+02, 1.068141502220529837e+00
2.915685329437255859e+02, 3.690000000000000000e+02, 6.580000000000000000e+02, 1.068141502220529837e+00
2.916006658077239990e+02, 3.690000000000000000e+02, 6.580000000000000000e+02, 1.068141502220529837e+00
2.916324617862701416e+02, 3.690000000000000000e+02, 6.580000000000000000e+02, 1.068141502220529837e+00
2.916646299362182617e+02, 3.680000000000000000e+02, 6.580000000000000000e+02, 1.068141502220529837e+00
2.916965758800506592e+02, 3.680000000000000000e+02, 6.580000000000000000e+02, 1.068141502220529837e+00
2.917284817695617676e+02, 3.690000000000000000e+02, 6.580000000000000000e+02, 1.068141502220529837e+00
2.917603547573089600e+02, 3.680000000000000000e+02, 6.580000000000000000e+02, 1.068141502220529837e+00
2.917923829555511475e+02, 3.690000000000000000e+02, 6.580000000000000000e+02, 1.068141502220529837e+00
2.918246557712554932e+02, 3.690000000000000000e+02, 6.580000000000000000e+02, 1.068141502220529837e+00
2.918567647933959961e+02, 3.680000000000000000e+02, 6.580000000000000000e+02, 1.068141502220529837e+00
2.918884758949279785e+02, 3.680000000000000000e+02, 6.580000000000000000e+02, 1.068141502220529837e+00
2.919205987453460693e+02, 3.690000000000000000e+02, 6.580000000000000000e+02, 1.068141502220529837e+00
2.919522576332092285e+02, 3.680000000000000000e+02, 6.580000000000000000e+02, 1.068141502220529837e+00
2.919843368530273438e+02, 3.680000000000000000e+02, 6.580000000000000000e+02, 1.068141502220529837e+00
2.920165798664093018e+02, 3.690000000000000000e+02, 6.580000000000000000e+02, 1.066570705893734816e+00
2.920486619472503662e+02, 3.680000000000000000e+02, 6.580000000000000000e+02, 9.943140748611695168e-01
2.920804817676544189e+02, 3.680000000000000000e+02, 6.580000000000000000e+02, 9.503317777109123732e-01
2.921121268272399902e+02, 3.420000000000000000e+02, 6.360000000000000000e+02, 9.424777960769379348e-01
2.921443347930908203e+02, 3.300000000000000000e+02, 6.220000000000000000e+02, 9.393362034233481150e-01
2.921765108108520508e+02, 3.360000000000000000e+02, 6.290000000000000000e+02, 9.393362034233481150e-01
2.922085947990417480e+02, 3.370000000000000000e+02, 6.290000000000000000e+02, 9.377654070965532052e-01
2.922404029369354248e+02, 3.370000000000000000e+02, 6.300000000000000000e+02, 9.377654070965532052e-01
2.922725908756256104e+02, 3.370000000000000000e+02, 6.290000000000000000e+02, 9.377654070965532052e-01
2.923042817115783691e+02, 3.360000000000000000e+02, 6.290000000000000000e+02, 9.377654070965532052e-01
2.923366489410400391e+02, 3.370000000000000000e+02, 6.290000000000000000e+02, 9.393362034233481150e-01
2.923684527873992920e+02, 3.370000000000000000e+02, 6.290000000000000000e+02, 9.393362034233481150e-01
2.924003498554229736e+02, 3.370000000000000000e+02, 6.290000000000000000e+02, 9.393362034233481150e-01
2.924324967861175537e+02, 3.370000000000000000e+02, 6.290000000000000000e+02, 9.377654070965532052e-01
2.924646577835083008e+02, 3.360000000000000000e+02, 6.290000000000000000e+02, 9.377654070965532052e-01
2.924961779117584229e+02, 3.370000000000000000e+02, 6.290000000000000000e+02, 9.377654070965532052e-01
2.925283038616180420e+02, 3.370000000000000000e+02, 6.300000000000000000e+02, 9.393362034233481150e-01
2.925602009296417236e+02, 3.370000000000000000e+02, 6.290000000000000000e+02, 9.377654070965532052e-01
2.925924868583679199e+02, 3.370000000000000000e+02, 6.290000000000000000e+02, 9.377654070965532052e-01
2.926243298053741455e+02, 3.370000000000000000e+02, 6.290000000000000000e+02, 9.377654070965532052e-01
2.926561436653137207e+02, 3.370000000000000000e+02, 6.290000000000000000e+02, 9.393362034233481150e-01
2.926884117126464844e+02, 3.370000000000000000e+02, 6.290000000000000000e+02, 9.393362034233481150e-01
2.927202978134155273e+02, 3.370000000000000000e+02, 6.290000000000000000e+02, 9.393362034233481150e-01
2.927522397041320801e+02, 3.370000000000000000e+02, 6.290000000000000000e+02, 9.393362034233481150e-01
2.927847559452056885e+02, 3.370000000000000000e+02, 6.300000000000000000e+02, 9.377654070965532052e-01
2.928171687126159668e+02, 3.370000000000000000e+02, 6.290000000000000000e+02, 9.409069997501430249e-01
2.928485157489776611e+02, 3.370000000000000000e+02, 6.290000000000000000e+02, 1.080707872834888672e+00
2.928802218437194824e+02, 3.370000000000000000e+02, 6.290000000000000000e+02, 1.168672467135402959e+00
2.929125130176544189e+02, 3.460000000000000000e+02, 6.410000000000000000e+02, 1.185951226730146857e+00
2.929442119598388672e+02, 3.720000000000000000e+02, 6.590000000000000000e+02, 1.187522023056941878e+00
2.929764018058776855e+02, 4.030000000000000000e+02, 6.730000000000000000e+02, 1.185951226730146857e+00
2.930081956386566162e+02, 4.060000000000000000e+02, 6.740000000000000000e+02, 1.185951226730146857e+00
2.930406236648559570e+02, 4.060000000000000000e+02, 6.740000000000000000e+02, 1.185951226730146857e+00
2.930726437568664551e+02, 4.060000000000000000e+02, 6.740000000000000000e+02, 1.185951226730146857e+00
2.931042597293853760e+02, 4.060000000000000000e+02, 6.740000000000000000e+02, 1.185951226730146857e+00
2.931363599300384521e+02, 4.060000000000000000e+02, 6.740000000000000000e+02, 1.185951226730146857e+00
2.931680839061737061e+02, 4.060000000000000000e+02, 6.740000000000000000e+02, 1.187522023056941878e+00
2.932000639438629150e+02, 4.060000000000000000e+02, 6.740000000000000000e+02, 1.185951226730146857e+00
2.932324128150939941e+02, 4.060000000000000000e+02, 6.740000000000000000e+02, 1.185951226730146857e+00
2.932642679214477539e+02, 4.060000000000000000e+02, 6.740000000000000000e+02, 1.185951226730146857e+00
2.932962639331817627e+02, 4.060000000000000000e+02, 6.740000000000000000e+02, 1.185951226730146857e+00
2.933282146453857422e+02, 4.060000000000000000e+02, 6.740000000000000000e+02, 1.187522023056941878e+00
2.933599927425384521e+02, 4.060000000000000000e+02, 6.740000000000000000e+02, 1.185951226730146857e+00
2.933920886516571045e+02, 4.060000000000000000e+02, 6.740000000000000000e+02, 1.187522023056941878e+00
2.934242217540740967e+02, 4.060000000000000000e+02, 6.740000000000000000e+02, 1.185951226730146857e+00
2.934560837745666504e+02, 4.060000000000000000e+02, 6.740000000000000000e+02, 1.185951226730146857e+00
2.934883809089660645e+02, 4.060000000000000000e+02, 6.740000000000000000e+02, 1.185951226730146857e+00
2.935202767848968506e+02, 4.060000000000000000e+02, 6.740000000000000000e+02, 1.185951226730146857e+00
2.935520389080047607e+02, 4.060000000000000000e+02, 6.740000000000000000e+02, 1.187522023056941878e+00
2.935842859745025635e+02, 4.060000000000000000e+02, 6.740000000000000000e+02, 1.185951226730146857e+00
2.936166746616363525e+02, 4.060000000000000000e+02, 6.740000000000000000e+02, 1.185951226730146857e+00
2.936480698585510254e+02, 4.060000000000000000e+02, 6.740000000000000000e+02, 1.192234412037326496e+00
2.936804826259613037e+02, 4.060000000000000000e+02, 6.740000000000000000e+02, 1.196946801017711115e+00
2.937122387886047363e+02, 4.060000000000000000e+02, 6.740000000000000000e+02, 1.200088393671300935e+00
2.937439649105072021e+02, 4.070000000000000000e+02, 6.750000000000000000e+02, 1.203229986324890755e+00
2.937762818336486816e+02, 4.090000000000000000e+02, 6.750000000000000000e+02, 1.203229986324890755e+00
2.938085107803344727e+02, 4.100000000000000000e+02, 6.750000000000000000e+02, 1.203229986324890755e+00
2.938402197360992432e+02, 4.100000000000000000e+02, 6.750000000000000000e+02, 1.203229986324890755e+00
2.938723189830780029e+02, 4.100000000000000000e+02, 6.760000000000000000e+02, 1.203229986324890755e+00
2.939045438766479492e+02, 4.100000000000000000e+02, 6.750000000000000000e+02, 1.203229986324890755e+00
2.939363069534301758e+02, 4.100000000000000000e+02, 6.750000000000000000e+02, 1.203229986324890755e+00
2.939683928489685059e+02, 4.100000000000000000e+02, 6.750000000000000000e+02, 1.203229986324890755e+00
2.940000748634338379e+02, 4.100000000000000000e+02, 6.750000000000000000e+02, 1.203229986324890755e+00
2.940324518680572510e+02, 4.100000000000000000e+02, 6.750000000000000000e+02, 1.203229986324890755e+00
2.940642538070678711e+02, 4.100000000000000000e+02, 6.750000000000000000e+02, 1.203229986324890755e+00
2.940959768295288086e+02, 4.100000000000000000e+02, 6.750000000000000000e+02, 1.203229986324890755e+00
2.941281278133392334e+02, 4.090000000000000000e+02, 6.750000000000000000e+02, 1.203229986324890755e+00
2.941600010395050049e+02, 4.100000000000000000e+02, 6.750000000000000000e+02, 1.203229986324890755e+00
2.941920077800750732e+02, 4.100000000000000000e+02, 6.760000000000000000e+02, 1.203229986324890755e+00
2.942241888046264648e+02, 4.100000000000000000e+02, 6.750000000000000000e+02, 1.203229986324890755e+00
2.942559616565704346e+02, 4.090000000000000000e+02, 6.750000000000000000e+02, 1.203229986324890755e+00
2.942881627082824707e+02, 4.090000000000000000e+02, 6.750000000000000000e+02, 1.203229986324890755e+00
2.943201658725738525e+02, 4.100000000000000000e+02, 6.750000000000000000e+02, 1.203229986324890755e+00
2.943523688316345215e+02, 4.090000000000000000e+02, 6.750000000000000000e+02, 1.203229986324890755e+00
2.943846089839935303e+02, 4.100000000000000000e+02, 6.750000000000000000e+02, 1.203229986324890755e+00
2.944165036678314209e+02, 4.100000000000000000e+02, 6.750000000000000000e+02, 1.203229986324890755e+00
2.944481918811798096e+02, 4.100000000000000000e+02, 6.750000000000000000e+02, 1.218937949592839853e+00
2.944801437854766846e+02, 4.100000000000000000e+02, 6.750000000000000000e+02, 1.226791931226814292e+00
2.945118088722229004e+02, 4.120000000000000000e+02, 6.760000000000000000e+02, 1.226791931226814292e+00
2.945442519187927246e+02, 4.120000000000000000e+02, 6.760000000000000000e+02, 1.226791931226814292e+00
2.945758569240570068e+02, 4.120000000000000000e+02, 6.760000000000000000e+02, 1.226791931226814292e+00
2.946079888343811035e+02, 4.110000000000000000e+02, 6.760000000000000000e+02, 1.226791931226814292e+00
2.946403126716613770e+02, 4.120000000000000000e+02, 6.760000000000000000e+02, 1.226791931226814292e+00
2.946725168228149414e+02, 4.120000000000000000e+02, 6.760000000000000000e+02, 1.226791931226814292e+00
2.947043750286102295e+02, 4.120000000000000000e+02, 6.760000000000000000e+02, 1.226791931226814292e+00
2.947363657951354980e+02, 4.120000000000000000e+02, 6.760000000000000000e+02, 1.226791931226814292e+00
2.947683787345886230e+02, 4.120000000000000000e+02, 6.760000000000000000e+02, 1.226791931226814292e+00
2.948000998497009277e+02, 4.120000000000000000e+02, 6.760000000000000000e+02, 1.226791931226814292e+00
2.948319258689880371e+02, 4.120000000000000000e+02, 6.760000000000000000e+02, 1.226791931226814292e+00
2.948640508651733398e+02, 4.120000000000000000e+02, 6.760000000000000000e+02, 1.226791931226814292e+00
2.948960158824920654e+02, 4.120000000000000000e+02, 6.760000000000000000e+02, 1.226791931226814292e+00
2.949279658794403076e+02, 4.120000000000000000e+02, 6.760000000000000000e+02, 1.226791931226814292e+00
2.949600777626037598e+02, 4.120000000000000000e+02, 6.760000000000000000e+02, 1.226791931226814292e+00
2.949925758838653564e+02, 4.120000000000000000e+02, 6.760000000000000000e+02, 1.226791931226814292e+00
2.950241179466247559e+02, 4.120000000000000000e+02, 6.760000000000000000e+02, 1.226791931226814292e+00
2.950564868450164795e+02, 4.120000000000000000e+02, 6.760000000000000000e+02, 1.226791931226814292e+00
2.950882248878479004e+02, 4.120000000000000000e+02, 6.760000000000000000e+02, 1.226791931226814292e+00
2.951202008724212646e+02, 4.120000000000000000e+02, 6.760000000000000000e+02, 1.226791931226814292e+00
2.951523749828338623e+02, 4.120000000000000000e+02, 6.760000000000000000e+02, 1.226791931226814292e+00
2.951840908527374268e+02, 4.120000000000000000e+02, 6.760000000000000000e+02, 1.226791931226814292e+00
2.952165808677673340e+02, 4.120000000000000000e+02, 6.760000000000000000e+02, 1.220508745919634652e+00
2.952482759952545166e+02, 4.120000000000000000e+02, 6.760000000000000000e+02, 1.050862742625785939e+00
2.952799029350280762e+02, 4.110000000000000000e+02, 6.760000000000000000e+02, 9.361946107697582953e-01
2.953122837543487549e+02, 3.400000000000000000e+02, 6.360000000000000000e+02, 9.110618695410399592e-01
2.953442728519439697e+02, 2.940000000000000000e+02, 5.660000000000000000e+02, 9.094910732142450493e-01
2.953762249946594238e+02, 2.750000000000000000e+02, 5.220000000000000000e+02, 9.110618695410399592e-01
2.954082717895507812e+02, 2.700000000000000000e+02, 5.100000000000000000e+02, 9.094910732142450493e-01
2.954402508735656738e+02, 2.770000000000000000e+02, 5.270000000000000000e+02, 9.094910732142450493e-01
2.954724118709564209e+02, 2.950000000000000000e+02, 5.700000000000000000e+02, 9.094910732142450493e-01
2.955043148994445801e+02, 3.290000000000000000e+02, 6.210000000000000000e+02, 9.110618695410399592e-01
2.955361158847808838e+02, 3.280000000000000000e+02, 6.190000000000000000e+02, 9.110618695410399592e-01
2.955681028366088867e+02, 3.300000000000000000e+02, 6.210000000000000000e+02, 9.094910732142450493e-01
2.956002378463745117e+02, 3.300000000000000000e+02, 6.210000000000000000e+02, 9.110618695410399592e-01
2.956320576667785645e+02, 3.290000000000000000e+02, 6.200000000000000000e+02, 9.094910732142450493e-01
2.956639769077301025e+02, 3.300000000000000000e+02, 6.200000000000000000e+02, 9.094910732142450493e-01
2.956963829994201660e+02, 3.300000000000000000e+02, 6.210000000000000000e+02, 9.094910732142450493e-01
2.957271568775177002e+02, 3.290000000000000000e+02, 6.200000000000000000e+02, 9.094910732142450493e-01
2.957598416805267334e+02, 3.300000000000000000e+02, 6.200000000000000000e+02, 9.110618695410399592e-01
2.957920126914978027e+02, 3.290000000000000000e+02, 6.200000000000000000e+02, 9.094910732142450493e-01
2.958247008323669434e+02, 3.290000000000000000e+02, 6.210000000000000000e+02, 9.094910732142450493e-01
2.958560528755187988e+02, 3.300000000000000000e+02, 6.210000000000000000e+02, 9.094910732142450493e-01
2.958881738185882568e+02, 3.300000000000000000e+02, 6.210000000000000000e+02, 9.094910732142450493e-01
2.959200367927551270e+02, 3.300000000000000000e+02, 6.210000000000000000e+02, 9.094910732142450493e-01
2.959522957801818848e+02, 3.300000000000000000e+02, 6.210000000000000000e+02, 9.094910732142450493e-01
2.959842917919158936e+02, 3.290000000000000000e+02, 6.220000000000000000e+02, 9.094910732142450493e-01
2.960170040130615234e+02, 3.290000000000000000e+02, 6.210000000000000000e+02, 9.094910732142450493e-01
2.960481069087982178e+02, 3.290000000000000000e+02, 6.210000000000000000e+02, 8.639379797371932179e-01
2.960801427364349365e+02, 3.290000000000000000e+02, 6.210000000000000000e+02, 8.356636458548850621e-01
2.961124777793884277e+02, 3.150000000000000000e+02, 6.020000000000000000e+02, 8.309512568745003325e-01
2.961439249515533447e+02, 3.110000000000000000e+02, 5.960000000000000000e+02, 8.293804605477054226e-01
2.961761317253112793e+02, 3.130000000000000000e+02, 5.980000000000000000e+02, 8.309512568745003325e-01
2.962082569599151611e+02, 3.120000000000000000e+02, 5.990000000000000000e+02, 8.293804605477054226e-01
2.962405266761779785e+02, 3.130000000000000000e+02, 5.980000000000000000e+02, 8.293804605477054226e-01
2.962720577716827393e+02, 3.120000000000000000e+02, 5.980000000000000000e+02, 8.293804605477054226e-01
2.963039166927337646e+02, 3.130000000000000000e+02, 5.990000000000000000e+02, 8.309512568745003325e-01
2.963362927436828613e+02, 3.130000000000000000e+02, 5.990000000000000000e+02, 8.309512568745003325e-01
2.963680667877197266e+02, 3.130000000000000000e+02, 5.980000000000000000e+02, 8.309512568745003325e-01
2.964001908302307129e+02, 3.120000000000000000e+02, 5.980000000000000000e+02, 8.309512568745003325e-01
2.964319398403167725e+02, 3.130000000000000000e+02, 5.980000000000000000e+02, 8.293804605477054226e-01
2.964643919467926025e+02, 3.130000000000000000e+02, 5.990000000000000000e+02, 8.309512568745003325e-01
2.964962208271026611e+02, 3.120000000000000000e+02, 5.980000000000000000e+02, 8.293804605477054226e-01
2.965281107425689697e+02, 3.130000000000000000e+02, 5.980000000000000000e+02, 8.293804605477054226e-01
2.965601458549499512e+02, 3.130000000000000000e+02, 5.980000000000000000e+02, 8.293804605477054226e-01
2.965920248031616211e+02, 3.130000000000000000e+02, 5.990000000000000000e+02, 8.309512568745003325e-01
2.966239597797393799e+02, 3.130000000000000000e+02, 5.990000000000000000e+02, 8.293804605477054226e-01
2.966562328338623047e+02, 3.120000000000000000e+02, 5.990000000000000000e+02, 8.309512568745003325e-01
2.966882047653198242e+02, 3.130000000000000000e+02, 5.980000000000000000e+02, 8.309512568745003325e-01
2.967203238010406494e+02, 3.130000000000000000e+02, 5.980000000000000000e+02, 8.309512568745003325e-01
2.967522249221801758e+02, 3.120000000000000000e+02, 5.980000000000000000e+02, 8.293804605477054226e-01
2.967846698760986328e+02, 3.130000000000000000e+02, 5.990000000000000000e+02, 8.293804605477054226e-01
2.968163158893585205e+02, 3.120000000000000000e+02, 5.980000000000000000e+02, 8.372344421816798610e-01
2.968482098579406738e+02, 3.130000000000000000e+02, 5.990000000000000000e+02, 1.017876019763092943e+00
2.968799448013305664e+02, 3.130000000000000000e+02, 5.980000000000000000e+02, 1.200088393671300935e+00
2.969120016098022461e+02, 3.240000000000000000e+02, 6.140000000000000000e+02, 1.244070690821558189e+00
2.969441909790039062e+02, 3.500000000000000000e+02, 6.450000000000000000e+02, 1.244070690821558189e+00
2.969760577678680420e+02, 3.940000000000000000e+02, 6.690000000000000000e+02, 1.244070690821558189e+00
2.970079038143157959e+02, 4.060000000000000000e+02, 6.740000000000000000e+02, 1.242499894494763168e+00
2.970398736000061035e+02, 4.120000000000000000e+02, 6.760000000000000000e+02, 1.242499894494763168e+00
2.970719468593597412e+02, 4.130000000000000000e+02, 6.760000000000000000e+02, 1.242499894494763168e+00
2.971040618419647217e+02, 4.120000000000000000e+02, 6.760000000000000000e+02, 1.244070690821558189e+00
2.971359927654266357e+02, 4.120000000000000000e+02, 6.760000000000000000e+02, 1.242499894494763168e+00
2.971680078506469727e+02, 4.120000000000000000e+02, 6.770000000000000000e+02, 1.242499894494763168e+00
2.972000727653503418e+02, 4.120000000000000000e+02, 6.760000000000000000e+02, 1.244070690821558189e+00
2.972321107387542725e+02, 4.120000000000000000e+02, 6.770000000000000000e+02, 1.242499894494763168e+00
2.972642128467559814e+02, 4.120000000000000000e+02, 6.770000000000000000e+02, 1.244070690821558189e+00
2.972961008548736572e+02, 4.130000000000000000e+02, 6.760000000000000000e+02, 1.242499894494763168e+00
2.973280477523803711e+02, 4.130000000000000000e+02, 6.760000000000000000e+02, 1.242499894494763168e+00
2.973602197170257568e+02, 4.130000000000000000e+02, 6.760000000000000000e+02, 1.242499894494763168e+00
2.973923137187957764e+02, 4.130000000000000000e+02, 6.760000000000000000e+02, 1.242499894494763168e+00
2.974240047931671143e+02, 4.130000000000000000e+02, 6.760000000000000000e+02, 1.242499894494763168e+00
2.974558327198028564e+02, 4.130000000000000000e+02, 6.760000000000000000e+02, 1.242499894494763168e+00
2.974881258010864258e+02, 4.130000000000000000e+02, 6.760000000000000000e+02, 1.244070690821558189e+00
2.975201318264007568e+02, 4.130000000000000000e+02, 6.760000000000000000e+02, 1.244070690821558189e+00
2.975522398948669434e+02, 4.130000000000000000e+02, 6.760000000000000000e+02, 1.244070690821558189e+00
2.975842349529266357e+02, 4.130000000000000000e+02, 6.760000000000000000e+02, 1.242499894494763168e+00
2.976162097454071045e+02, 4.130000000000000000e+02, 6.760000000000000000e+02, 1.244070690821558189e+00
2.976481416225433350e+02, 4.130000000000000000e+02, 6.760000000000000000e+02, 1.242499894494763168e+00
2.976797847747802734e+02, 4.130000000000000000e+02, 6.760000000000000000e+02, 1.242499894494763168e+00
2.977119247913360596e+02, 4.120000000000000000e+02, 6.760000000000000000e+02, 1.242499894494763168e+00
2.977443687915802002e+02, 4.130000000000000000e+02, 6.760000000000000000e+02, 1.242499894494763168e+00
2.977756607532501221e+02, 4.120000000000000000e+02, 6.770000000000000000e+02, 1.242499894494763168e+00
2.978082878589630127e+02, 4.120000000000000000e+02, 6.770000000000000000e+02, 1.244070690821558189e+00
2.978401238918304443e+02, 4.130000000000000000e+02, 6.770000000000000000e+02, 1.244070690821558189e+00
2.978719937801361084e+02, 4.130000000000000000e+02, 6.760000000000000000e+02, 1.244070690821558189e+00
2.979040398597717285e+02, 4.130000000000000000e+02, 6.760000000000000000e+02, 1.242499894494763168e+00
2.979357278347015381e+02, 4.130000000000000000e+02, 6.760000000000000000e+02, 1.244070690821558189e+00
2.979675498008728027e+02, 4.130000000000000000e+02, 6.760000000000000000e+02, 1.242499894494763168e+00
2.980002827644348145e+02, 4.130000000000000000e+02, 6.760000000000000000e+02, 1.242499894494763168e+00
2.980320358276367188e+02, 4.130000000000000000e+02, 6.770000000000000000e+02, 1.244070690821558189e+00
2.980638508796691895e+02, 4.130000000000000000e+02, 6.760000000000000000e+02, 1.244070690821558189e+00
2.980959889888763428e+02, 4.130000000000000000e+02, 6.760000000000000000e+02, 1.244070690821558189e+00
2.981282038688659668e+02, 4.130000000000000000e+02, 6.760000000000000000e+02, 1.242499894494763168e+00
2.981599547863006592e+02, 4.120000000000000000e+02, 6.760000000000000000e+02, 1.244070690821558189e+00
2.981920440196990967e+02, 4.120000000000000000e+02, 6.760000000000000000e+02, 1.242499894494763168e+00
2.982241988182067871e+02, 4.130000000000000000e+02, 6.760000000000000000e+02, 1.242499894494763168e+00
2.982561278343200684e+02, 4.120000000000000000e+02, 6.760000000000000000e+02, 1.242499894494763168e+00
2.982879118919372559e+02, 4.130000000000000000e+02, 6.760000000000000000e+02, 1.242499894494763168e+00
2.983200318813323975e+02, 4.130000000000000000e+02, 6.760000000000000000e+02, 1.242499894494763168e+00
2.983519587516784668e+02, 4.130000000000000000e+02, 6.760000000000000000e+02, 1.244070690821558189e+00
2.983841967582702637e+02, 4.130000000000000000e+02, 6.770000000000000000e+02, 1.242499894494763168e+00
2.984160709381103516e+02, 4.130000000000000000e+02, 6.760000000000000000e+02, 1.239358301841173349e+00
2.984479470252990723e+02, 4.120000000000000000e+02, 6.760000000000000000e+02, 1.066570705893734816e+00
2.984801416397094727e+02, 4.120000000000000000e+02, 6.760000000000000000e+02, 8.340928495280901522e-01
2.985122108459472656e+02, 3.470000000000000000e+02, 6.430000000000000000e+02, 6.770132168486003854e-01
2.985441946983337402e+02, 2.970000000000000000e+02, 5.750000000000000000e+02, 6.408849013323177912e-01
2.985761897563934326e+02, 2.780000000000000000e+02, 5.300000000000000000e+02, 6.377433086787280825e-01
2.986081626415252686e+02, 2.740000000000000000e+02, 5.190000000000000000e+02, 6.377433086787280825e-01
2.986403336524963379e+02, 2.790000000000000000e+02, 5.330000000000000000e+02, 6.377433086787280825e-01
2.986721358299255371e+02, 2.780000000000000000e+02, 5.330000000000000000e+02, 6.377433086787280825e-01
2.987043116092681885e+02, 2.790000000000000000e+02, 5.330000000000000000e+02, 6.377433086787280825e-01
2.987358746528625488e+02, 2.780000000000000000e+02, 5.330000000000000000e+02, 6.377433086787280825e-01
2.987681407928466797e+02, 2.790000000000000000e+02, 5.330000000000000000e+02, 6.377433086787280825e-01
2.987999508380889893e+02, 2.790000000000000000e+02, 5.330000000000000000e+02, 6.377433086787280825e-01
2.988321189880371094e+02, 2.790000000000000000e+02, 5.330000000000000000e+02, 6.377433086787280825e-01
2.988640828132629395e+02, 2.790000000000000000e+02, 5.330000000000000000e+02, 6.393141050055228813e-01
2.988962278366088867e+02, 2.790000000000000000e+02, 5.330000000000000000e+02, 6.393141050055228813e-01
2.989281139373779297e+02, 2.790000000000000000e+02, 5.330000000000000000e+02, 6.393141050055228813e-01
2.989602427482604980e+02, 2.780000000000000000e+02, 5.330000000000000000e+02, 6.377433086787280825e-01
2.989919629096984863e+02, 2.790000000000000000e+02, 5.330000000000000000e+02, 6.377433086787280825e-01
2.990239517688751221e+02, 2.790000000000000000e+02, 5.330000000000000000e+02, 6.377433086787280825e-01
2.990560529232025146e+02, 2.780000000000000000e+02, 5.330000000000000000e+02, 6.377433086787280825e-01
2.990880978107452393e+02, 2.790000000000000000e+02, 5.330000000000000000e+02, 6.377433086787280825e-01
2.991200077533721924e+02, 2.790000000000000000e+02, 5.320000000000000000e+02, 6.377433086787280825e-01
2.991522257328033447e+02, 2.780000000000000000e+02, 5.330000000000000000e+02, 6.377433086787280825e-01
2.991844789981842041e+02, 2.780000000000000000e+02, 5.330000000000000000e+02, 6.377433086787280825e-01
2.992166049480438232e+02, 2.780000000000000000e+02, 5.330000000000000000e+02, 6.408849013323177912e-01
2.992482588291168213e+02, 2.780000000000000000e+02, 5.330000000000000000e+02, 8.058185156457819964e-01
2.992798089981079102e+02, 2.780000000000000000e+02, 5.330000000000000000e+02, 1.025730001397067381e+00
2.993115346431732178e+02, 2.860000000000000000e+02, 5.510000000000000000e+02, 1.134114947945915386e+00
2.993436727523803711e+02, 3.090000000000000000e+02, 5.920000000000000000e+02, 1.151393707540659062e+00
2.993761758804321289e+02, 3.520000000000000000e+02, 6.470000000000000000e+02, 1.151393707540659062e+00
2.994080808162689209e+02, 3.880000000000000000e+02, 6.680000000000000000e+02, 1.149822911213864263e+00
2.994399149417877197e+02, 3.900000000000000000e+02, 6.680000000000000000e+02, 1.149822911213864263e+00
2.994720377922058105e+02, 3.940000000000000000e+02, 6.700000000000000000e+02, 1.149822911213864263e+00
2.995038206577301025e+02, 3.940000000000000000e+02, 6.700000000000000000e+02, 1.149822911213864263e+00
2.995359196662902832e+02, 3.940000000000000000e+02, 6.700000000000000000e+02, 1.149822911213864263e+00
2.995682497024536133e+02, 3.950000000000000000e+02, 6.700000000000000000e+02, 1.151393707540659062e+00
2.995999658107757568e+02, 3.940000000000000000e+02, 6.700000000000000000e+02, 1.149822911213864263e+00
2.996318168640136719e+02, 3.950000000000000000e+02, 6.690000000000000000e+02, 1.151393707540659062e+00
2.996639997959136963e+02, 3.940000000000000000e+02, 6.690000000000000000e+02, 1.149822911213864263e+00
2.996960539817810059e+02, 3.950000000000000000e+02, 6.690000000000000000e+02, 1.149822911213864263e+00
2.997278656959533691e+02, 3.940000000000000000e+02, 6.690000000000000000e+02, 1.149822911213864263e+00
2.997600927352905273e+02, 3.940000000000000000e+02, 6.700000000000000000e+02, 1.149822911213864263e+00
2.997918877601623535e+02, 3.940000000000000000e+02, 6.700000000000000000e+02, 1.149822911213864263e+00
2.998239979743957520e+02, 3.940000000000000000e+02, 6.700000000000000000e+02, 1.149822911213864263e+00
2.998558237552642822e+02, 3.940000000000000000e+02, 6.700000000000000000e+02, 1.149822911213864263e+00
2.998877499103546143e+02, 3.940000000000000000e+02, 6.690000000000000000e+02, 1.149822911213864263e+00
2.999199948310852051e+02, 3.940000000000000000e+02, 6.700000000000000000e+02, 1.151393707540659062e+00
2.999517428874969482e+02, 3.940000000000000000e+02, 6.690000000000000000e+02, 1.149822911213864263e+00
2.999837508201599121e+02, 3.940000000000000000e+02, 6.700000000000000000e+02, 1.149822911213864263e+00
